file,scheme,snr_db,envelope_variance,std_over_mean
16qam_10dB_2020.wav,16qam,10,0.17976356075859576,0.42398533082949436
16qam_10dB_3020.wav,16qam,10,0.18212213676609226,0.426757702644126
16qam_10dB_4020.wav,16qam,10,0.17954029592157972,0.42372195591163286
16qam_10dB_5020.wav,16qam,10,0.1805723041312177,0.4249380003379525
16qam_10dB_6020.wav,16qam,10,0.18058386055474482,0.42495159789644843
16qam_10dB_7020.wav,16qam,10,0.181514381717468,0.42604504658248055
16qam_10dB_8020.wav,16qam,10,0.18083992045286668,0.4252527724223167
16qam_13dB_2021.wav,16qam,13,0.17225414901820477,0.4150351178131855
16qam_13dB_3021.wav,16qam,13,0.17235851882808284,0.4151608348918318
16qam_13dB_4021.wav,16qam,13,0.17114478347499312,0.4136964871436463
16qam_13dB_5021.wav,16qam,13,0.1713880036861257,0.4139903425034522
16qam_13dB_6021.wav,16qam,13,0.1727036507279946,0.4155762874948408
16qam_13dB_7021.wav,16qam,13,0.17012872196989295,0.4124666313411219
16qam_13dB_8021.wav,16qam,13,0.17330188459642773,0.4162954294685779
16qam_15dB_2022.wav,16qam,15,0.17143349033891722,0.4140452757113855
16qam_15dB_3022.wav,16qam,15,0.16655735605226762,0.40811439089092116
16qam_15dB_4022.wav,16qam,15,0.17345422383965273,0.4164783593893598
16qam_15dB_5022.wav,16qam,15,0.17053266491976526,0.4129560084558224
16qam_15dB_6022.wav,16qam,15,0.16944031341901133,0.4116312833337759
16qam_15dB_7022.wav,16qam,15,0.16965161587156838,0.4118878680800982
16qam_15dB_8022.wav,16qam,15,0.16856157610199102,0.4105625118078744
16qam_20dB_2023.wav,16qam,20,0.16410361874533697,0.4050970485517476
16qam_20dB_3023.wav,16qam,20,0.16344084484176125,0.40427817754828327
16qam_20dB_4023.wav,16qam,20,0.1652241207464941,0.40647770018353296
16qam_20dB_5023.wav,16qam,20,0.16414270242925155,0.4051452855819151
16qam_20dB_6023.wav,16qam,20,0.1658905029571042,0.40729657862189833
16qam_20dB_7023.wav,16qam,20,0.1630983158272651,0.40385432500750207
16qam_20dB_8023.wav,16qam,20,0.163385112916971,0.4042092439776347
16qam_4dB_2018.wav,16qam,4,0.21408963174715823,0.4626982080656443
16qam_4dB_3018.wav,16qam,4,0.21896684640921377,0.4679389344874112
16qam_4dB_4018.wav,16qam,4,0.2158952642715336,0.4646453101792093
16qam_4dB_5018.wav,16qam,4,0.21890816108085293,0.4678762241029703
16qam_4dB_6018.wav,16qam,4,0.21578870106015346,0.46453062445887616
16qam_4dB_7018.wav,16qam,4,0.21924331283514636,0.4682342499595116
16qam_4dB_8018.wav,16qam,4,0.22022845076691328,0.46928504212995464
16qam_8dB_2019.wav,16qam,8,0.19046433478860622,0.4364221978641854
16qam_8dB_3019.wav,16qam,8,0.1922312808171337,0.4384418784937562
16qam_8dB_4019.wav,16qam,8,0.18887181883153498,0.43459385503195397
16qam_8dB_5019.wav,16qam,8,0.1937827446903066,0.44020761543879117
16qam_8dB_6019.wav,16qam,8,0.19103947907842994,0.43708063223898397
16qam_8dB_7019.wav,16qam,8,0.1921767207713311,0.43837965369224324
16qam_8dB_8019.wav,16qam,8,0.1895101272018506,0.4353276090507591
2fsk_10dB_2026.wav,2fsk,10,0.04603646964523584,0.21456110934937822
2fsk_10dB_3026.wav,2fsk,10,0.046468237606651294,0.2155649266616703
2fsk_10dB_4026.wav,2fsk,10,0.046161241507799676,0.21485167327204988
2fsk_10dB_5026.wav,2fsk,10,0.04649681435280795,0.21563119985940798
2fsk_10dB_6026.wav,2fsk,10,0.0462078838928454,0.214960191414237
2fsk_10dB_7026.wav,2fsk,10,0.046701471352130756,0.21610523212576496
2fsk_10dB_8026.wav,2fsk,10,0.04654364167471337,0.21573975450693686
2fsk_13dB_2027.wav,2fsk,13,0.023992151111173105,0.15489399959705705
2fsk_13dB_3027.wav,2fsk,13,0.024087615315460095,0.15520185345368817
2fsk_13dB_4027.wav,2fsk,13,0.024238919802945253,0.15568853459052548
2fsk_13dB_5027.wav,2fsk,13,0.02410418329697262,0.15525521987029173
2fsk_13dB_6027.wav,2fsk,13,0.02400448593980824,0.15493381148028418
2fsk_13dB_7027.wav,2fsk,13,0.024158276608230524,0.15542932994847056
2fsk_13dB_8027.wav,2fsk,13,0.024180070330450172,0.15549942228333255
2fsk_15dB_2028.wav,2fsk,15,0.01553413250095663,0.12463600001988442
2fsk_15dB_3028.wav,2fsk,15,0.015409124486198645,0.12413349461848984
2fsk_15dB_4028.wav,2fsk,15,0.015484269682809122,0.12443580546936288
2fsk_15dB_5028.wav,2fsk,15,0.015462443934937729,0.12434807571867659
2fsk_15dB_6028.wav,2fsk,15,0.01542729722728965,0.12420667142826769
2fsk_15dB_7028.wav,2fsk,15,0.015490111805864513,0.12445927770103966
2fsk_15dB_8028.wav,2fsk,15,0.015374973285626538,0.12399585995357482
2fsk_20dB_2029.wav,2fsk,20,0.0049586650964110425,0.07041778963025638
2fsk_20dB_3029.wav,2fsk,20,0.004969040761570932,0.07049142331923035
2fsk_20dB_4029.wav,2fsk,20,0.004953987556107423,0.07038456901983149
2fsk_20dB_5029.wav,2fsk,20,0.0049452125873394185,0.07032220550679151
2fsk_20dB_6029.wav,2fsk,20,0.004960694959700931,0.07043220115615394
2fsk_20dB_7029.wav,2fsk,20,0.0049986334302827215,0.07070101435115851
2fsk_20dB_8029.wav,2fsk,20,0.004978937937197817,0.07056158967312044
2fsk_4dB_2024.wav,2fsk,4,0.14220356746427043,0.3770988828732729
2fsk_4dB_3024.wav,2fsk,4,0.1414689706283273,0.37612361083602197
2fsk_4dB_4024.wav,2fsk,4,0.14281208317855665,0.3779048599562549
2fsk_4dB_5024.wav,2fsk,4,0.14083956029445355,0.3752859713531183
2fsk_4dB_6024.wav,2fsk,4,0.1408787318956179,0.37533815672752735
2fsk_4dB_7024.wav,2fsk,4,0.14156414072342804,0.37625010395138503
2fsk_4dB_8024.wav,2fsk,4,0.14119690844801047,0.3757617708708677
2fsk_8dB_2025.wav,2fsk,8,0.06987508990907909,0.26433896782177063
2fsk_8dB_3025.wav,2fsk,8,0.06965033451993881,0.2639134981768435
2fsk_8dB_4025.wav,2fsk,8,0.07015188145412157,0.2648620045497685
2fsk_8dB_5025.wav,2fsk,8,0.06987218690276324,0.2643334766970753
2fsk_8dB_6025.wav,2fsk,8,0.06946813281087003,0.2635680800303216
2fsk_8dB_7025.wav,2fsk,8,0.06996323312400204,0.2645056391156945
2fsk_8dB_8025.wav,2fsk,8,0.07016024843237362,0.2648777990552882
4fsk_10dB_2032.wav,4fsk,10,0.04616654622635551,0.21486401798894925
4fsk_10dB_3032.wav,4fsk,10,0.04616460651018827,0.21485950411882707
4fsk_10dB_4032.wav,4fsk,10,0.046432110786578405,0.21548111468659709
4fsk_10dB_5032.wav,4fsk,10,0.0459519250261313,0.2143640012365213
4fsk_10dB_6032.wav,4fsk,10,0.045981483511008094,0.21443293476284864
4fsk_10dB_7032.wav,4fsk,10,0.046116118123110346,0.21474663704726635
4fsk_10dB_8032.wav,4fsk,10,0.04653477148055419,0.2157191959018812
4fsk_13dB_2033.wav,4fsk,13,0.02393124354288843,0.15469726417389684
4fsk_13dB_3033.wav,4fsk,13,0.0242471762992757,0.155715048403408
4fsk_13dB_4033.wav,4fsk,13,0.02402048611619413,0.1549854384004966
4fsk_13dB_5033.wav,4fsk,13,0.024040229516638718,0.15504911968998314
4fsk_13dB_6033.wav,4fsk,13,0.02418769587167603,0.1555239398667486
4fsk_13dB_7033.wav,4fsk,13,0.024252919947933084,0.15573349012955784
4fsk_13dB_8033.wav,4fsk,13,0.024110574726691248,0.15527580212863576
4fsk_15dB_2034.wav,4fsk,15,0.015335812968105537,0.12383784949725805
4fsk_15dB_3034.wav,4fsk,15,0.015500385607584348,0.12450054460758132
4fsk_15dB_4034.wav,4fsk,15,0.01545937072823212,0.12433571782972148
4fsk_15dB_5034.wav,4fsk,15,0.015431529501540635,0.1242237074858927
4fsk_15dB_6034.wav,4fsk,15,0.015444506046570017,0.1242759270597891
4fsk_15dB_7034.wav,4fsk,15,0.015279709535770044,0.1236111222170968
4fsk_15dB_8034.wav,4fsk,15,0.015513087011992237,0.12455154359538158
4fsk_20dB_2035.wav,4fsk,20,0.0049575223011972275,0.07040967476985835
4fsk_20dB_3035.wav,4fsk,20,0.004986529468116707,0.07061536283356977
4fsk_20dB_4035.wav,4fsk,20,0.004973868883537342,0.07052566117050829
4fsk_20dB_5035.wav,4fsk,20,0.00499367219286414,0.07066591959964959
4fsk_20dB_6035.wav,4fsk,20,0.004943572214547906,0.0703105412761693
4fsk_20dB_7035.wav,4fsk,20,0.004967652143372889,0.07048157307674743
4fsk_20dB_8035.wav,4fsk,20,0.004953764647048036,0.0703829854939959
4fsk_4dB_2030.wav,4fsk,4,0.14185512115989302,0.3766365903094029
4fsk_4dB_3030.wav,4fsk,4,0.14188128037754114,0.37667131610668353
4fsk_4dB_4030.wav,4fsk,4,0.14118935330230248,0.3757517176305419
4fsk_4dB_5030.wav,4fsk,4,0.14377708294864328,0.37917948645548233
4fsk_4dB_6030.wav,4fsk,4,0.14228115450158363,0.3772017424424013
4fsk_4dB_7030.wav,4fsk,4,0.1411051832363206,0.3756396986958655
4fsk_4dB_8030.wav,4fsk,4,0.1420408427754453,0.37688306246824793
4fsk_8dB_2031.wav,4fsk,8,0.06952385811999678,0.263673772150354
4fsk_8dB_3031.wav,4fsk,8,0.07018086035636878,0.26491670456271493
4fsk_8dB_4031.wav,4fsk,8,0.07001732972206438,0.2646078791760827
4fsk_8dB_5031.wav,4fsk,8,0.06976045846316517,0.26412205220913526
4fsk_8dB_6031.wav,4fsk,8,0.06945565714343,0.26354441208917706
4fsk_8dB_7031.wav,4fsk,8,0.07046556868316378,0.2654535151079446
4fsk_8dB_8031.wav,4fsk,8,0.069814186924359,0.2642237440586273
8psk_10dB_2014.wav,8psk,10,0.10906357697228862,0.33024775089663916
8psk_10dB_3014.wav,8psk,10,0.1089187819901523,0.3300284563339233
8psk_10dB_4014.wav,8psk,10,0.10842872316241117,0.3292851699703635
8psk_10dB_5014.wav,8psk,10,0.10769912893016692,0.32817545449068386
8psk_10dB_6014.wav,8psk,10,0.10813280580477377,0.32883553002188465
8psk_10dB_7014.wav,8psk,10,0.10836250637683839,0.3291846083534867
8psk_10dB_8014.wav,8psk,10,0.10843810055538489,0.3292994086775512
8psk_13dB_2015.wav,8psk,13,0.09276596325993852,0.30457505357454756
8psk_13dB_3015.wav,8psk,13,0.09240283186153465,0.3039783411059654
8psk_13dB_4015.wav,8psk,13,0.09193389980610105,0.30320603524023243
8psk_13dB_5015.wav,8psk,13,0.09257719129409875,0.3042650017568546
8psk_13dB_6015.wav,8psk,13,0.09158732452918215,0.30263397781673845
8psk_13dB_7015.wav,8psk,13,0.09215751220888885,0.30357455790775495
8psk_13dB_8015.wav,8psk,13,0.09364724201597538,0.30601836875582383
8psk_15dB_2016.wav,8psk,15,0.08620181882486082,0.29360146257275493
8psk_15dB_3016.wav,8psk,15,0.08688578713225648,0.2947639515481099
8psk_15dB_4016.wav,8psk,15,0.08712637718066228,0.2951717757182456
8psk_15dB_5016.wav,8psk,15,0.08639591383224424,0.2939318183392949
8psk_15dB_6016.wav,8psk,15,0.08635380653122951,0.2938601819424154
8psk_15dB_7016.wav,8psk,15,0.086483466883821,0.29408071491313575
8psk_15dB_8016.wav,8psk,15,0.08705008961492429,0.2950425217064894
8psk_20dB_2017.wav,8psk,20,0.07849405268317665,0.28016790087941307
8psk_20dB_3017.wav,8psk,20,0.07867911004033377,0.28049796797897447
8psk_20dB_4017.wav,8psk,20,0.07780016231288385,0.2789268045794162
8psk_20dB_5017.wav,8psk,20,0.07855057731171844,0.28026875907192805
8psk_20dB_6017.wav,8psk,20,0.07841591534062665,0.28002841880892493
8psk_20dB_7017.wav,8psk,20,0.08080679062751253,0.2842653524921962
8psk_20dB_8017.wav,8psk,20,0.07908535832256723,0.28122119109798116
8psk_4dB_2012.wav,8psk,4,0.17577759836216092,0.4192583909263605
8psk_4dB_3012.wav,8psk,4,0.17491083564329268,0.4182234278986445
8psk_4dB_4012.wav,8psk,4,0.17678980454383,0.42046379694788233
8psk_4dB_5012.wav,8psk,4,0.17597963111198736,0.4194992623497536
8psk_4dB_6012.wav,8psk,4,0.17684848475609896,0.420533571497091
8psk_4dB_7012.wav,8psk,4,0.1765133275725127,0.42013489211503574
8psk_4dB_8012.wav,8psk,4,0.17657506016940722,0.42020835328371003
8psk_8dB_2013.wav,8psk,8,0.12570438829881286,0.35454814665826817
8psk_8dB_3013.wav,8psk,8,0.12569518815570244,0.3545351719585836
8psk_8dB_4013.wav,8psk,8,0.12525849972246314,0.35391877560036733
8psk_8dB_5013.wav,8psk,8,0.12471022945186847,0.35314335538399766
8psk_8dB_6013.wav,8psk,8,0.1251876407022753,0.35381865510777594
8psk_8dB_7013.wav,8psk,8,0.12415068798504145,0.3523502348304049
8psk_8dB_8013.wav,8psk,8,0.12541164159266183,0.3541350612304037
bpsk_10dB_2002.wav,bpsk,10,0.17024822318028054,0.41261146758213174
bpsk_10dB_3002.wav,bpsk,10,0.1701846896024801,0.4125344708051438
bpsk_10dB_4002.wav,bpsk,10,0.17061461289974958,0.4130552177369868
bpsk_10dB_5002.wav,bpsk,10,0.17141273758299427,0.41402021397873107
bpsk_10dB_6002.wav,bpsk,10,0.17119480157774847,0.4137569353832616
bpsk_10dB_7002.wav,bpsk,10,0.17207411338878972,0.4148181690678335
bpsk_10dB_8002.wav,bpsk,10,0.1713495366820247,0.41394388107812957
bpsk_13dB_2003.wav,bpsk,13,0.16611620478182026,0.40757355751056795
bpsk_13dB_3003.wav,bpsk,13,0.1661566568266261,0.40762317994273345
bpsk_13dB_4003.wav,bpsk,13,0.16484866650057986,0.40601559883898536
bpsk_13dB_5003.wav,bpsk,13,0.16660156434492915,0.4081685489414013
bpsk_13dB_6003.wav,bpsk,13,0.16642923077868121,0.4079573884349703
bpsk_13dB_7003.wav,bpsk,13,0.1672300688272922,0.4089377322127321
bpsk_13dB_8003.wav,bpsk,13,0.16497048638432196,0.40616558985753826
bpsk_15dB_2004.wav,bpsk,15,0.16473436464044253,0.40587481400111847
bpsk_15dB_3004.wav,bpsk,15,0.16497792181594245,0.40617474295670136
bpsk_15dB_4004.wav,bpsk,15,0.16478378879994118,0.4059356954000734
bpsk_15dB_5004.wav,bpsk,15,0.1649159419202327,0.4060984387069626
bpsk_15dB_6004.wav,bpsk,15,0.16538243012332918,0.40667238672342776
bpsk_15dB_7004.wav,bpsk,15,0.16615799332875783,0.40762481932379657
bpsk_15dB_8004.wav,bpsk,15,0.1639067085076075,0.4048539347809374
bpsk_20dB_2005.wav,bpsk,20,0.1673722931479232,0.40911159009238934
bpsk_20dB_3005.wav,bpsk,20,0.16781324675713152,0.4096501516625272
bpsk_20dB_4005.wav,bpsk,20,0.16705359975628328,0.40872191005166736
bpsk_20dB_5005.wav,bpsk,20,0.16680095992119545,0.4084127323201316
bpsk_20dB_6005.wav,bpsk,20,0.16946460993790463,0.4116607947544977
bpsk_20dB_7005.wav,bpsk,20,0.1671124618300165,0.40879391119489106
bpsk_20dB_8005.wav,bpsk,20,0.16919687620716095,0.41133547890640426
bpsk_4dB_2000.wav,bpsk,4,0.20714380271437852,0.455130533709153
bpsk_4dB_3000.wav,bpsk,4,0.20595457593311067,0.45382218536901725
bpsk_4dB_4000.wav,bpsk,4,0.20722756470039289,0.4552225441477969
bpsk_4dB_5000.wav,bpsk,4,0.20706172469190384,0.4550403550146996
bpsk_4dB_6000.wav,bpsk,4,0.2072130584443602,0.45520661072128576
bpsk_4dB_7000.wav,bpsk,4,0.20665145516210887,0.4545893258338881
bpsk_4dB_8000.wav,bpsk,4,0.20546299769441498,0.4532802639586407
bpsk_8dB_2001.wav,bpsk,8,0.1792929079706825,0.42342993277599367
bpsk_8dB_3001.wav,bpsk,8,0.17814604371219916,0.42207350510568553
bpsk_8dB_4001.wav,bpsk,8,0.1779763820276074,0.42187247128440053
bpsk_8dB_5001.wav,bpsk,8,0.1794995701772602,0.42367389603002475
bpsk_8dB_6001.wav,bpsk,8,0.17804089028841058,0.4219489190511223
bpsk_8dB_7001.wav,bpsk,8,0.17759971050313425,0.4214258066411385
bpsk_8dB_8001.wav,bpsk,8,0.17725494800643507,0.4210165650024178
qpsk_10dB_2008.wav,qpsk,10,0.11062140052615814,0.33259795628680305
qpsk_10dB_3008.wav,qpsk,10,0.1108162848064894,0.3328908001229373
qpsk_10dB_4008.wav,qpsk,10,0.10985474644651075,0.331443428727303
qpsk_10dB_5008.wav,qpsk,10,0.11064383635788044,0.3326316827331402
qpsk_10dB_6008.wav,qpsk,10,0.11062584321777634,0.3326046349914209
qpsk_10dB_7008.wav,qpsk,10,0.11005585620235284,0.33174667474196756
qpsk_10dB_8008.wav,qpsk,10,0.11064695699884736,0.332636373535498
qpsk_13dB_2009.wav,qpsk,13,0.09575790197216714,0.30944773706098927
qpsk_13dB_3009.wav,qpsk,13,0.09570808185053988,0.3093672281456778
qpsk_13dB_4009.wav,qpsk,13,0.09467747838617449,0.30769705618704657
qpsk_13dB_5009.wav,qpsk,13,0.0968628518228107,0.3112279740364139
qpsk_13dB_6009.wav,qpsk,13,0.09610228242721351,0.31000368131235717
qpsk_13dB_7009.wav,qpsk,13,0.096953086172574,0.31137290532828
qpsk_13dB_8009.wav,qpsk,13,0.09528446275588602,0.30868181474762324
qpsk_15dB_2010.wav,qpsk,15,0.09041157331064084,0.30068517308081694
qpsk_15dB_3010.wav,qpsk,15,0.08959677973495495,0.29932721181836264
qpsk_15dB_4010.wav,qpsk,15,0.08973562555517596,0.2995590518665326
qpsk_15dB_5010.wav,qpsk,15,0.09078823839329227,0.30131086670296553
qpsk_15dB_6010.wav,qpsk,15,0.0898301689465526,0.2997168145876247
qpsk_15dB_7010.wav,qpsk,15,0.09087942218174686,0.30146214054462434
qpsk_15dB_8010.wav,qpsk,15,0.08956044634915168,0.29926651391218445
qpsk_20dB_2011.wav,qpsk,20,0.086009908249356,0.2932744589106866
qpsk_20dB_3011.wav,qpsk,20,0.08495573490420913,0.29147167084334136
qpsk_20dB_4011.wav,qpsk,20,0.08551478792149365,0.2924291160631815
qpsk_20dB_5011.wav,qpsk,20,0.0854870010271624,0.2923816017248049
qpsk_20dB_6011.wav,qpsk,20,0.08506728281900068,0.2916629609995083
qpsk_20dB_7011.wav,qpsk,20,0.08539605645081677,0.2922260365724053
qpsk_20dB_8011.wav,qpsk,20,0.08399494494388447,0.28981881399226733
qpsk_4dB_2006.wav,qpsk,4,0.17783096053713665,0.4217000836342538
qpsk_4dB_3006.wav,qpsk,4,0.17700844213108277,0.4207237123470494
qpsk_4dB_4006.wav,qpsk,4,0.17624674063927595,0.4198175087335877
qpsk_4dB_5006.wav,qpsk,4,0.17602124200145117,0.41954885532134534
qpsk_4dB_6006.wav,qpsk,4,0.17674535062052882,0.4204109306625231
qpsk_4dB_7006.wav,qpsk,4,0.17738797189741815,0.421174514776735
qpsk_4dB_8006.wav,qpsk,4,0.1753206156143988,0.4187130468643159
qpsk_8dB_2007.wav,qpsk,8,0.1281748378273637,0.3580151363104131
qpsk_8dB_3007.wav,qpsk,8,0.1264841731709892,0.355646134761773
qpsk_8dB_4007.wav,qpsk,8,0.12584576010808127,0.3547474596217445
qpsk_8dB_5007.wav,qpsk,8,0.12567882473960734,0.3545120939257324
qpsk_8dB_6007.wav,qpsk,8,0.12713236037383221,0.35655625134588825
qpsk_8dB_7007.wav,qpsk,8,0.12714670372252812,0.3565763645034933
qpsk_8dB_8007.wav,qpsk,8,0.12680027736615204,0.3560902657559626
