case,seed,path,plugin,declared_fs,raised,status,modulation,chain_runs,n_llrs,finite,rate_used,ber,reason,secs,trace
control: clean qpsk,0,blind search,,200000.0,,ok,qpsk,1,57772,True,49999.99515352464,0.0,,1.1213286998681724,
control: clean qpsk,0,plug-in,bpsk,200000.0,,low_confidence,bpsk,,,True,,,,1.4366832999512553,
control: clean qpsk,0,plug-in,qpsk,200000.0,,ok,qpsk,,,True,,,,1.694588900078088,
control: clean qpsk,0,plug-in,8psk,200000.0,,low_confidence,8psk,,,True,,,,1.934124999679625,
control: clean qpsk,0,plug-in,16qam,200000.0,,low_confidence,16qam,,,True,,,,1.753491799812764,
control: clean qpsk,0,plug-in,2fsk,200000.0,,low_confidence,2fsk,,,True,,,,0.08725140010938048,
control: clean qpsk,0,plug-in,4fsk,200000.0,,low_confidence,4fsk,,,True,,,,0.12120359996333718,
control: clean qpsk,1,blind search,,200000.0,,ok,qpsk,1,57772,True,49999.99834763731,0.0,,1.0451227999292314,
control: clean qpsk,1,plug-in,bpsk,200000.0,,low_confidence,bpsk,,,True,,,,1.5617495002225041,
control: clean qpsk,1,plug-in,qpsk,200000.0,,ok,qpsk,,,True,,,,1.6313671004027128,
control: clean qpsk,1,plug-in,8psk,200000.0,,low_confidence,8psk,,,True,,,,1.815629799850285,
control: clean qpsk,1,plug-in,16qam,200000.0,,low_confidence,16qam,,,True,,,,1.7049144003540277,
control: clean qpsk,1,plug-in,2fsk,200000.0,,low_confidence,2fsk,,,True,,,,0.08964130003005266,
control: clean qpsk,1,plug-in,4fsk,200000.0,,low_confidence,4fsk,,,True,,,,0.11787910014390945,
control: clean qpsk,2,blind search,,200000.0,,ok,qpsk,1,57772,True,50000.00365234455,0.0,,1.0889407000504434,
control: clean qpsk,2,plug-in,bpsk,200000.0,,low_confidence,bpsk,,,True,,,,1.5384601997211576,
control: clean qpsk,2,plug-in,qpsk,200000.0,,ok,qpsk,,,True,,,,1.7145902998745441,
control: clean qpsk,2,plug-in,8psk,200000.0,,low_confidence,8psk,,,True,,,,1.87831320008263,
control: clean qpsk,2,plug-in,16qam,200000.0,,low_confidence,16qam,,,True,,,,1.7925951997749507,
control: clean qpsk,2,plug-in,2fsk,200000.0,,low_confidence,2fsk,,,True,,,,0.08262379979714751,
control: clean qpsk,2,plug-in,4fsk,200000.0,,low_confidence,4fsk,,,True,,,,0.11161899985745549,
control: clean qpsk,3,blind search,,200000.0,,ok,qpsk,1,57772,True,49999.99858705233,0.0,,0.9918148000724614,
control: clean qpsk,3,plug-in,bpsk,200000.0,,low_confidence,bpsk,,,True,,,,1.5469829998910427,
control: clean qpsk,3,plug-in,qpsk,200000.0,,ok,qpsk,,,True,,,,1.6025475999340415,
control: clean qpsk,3,plug-in,8psk,200000.0,,low_confidence,8psk,,,True,,,,1.9408199996687472,
control: clean qpsk,3,plug-in,16qam,200000.0,,low_confidence,16qam,,,True,,,,1.8462410001084208,
control: clean qpsk,3,plug-in,2fsk,200000.0,,low_confidence,2fsk,,,True,,,,0.08054469991475344,
control: clean qpsk,3,plug-in,4fsk,200000.0,,low_confidence,4fsk,,,True,,,,0.11657830001786351,
control: clean qpsk,4,blind search,,200000.0,,ok,qpsk,1,57772,True,49999.992260875995,0.0,,1.0019231997430325,
control: clean qpsk,4,plug-in,bpsk,200000.0,,low_confidence,bpsk,,,True,,,,1.5702013997361064,
control: clean qpsk,4,plug-in,qpsk,200000.0,,ok,qpsk,,,True,,,,1.6399151999503374,
control: clean qpsk,4,plug-in,8psk,200000.0,,low_confidence,8psk,,,True,,,,1.9358117002993822,
control: clean qpsk,4,plug-in,16qam,200000.0,,low_confidence,16qam,,,True,,,,1.7398753999732435,
control: clean qpsk,4,plug-in,2fsk,200000.0,,low_confidence,2fsk,,,True,,,,0.08626620005816221,
control: clean qpsk,4,plug-in,4fsk,200000.0,,low_confidence,4fsk,,,True,,,,0.10652010003104806,
control: clean qpsk,5,blind search,,200000.0,,ok,qpsk,1,57772,True,49999.99111366944,0.0,,1.038497599773109,
control: clean qpsk,5,plug-in,bpsk,200000.0,,low_confidence,bpsk,,,True,,,,1.4944489998742938,
control: clean qpsk,5,plug-in,qpsk,200000.0,,ok,qpsk,,,True,,,,1.5643334002234042,
control: clean qpsk,5,plug-in,8psk,200000.0,,low_confidence,8psk,,,True,,,,1.8022893997840583,
control: clean qpsk,5,plug-in,16qam,200000.0,,low_confidence,16qam,,,True,,,,1.7925428003072739,
control: clean qpsk,5,plug-in,2fsk,200000.0,,low_confidence,2fsk,,,True,,,,0.07926830044016242,
control: clean qpsk,5,plug-in,4fsk,200000.0,,low_confidence,4fsk,,,True,,,,0.11248400015756488,
control: clean qpsk,6,blind search,,200000.0,,ok,qpsk,1,57774,True,50000.001466144204,0.0,,1.0312224002555013,
control: clean qpsk,6,plug-in,bpsk,200000.0,,low_confidence,bpsk,,,True,,,,1.4805954000912607,
control: clean qpsk,6,plug-in,qpsk,200000.0,,ok,qpsk,,,True,,,,1.599667300004512,
control: clean qpsk,6,plug-in,8psk,200000.0,,low_confidence,8psk,,,True,,,,1.9809426004067063,
control: clean qpsk,6,plug-in,16qam,200000.0,,low_confidence,16qam,,,True,,,,1.7487257001921535,
control: clean qpsk,6,plug-in,2fsk,200000.0,,low_confidence,2fsk,,,True,,,,0.07298969989642501,
control: clean qpsk,6,plug-in,4fsk,200000.0,,low_confidence,4fsk,,,True,,,,0.10725930007174611,
control: clean qpsk,7,blind search,,200000.0,,ok,qpsk,1,57772,True,49999.9959430383,0.0,,1.0077150003053248,
control: clean qpsk,7,plug-in,bpsk,200000.0,,low_confidence,bpsk,,,True,,,,1.4810208003036678,
control: clean qpsk,7,plug-in,qpsk,200000.0,,ok,qpsk,,,True,,,,1.6088160001672804,
control: clean qpsk,7,plug-in,8psk,200000.0,,low_confidence,8psk,,,True,,,,1.7850259002298117,
control: clean qpsk,7,plug-in,16qam,200000.0,,low_confidence,16qam,,,True,,,,1.7444366002455354,
control: clean qpsk,7,plug-in,2fsk,200000.0,,low_confidence,2fsk,,,True,,,,0.07635119976475835,
control: clean qpsk,7,plug-in,4fsk,200000.0,,low_confidence,4fsk,,,True,,,,0.11144560016691685,
pure noise,0,blind search,,200000.0,,failed,,0,0,,,,"every candidate was refused by the cheap screen: no symbol-rate line at 45351 Hz (3.8x local median, needs 4.5x) - either nothing is here or the rate is wrong",0.18154750019311905,
pure noise,0,plug-in,bpsk,200000.0,,failed,bpsk,,,True,,,,0.009982199873775244,
pure noise,0,plug-in,qpsk,200000.0,,failed,qpsk,,,True,,,,0.009124400094151497,
pure noise,0,plug-in,8psk,200000.0,,failed,8psk,,,True,,,,0.007305499631911516,
pure noise,0,plug-in,16qam,200000.0,,failed,16qam,,,True,,,,0.010903399903327227,
pure noise,0,plug-in,2fsk,200000.0,,failed,2fsk,,,True,,,,0.03086930001154542,
pure noise,0,plug-in,4fsk,200000.0,,failed,4fsk,,,True,,,,0.034257699735462666,
pure noise,1,blind search,,200000.0,,failed,2fsk,2,0,,58953.85742187499,,"no symbol-rate line at 58954 Hz (4.1x local median, needs 4.5x) - either nothing is here or the rate is wrong",0.2602232997305691,
pure noise,1,plug-in,bpsk,200000.0,,failed,bpsk,,,True,,,,0.007789799943566322,
pure noise,1,plug-in,qpsk,200000.0,,failed,qpsk,,,True,,,,0.0081322998739779,
pure noise,1,plug-in,8psk,200000.0,,failed,8psk,,,True,,,,0.009550199843943119,
pure noise,1,plug-in,16qam,200000.0,,failed,16qam,,,True,,,,0.011624100152403116,
pure noise,1,plug-in,2fsk,200000.0,,failed,2fsk,,,True,,,,0.031434299889951944,
pure noise,1,plug-in,4fsk,200000.0,,failed,4fsk,,,True,,,,0.03390819998458028,
pure noise,2,blind search,,200000.0,,failed,,0,0,,,,"every candidate was refused by the cheap screen: no symbol-rate line at 50784 Hz (3.7x local median, needs 4.5x) - either nothing is here or the rate is wrong",0.1771962996572256,
pure noise,2,plug-in,bpsk,200000.0,,failed,bpsk,,,True,,,,0.021484899800270796,
pure noise,2,plug-in,qpsk,200000.0,,failed,qpsk,,,True,,,,0.011985499877482653,
pure noise,2,plug-in,8psk,200000.0,,failed,8psk,,,True,,,,0.007715200074017048,
pure noise,2,plug-in,16qam,200000.0,,failed,16qam,,,True,,,,0.0069252001121640205,
pure noise,2,plug-in,2fsk,200000.0,,failed,2fsk,,,True,,,,0.037149100098758936,
pure noise,2,plug-in,4fsk,200000.0,,failed,4fsk,,,True,,,,0.03092860011383891,
pure noise,3,blind search,,200000.0,,failed,,0,0,,,,"every candidate was refused by the cheap screen: no symbol-rate line at 14108 Hz (4.1x local median, needs 4.5x) - either nothing is here or the rate is wrong",0.15812279982492328,
pure noise,3,plug-in,bpsk,200000.0,,failed,bpsk,,,True,,,,0.014607000164687634,
pure noise,3,plug-in,qpsk,200000.0,,failed,qpsk,,,True,,,,0.008440300356596708,
pure noise,3,plug-in,8psk,200000.0,,failed,8psk,,,True,,,,0.009244199842214584,
pure noise,3,plug-in,16qam,200000.0,,failed,16qam,,,True,,,,0.009041700046509504,
pure noise,3,plug-in,2fsk,200000.0,,failed,2fsk,,,True,,,,0.02857880014926195,
pure noise,3,plug-in,4fsk,200000.0,,failed,4fsk,,,True,,,,0.034565200097858906,
pure noise,4,blind search,,200000.0,,failed,,0,0,,,,"every candidate was refused by the cheap screen: no symbol-rate line at 23561 Hz (4.0x local median, needs 4.5x) - either nothing is here or the rate is wrong",0.1736619002185762,
pure noise,4,plug-in,bpsk,200000.0,,failed,bpsk,,,True,,,,0.009523900225758553,
pure noise,4,plug-in,qpsk,200000.0,,failed,qpsk,,,True,,,,0.010137599892914295,
pure noise,4,plug-in,8psk,200000.0,,failed,8psk,,,True,,,,0.011419899761676788,
pure noise,4,plug-in,16qam,200000.0,,failed,16qam,,,True,,,,0.009407199919223785,
pure noise,4,plug-in,2fsk,200000.0,,failed,2fsk,,,True,,,,0.030252499971538782,
pure noise,4,plug-in,4fsk,200000.0,,failed,4fsk,,,True,,,,0.02992659993469715,
pure noise,5,blind search,,200000.0,,failed,,0,0,,,,"every candidate was refused by the cheap screen: no symbol-rate line at 14331 Hz (3.8x local median, needs 4.5x) - either nothing is here or the rate is wrong",0.18223230028524995,
pure noise,5,plug-in,bpsk,200000.0,,failed,bpsk,,,True,,,,0.010173500049859285,
pure noise,5,plug-in,qpsk,200000.0,,failed,qpsk,,,True,,,,0.011113000102341175,
pure noise,5,plug-in,8psk,200000.0,,failed,8psk,,,True,,,,0.012715499848127365,
pure noise,5,plug-in,16qam,200000.0,,failed,16qam,,,True,,,,0.012095100246369839,
pure noise,5,plug-in,2fsk,200000.0,,failed,2fsk,,,True,,,,0.030610899906605482,
pure noise,5,plug-in,4fsk,200000.0,,failed,4fsk,,,True,,,,0.030720099806785583,
pure noise,6,blind search,,200000.0,,failed,,0,0,,,,"every candidate was refused by the cheap screen: no symbol-rate line at 77307 Hz (3.8x local median, needs 4.5x) - either nothing is here or the rate is wrong",0.16800109995529056,
pure noise,6,plug-in,bpsk,200000.0,,failed,bpsk,,,True,,,,0.010625299997627735,
pure noise,6,plug-in,qpsk,200000.0,,failed,qpsk,,,True,,,,0.011549099814146757,
pure noise,6,plug-in,8psk,200000.0,,failed,8psk,,,True,,,,0.008943900000303984,
pure noise,6,plug-in,16qam,200000.0,,failed,16qam,,,True,,,,0.010563199874013662,
pure noise,6,plug-in,2fsk,200000.0,,failed,2fsk,,,True,,,,0.03113490017130971,
pure noise,6,plug-in,4fsk,200000.0,,failed,4fsk,,,True,,,,0.02953539974987507,
pure noise,7,blind search,,200000.0,,failed,,0,0,,,,"every candidate was refused by the cheap screen: no symbol-rate line at 71532 Hz (4.1x local median, needs 4.5x) - either nothing is here or the rate is wrong",0.1692964001558721,
pure noise,7,plug-in,bpsk,200000.0,,failed,bpsk,,,True,,,,0.009706099983304739,
pure noise,7,plug-in,qpsk,200000.0,,failed,qpsk,,,True,,,,0.008742399979382753,
pure noise,7,plug-in,8psk,200000.0,,failed,8psk,,,True,,,,0.009956200141459703,
pure noise,7,plug-in,16qam,200000.0,,failed,16qam,,,True,,,,0.00792429968714714,
pure noise,7,plug-in,2fsk,200000.0,,failed,2fsk,,,True,,,,0.02955289976671338,
pure noise,7,plug-in,4fsk,200000.0,,failed,4fsk,,,True,,,,0.03478919994086027,
DC only,0,blind search,,200000.0,,failed,,0,0,,,,"every candidate was refused by the cheap screen: no symbol-rate line at 5000 Hz (0.0x local median, needs 4.5x) - either nothing is here or the rate is wrong",0.05830819997936487,
DC only,0,plug-in,bpsk,200000.0,,failed,bpsk,,,True,,,,0.0012813997454941273,
DC only,0,plug-in,qpsk,200000.0,,failed,qpsk,,,True,,,,0.0012290999293327332,
DC only,0,plug-in,8psk,200000.0,,failed,8psk,,,True,,,,0.0012447000481188297,
DC only,0,plug-in,16qam,200000.0,,failed,16qam,,,True,,,,0.0012618997134268284,
DC only,0,plug-in,2fsk,200000.0,,failed,2fsk,,,True,,,,0.012688199989497662,
DC only,0,plug-in,4fsk,200000.0,,failed,4fsk,,,True,,,,0.013041600119322538,
DC only,1,blind search,,200000.0,,failed,,0,0,,,,"every candidate was refused by the cheap screen: no symbol-rate line at 5000 Hz (0.0x local median, needs 4.5x) - either nothing is here or the rate is wrong",0.052594900131225586,
DC only,1,plug-in,bpsk,200000.0,,failed,bpsk,,,True,,,,0.0012894999235868454,
DC only,1,plug-in,qpsk,200000.0,,failed,qpsk,,,True,,,,0.001321400050073862,
DC only,1,plug-in,8psk,200000.0,,failed,8psk,,,True,,,,0.0012697000056505203,
DC only,1,plug-in,16qam,200000.0,,failed,16qam,,,True,,,,0.001351499930024147,
DC only,1,plug-in,2fsk,200000.0,,failed,2fsk,,,True,,,,0.013330100104212761,
DC only,1,plug-in,4fsk,200000.0,,failed,4fsk,,,True,,,,0.01552669983357191,
DC only,2,blind search,,200000.0,,failed,,0,0,,,,"every candidate was refused by the cheap screen: no symbol-rate line at 5000 Hz (0.0x local median, needs 4.5x) - either nothing is here or the rate is wrong",0.053599500097334385,
DC only,2,plug-in,bpsk,200000.0,,failed,bpsk,,,True,,,,0.0012747999280691147,
DC only,2,plug-in,qpsk,200000.0,,failed,qpsk,,,True,,,,0.001242700032889843,
DC only,2,plug-in,8psk,200000.0,,failed,8psk,,,True,,,,0.0012454004026949406,
DC only,2,plug-in,16qam,200000.0,,failed,16qam,,,True,,,,0.0012278002686798573,
DC only,2,plug-in,2fsk,200000.0,,failed,2fsk,,,True,,,,0.013160099741071463,
DC only,2,plug-in,4fsk,200000.0,,failed,4fsk,,,True,,,,0.014396999962627888,
DC only,3,blind search,,200000.0,,failed,,0,0,,,,"every candidate was refused by the cheap screen: no symbol-rate line at 5000 Hz (0.0x local median, needs 4.5x) - either nothing is here or the rate is wrong",0.05578499985858798,
DC only,3,plug-in,bpsk,200000.0,,failed,bpsk,,,True,,,,0.0013004997745156288,
DC only,3,plug-in,qpsk,200000.0,,failed,qpsk,,,True,,,,0.0015214001759886742,
DC only,3,plug-in,8psk,200000.0,,failed,8psk,,,True,,,,0.0018621999770402908,
DC only,3,plug-in,16qam,200000.0,,failed,16qam,,,True,,,,0.001590500120073557,
DC only,3,plug-in,2fsk,200000.0,,failed,2fsk,,,True,,,,0.013125200290232897,
DC only,3,plug-in,4fsk,200000.0,,failed,4fsk,,,True,,,,0.01527629978954792,
DC only,4,blind search,,200000.0,,failed,,0,0,,,,"every candidate was refused by the cheap screen: no symbol-rate line at 5000 Hz (0.0x local median, needs 4.5x) - either nothing is here or the rate is wrong",0.061618400271981955,
DC only,4,plug-in,bpsk,200000.0,,failed,bpsk,,,True,,,,0.0015047998167574406,
DC only,4,plug-in,qpsk,200000.0,,failed,qpsk,,,True,,,,0.0013232999481260777,
DC only,4,plug-in,8psk,200000.0,,failed,8psk,,,True,,,,0.0012913001701235771,
DC only,4,plug-in,16qam,200000.0,,failed,16qam,,,True,,,,0.0016475003212690353,
DC only,4,plug-in,2fsk,200000.0,,failed,2fsk,,,True,,,,0.013450500089675188,
DC only,4,plug-in,4fsk,200000.0,,failed,4fsk,,,True,,,,0.015451299957931042,
DC only,5,blind search,,200000.0,,failed,,0,0,,,,"every candidate was refused by the cheap screen: no symbol-rate line at 5000 Hz (0.0x local median, needs 4.5x) - either nothing is here or the rate is wrong",0.06089280033484101,
DC only,5,plug-in,bpsk,200000.0,,failed,bpsk,,,True,,,,0.0013816002756357193,
DC only,5,plug-in,qpsk,200000.0,,failed,qpsk,,,True,,,,0.001286699902266264,
DC only,5,plug-in,8psk,200000.0,,failed,8psk,,,True,,,,0.0012741000391542912,
DC only,5,plug-in,16qam,200000.0,,failed,16qam,,,True,,,,0.00124739995226264,
DC only,5,plug-in,2fsk,200000.0,,failed,2fsk,,,True,,,,0.014713199809193611,
DC only,5,plug-in,4fsk,200000.0,,failed,4fsk,,,True,,,,0.01528119994327426,
DC only,6,blind search,,200000.0,,failed,,0,0,,,,"every candidate was refused by the cheap screen: no symbol-rate line at 5000 Hz (0.0x local median, needs 4.5x) - either nothing is here or the rate is wrong",0.059056300204247236,
DC only,6,plug-in,bpsk,200000.0,,failed,bpsk,,,True,,,,0.0013970998115837574,
DC only,6,plug-in,qpsk,200000.0,,failed,qpsk,,,True,,,,0.0013739001005887985,
DC only,6,plug-in,8psk,200000.0,,failed,8psk,,,True,,,,0.0014072000049054623,
DC only,6,plug-in,16qam,200000.0,,failed,16qam,,,True,,,,0.0013326997868716717,
DC only,6,plug-in,2fsk,200000.0,,failed,2fsk,,,True,,,,0.01369439996778965,
DC only,6,plug-in,4fsk,200000.0,,failed,4fsk,,,True,,,,0.01606049994006753,
DC only,7,blind search,,200000.0,,failed,,0,0,,,,"every candidate was refused by the cheap screen: no symbol-rate line at 5000 Hz (0.0x local median, needs 4.5x) - either nothing is here or the rate is wrong",0.0575651996769011,
DC only,7,plug-in,bpsk,200000.0,,failed,bpsk,,,True,,,,0.0012802998535335064,
DC only,7,plug-in,qpsk,200000.0,,failed,qpsk,,,True,,,,0.0012387000024318695,
DC only,7,plug-in,8psk,200000.0,,failed,8psk,,,True,,,,0.0016993996687233448,
DC only,7,plug-in,16qam,200000.0,,failed,16qam,,,True,,,,0.001577999908477068,
DC only,7,plug-in,2fsk,200000.0,,failed,2fsk,,,True,,,,0.013491100165992975,
DC only,7,plug-in,4fsk,200000.0,,failed,4fsk,,,True,,,,0.01505980035290122,
empty band,0,blind search,,200000.0,,low_confidence,16qam,12,23036,True,12514.92279289807,,"carrier lock 0.07 below 0.59; the receiver estimates its own output BER at 0.0895, over the 0.05 a lock should produce - it is describing a demodulation it cannot claim",2.9722404000349343,
empty band,0,plug-in,bpsk,200000.0,,failed,bpsk,,,True,,,,0.01137450011447072,
empty band,0,plug-in,qpsk,200000.0,,failed,qpsk,,,True,,,,0.01239649998024106,
empty band,0,plug-in,8psk,200000.0,,failed,8psk,,,True,,,,0.01882700016722083,
empty band,0,plug-in,16qam,200000.0,,failed,16qam,,,True,,,,0.01186419976875186,
empty band,0,plug-in,2fsk,200000.0,,failed,2fsk,,,True,,,,0.03390769986435771,
empty band,0,plug-in,4fsk,200000.0,,failed,4fsk,,,True,,,,0.028754400089383125,
empty band,1,blind search,,200000.0,,failed,,0,0,,,,"every candidate was refused by the cheap screen: no symbol-rate line at 44702 Hz (4.1x local median, needs 4.5x) - either nothing is here or the rate is wrong",0.17512640031054616,
empty band,1,plug-in,bpsk,200000.0,,failed,bpsk,,,True,,,,0.010029199998825788,
empty band,1,plug-in,qpsk,200000.0,,failed,qpsk,,,True,,,,0.011828099843114614,
empty band,1,plug-in,8psk,200000.0,,failed,8psk,,,True,,,,0.010000899899750948,
empty band,1,plug-in,16qam,200000.0,,failed,16qam,,,True,,,,0.009574300143867731,
empty band,1,plug-in,2fsk,200000.0,,failed,2fsk,,,True,,,,0.03206240013241768,
empty band,1,plug-in,4fsk,200000.0,,failed,4fsk,,,True,,,,0.03345870040357113,
empty band,2,blind search,,200000.0,,failed,,0,0,,,,"every candidate was refused by the cheap screen: no symbol-rate line at 50082 Hz (4.0x local median, needs 4.5x) - either nothing is here or the rate is wrong",0.17580589978024364,
empty band,2,plug-in,bpsk,200000.0,,failed,bpsk,,,True,,,,0.009670500177890062,
empty band,2,plug-in,qpsk,200000.0,,failed,qpsk,,,True,,,,0.007475600112229586,
empty band,2,plug-in,8psk,200000.0,,failed,8psk,,,True,,,,0.012035699561238289,
empty band,2,plug-in,16qam,200000.0,,failed,16qam,,,True,,,,0.009410800412297249,
empty band,2,plug-in,2fsk,200000.0,,failed,2fsk,,,True,,,,0.033884300384670496,
empty band,2,plug-in,4fsk,200000.0,,failed,4fsk,,,True,,,,0.036831000354141,
empty band,3,blind search,,200000.0,,failed,,0,0,,,,"every candidate was refused by the cheap screen: no symbol-rate line at 50129 Hz (3.9x local median, needs 4.5x) - either nothing is here or the rate is wrong",0.17113499995321035,
empty band,3,plug-in,bpsk,200000.0,,failed,bpsk,,,True,,,,0.011110400315374136,
empty band,3,plug-in,qpsk,200000.0,,failed,qpsk,,,True,,,,0.010253999847918749,
empty band,3,plug-in,8psk,200000.0,,failed,8psk,,,True,,,,0.01123110018670559,
empty band,3,plug-in,16qam,200000.0,,failed,16qam,,,True,,,,0.01034650020301342,
empty band,3,plug-in,2fsk,200000.0,,failed,2fsk,,,True,,,,0.029670999851077795,
empty band,3,plug-in,4fsk,200000.0,,failed,4fsk,,,True,,,,0.03584770020097494,
empty band,4,blind search,,200000.0,,failed,,0,0,,,,"every candidate was refused by the cheap screen: no symbol-rate line at 8324 Hz (4.3x local median, needs 4.5x) - either nothing is here or the rate is wrong",0.20016139978542924,
empty band,4,plug-in,bpsk,200000.0,,failed,bpsk,,,True,,,,0.008244800381362438,
empty band,4,plug-in,qpsk,200000.0,,failed,qpsk,,,True,,,,0.011216399725526571,
empty band,4,plug-in,8psk,200000.0,,failed,8psk,,,True,,,,0.015794199891388416,
empty band,4,plug-in,16qam,200000.0,,failed,16qam,,,True,,,,0.008180799894034863,
empty band,4,plug-in,2fsk,200000.0,,failed,2fsk,,,True,,,,0.029411999974399805,
empty band,4,plug-in,4fsk,200000.0,,failed,4fsk,,,True,,,,0.042215799912810326,
empty band,5,blind search,,200000.0,,failed,,0,0,,,,"every candidate was refused by the cheap screen: no symbol-rate line at 64119 Hz (4.0x local median, needs 4.5x) - either nothing is here or the rate is wrong",0.2234239000827074,
empty band,5,plug-in,bpsk,200000.0,,failed,bpsk,,,True,,,,0.009955700021237135,
empty band,5,plug-in,qpsk,200000.0,,failed,qpsk,,,True,,,,0.008626800030469894,
empty band,5,plug-in,8psk,200000.0,,failed,8psk,,,True,,,,0.011187000200152397,
empty band,5,plug-in,16qam,200000.0,,failed,16qam,,,True,,,,0.011696300003677607,
empty band,5,plug-in,2fsk,200000.0,,failed,2fsk,,,True,,,,0.029177799820899963,
empty band,5,plug-in,4fsk,200000.0,,failed,4fsk,,,True,,,,0.034311600029468536,
empty band,6,blind search,,200000.0,,failed,,0,0,,,,"every candidate was refused by the cheap screen: no symbol-rate line at 63312 Hz (4.2x local median, needs 4.5x) - either nothing is here or the rate is wrong",0.18737379973754287,
empty band,6,plug-in,bpsk,200000.0,,failed,bpsk,,,True,,,,0.01651450013741851,
empty band,6,plug-in,qpsk,200000.0,,failed,qpsk,,,True,,,,0.011457100044935942,
empty band,6,plug-in,8psk,200000.0,,failed,8psk,,,True,,,,0.008254900109022856,
empty band,6,plug-in,16qam,200000.0,,failed,16qam,,,True,,,,0.009234700351953506,
empty band,6,plug-in,2fsk,200000.0,,failed,2fsk,,,True,,,,0.036440799944102764,
empty band,6,plug-in,4fsk,200000.0,,failed,4fsk,,,True,,,,0.030734899919480085,
empty band,7,blind search,,200000.0,,failed,,0,0,,,,"every candidate was refused by the cheap screen: no symbol-rate line at 31250 Hz (3.9x local median, needs 4.5x) - either nothing is here or the rate is wrong",0.18726309994235635,
empty band,7,plug-in,bpsk,200000.0,,failed,bpsk,,,True,,,,0.010663100052624941,
empty band,7,plug-in,qpsk,200000.0,,failed,qpsk,,,True,,,,0.010490200016647577,
empty band,7,plug-in,8psk,200000.0,,failed,8psk,,,True,,,,0.007767000235617161,
empty band,7,plug-in,16qam,200000.0,,failed,16qam,,,True,,,,0.010070200078189373,
empty band,7,plug-in,2fsk,200000.0,,failed,2fsk,,,True,,,,0.03225569985806942,
empty band,7,plug-in,4fsk,200000.0,,failed,4fsk,,,True,,,,0.02978969970718026,
clipped (saturated),0,blind search,,200000.0,,ok,qpsk,1,57774,True,50000.012357446896,0.0,,1.0357637000270188,
clipped (saturated),0,plug-in,bpsk,200000.0,,low_confidence,bpsk,,,True,,,,1.5257164002396166,
clipped (saturated),0,plug-in,qpsk,200000.0,,ok,qpsk,,,True,,,,1.6622998998500407,
clipped (saturated),0,plug-in,8psk,200000.0,,low_confidence,8psk,,,True,,,,1.7748067998327315,
clipped (saturated),0,plug-in,16qam,200000.0,,low_confidence,16qam,,,True,,,,1.7508745999075472,
clipped (saturated),0,plug-in,2fsk,200000.0,,low_confidence,2fsk,,,True,,,,0.08186589973047376,
clipped (saturated),0,plug-in,4fsk,200000.0,,low_confidence,4fsk,,,True,,,,0.11661199992522597,
clipped (saturated),1,blind search,,200000.0,,ok,qpsk,1,57772,True,49999.9891464505,0.0,,0.9890053002163768,
clipped (saturated),1,plug-in,bpsk,200000.0,,low_confidence,bpsk,,,True,,,,1.4593541999347508,
clipped (saturated),1,plug-in,qpsk,200000.0,,ok,qpsk,,,True,,,,1.559069300070405,
clipped (saturated),1,plug-in,8psk,200000.0,,low_confidence,8psk,,,True,,,,1.7111591999419034,
clipped (saturated),1,plug-in,16qam,200000.0,,low_confidence,16qam,,,True,,,,1.716700699646026,
clipped (saturated),1,plug-in,2fsk,200000.0,,low_confidence,2fsk,,,True,,,,0.08042570017278194,
clipped (saturated),1,plug-in,4fsk,200000.0,,low_confidence,4fsk,,,True,,,,0.12185420002788305,
clipped (saturated),2,blind search,,200000.0,,ok,qpsk,1,57772,True,49999.99846510453,0.0,,1.013020500075072,
clipped (saturated),2,plug-in,bpsk,200000.0,,low_confidence,bpsk,,,True,,,,1.5705841998569667,
clipped (saturated),2,plug-in,qpsk,200000.0,,ok,qpsk,,,True,,,,1.4920544996857643,
clipped (saturated),2,plug-in,8psk,200000.0,,low_confidence,8psk,,,True,,,,1.7894913996569812,
clipped (saturated),2,plug-in,16qam,200000.0,,low_confidence,16qam,,,True,,,,1.7096583996899426,
clipped (saturated),2,plug-in,2fsk,200000.0,,low_confidence,2fsk,,,True,,,,0.0861277999356389,
clipped (saturated),2,plug-in,4fsk,200000.0,,low_confidence,4fsk,,,True,,,,0.11288300016894937,
clipped (saturated),3,blind search,,200000.0,,ok,qpsk,1,57774,True,50000.00451796952,0.0,,0.9501176998019218,
clipped (saturated),3,plug-in,bpsk,200000.0,,low_confidence,bpsk,,,True,,,,1.5617280001752079,
clipped (saturated),3,plug-in,qpsk,200000.0,,ok,qpsk,,,True,,,,1.5840928996913135,
clipped (saturated),3,plug-in,8psk,200000.0,,low_confidence,8psk,,,True,,,,1.8767291996628046,
clipped (saturated),3,plug-in,16qam,200000.0,,low_confidence,16qam,,,True,,,,1.7230051001533866,
clipped (saturated),3,plug-in,2fsk,200000.0,,low_confidence,2fsk,,,True,,,,0.087323899846524,
clipped (saturated),3,plug-in,4fsk,200000.0,,low_confidence,4fsk,,,True,,,,0.10540609993040562,
clipped (saturated),4,blind search,,200000.0,,ok,qpsk,1,57774,True,50000.00649465777,0.0,,0.973443599883467,
clipped (saturated),4,plug-in,bpsk,200000.0,,low_confidence,bpsk,,,True,,,,1.4884132002480328,
clipped (saturated),4,plug-in,qpsk,200000.0,,ok,qpsk,,,True,,,,1.5588135998696089,
clipped (saturated),4,plug-in,8psk,200000.0,,low_confidence,8psk,,,True,,,,1.7853405000641942,
clipped (saturated),4,plug-in,16qam,200000.0,,low_confidence,16qam,,,True,,,,1.6486444999463856,
clipped (saturated),4,plug-in,2fsk,200000.0,,low_confidence,2fsk,,,True,,,,0.08344360021874309,
clipped (saturated),4,plug-in,4fsk,200000.0,,low_confidence,4fsk,,,True,,,,0.09914839966222644,
clipped (saturated),5,blind search,,200000.0,,ok,qpsk,1,57774,True,50000.00056589896,0.0,,0.9551316001452506,
clipped (saturated),5,plug-in,bpsk,200000.0,,low_confidence,bpsk,,,True,,,,1.4146557999774814,
clipped (saturated),5,plug-in,qpsk,200000.0,,ok,qpsk,,,True,,,,1.490280699916184,
clipped (saturated),5,plug-in,8psk,200000.0,,low_confidence,8psk,,,True,,,,1.73741320008412,
clipped (saturated),5,plug-in,16qam,200000.0,,low_confidence,16qam,,,True,,,,1.6829164996743202,
clipped (saturated),5,plug-in,2fsk,200000.0,,low_confidence,2fsk,,,True,,,,0.09219639981165528,
clipped (saturated),5,plug-in,4fsk,200000.0,,low_confidence,4fsk,,,True,,,,0.1032078000716865,
clipped (saturated),6,blind search,,200000.0,,ok,qpsk,1,57774,True,50000.01917063963,0.0,,1.0096568004228175,
clipped (saturated),6,plug-in,bpsk,200000.0,,low_confidence,bpsk,,,True,,,,1.5178183000534773,
clipped (saturated),6,plug-in,qpsk,200000.0,,ok,qpsk,,,True,,,,1.6314252000302076,
clipped (saturated),6,plug-in,8psk,200000.0,,low_confidence,8psk,,,True,,,,1.7376435999758542,
clipped (saturated),6,plug-in,16qam,200000.0,,low_confidence,16qam,,,True,,,,1.7209168998524547,
clipped (saturated),6,plug-in,2fsk,200000.0,,low_confidence,2fsk,,,True,,,,0.1076337001286447,
clipped (saturated),6,plug-in,4fsk,200000.0,,low_confidence,4fsk,,,True,,,,0.1089179003611207,
clipped (saturated),7,blind search,,200000.0,,ok,qpsk,1,57774,True,50000.01347886879,0.0,,1.0007413001731038,
clipped (saturated),7,plug-in,bpsk,200000.0,,low_confidence,bpsk,,,True,,,,1.5049680001102388,
clipped (saturated),7,plug-in,qpsk,200000.0,,ok,qpsk,,,True,,,,1.51853400003165,
clipped (saturated),7,plug-in,8psk,200000.0,,low_confidence,8psk,,,True,,,,1.7551816999912262,
clipped (saturated),7,plug-in,16qam,200000.0,,low_confidence,16qam,,,True,,,,1.6766233001835644,
clipped (saturated),7,plug-in,2fsk,200000.0,,low_confidence,2fsk,,,True,,,,0.0818680003285408,
clipped (saturated),7,plug-in,4fsk,200000.0,,low_confidence,4fsk,,,True,,,,0.11209059972316027,
two overlapping signals,0,blind search,,200000.0,,low_confidence,2fsk,12,29999,True,50000.072356060424,0.48505,"the receiver estimates its own output BER at 0.451, over the 0.05 a lock should produce - it is describing a demodulation it cannot claim; mean tone margin 0.058 below 0.150; search truncated by a ceiling of 12 chain runs: 12 of 18 surviving candidates were run and 6 never reached - this is the best of what ran, not a survey of the field",6.339629900176078,
two overlapping signals,0,plug-in,bpsk,200000.0,,low_confidence,bpsk,,,True,,,,1.506656200159341,
two overlapping signals,0,plug-in,qpsk,200000.0,,low_confidence,qpsk,,,True,,,,1.6348819001577795,
two overlapping signals,0,plug-in,8psk,200000.0,,low_confidence,8psk,,,True,,,,1.7633704002946615,
two overlapping signals,0,plug-in,16qam,200000.0,,low_confidence,16qam,,,True,,,,1.7964355000294745,
two overlapping signals,0,plug-in,2fsk,200000.0,,low_confidence,2fsk,,,True,,,,0.08834469970315695,
two overlapping signals,0,plug-in,4fsk,200000.0,,low_confidence,4fsk,,,True,,,,0.10639770003035665,
two overlapping signals,1,blind search,,200000.0,,low_confidence,4fsk,12,60000,True,50000.0202647252,0.4834,"the carrier offset is 6.11 tone spacings, which maps the tone bank onto itself and slips every symbol label by 6 - the hypothesis cannot be told from 6 others; the receiver estimates its own output BER at 0.46, over the 0.05 a lock should produce - it is describing a demodulation it cannot claim; mean tone margin 0.038 below 0.150",6.292118100449443,
two overlapping signals,1,plug-in,bpsk,200000.0,,low_confidence,bpsk,,,True,,,,1.5302826003171504,
two overlapping signals,1,plug-in,qpsk,200000.0,,low_confidence,qpsk,,,True,,,,1.5694686998613179,
two overlapping signals,1,plug-in,8psk,200000.0,,low_confidence,8psk,,,True,,,,1.8732289001345634,
two overlapping signals,1,plug-in,16qam,200000.0,,low_confidence,16qam,,,True,,,,1.711218100041151,
two overlapping signals,1,plug-in,2fsk,200000.0,,low_confidence,2fsk,,,True,,,,0.10747760022059083,
two overlapping signals,1,plug-in,4fsk,200000.0,,low_confidence,4fsk,,,True,,,,0.10160739999264479,
two overlapping signals,2,blind search,,200000.0,,low_confidence,8psk,12,86631,True,49999.92571173803,0.4843,"carrier lock 0.05 below 0.30; the receiver estimates its own output BER at 0.117, over the 0.05 a lock should produce - it is describing a demodulation it cannot claim; search truncated by a ceiling of 12 chain runs: 12 of 30 surviving candidates were run and 18 never reached - this is the best of what ran, not a survey of the field",6.455225399695337,
two overlapping signals,2,plug-in,bpsk,200000.0,,low_confidence,bpsk,,,True,,,,1.478665600065142,
two overlapping signals,2,plug-in,qpsk,200000.0,,low_confidence,qpsk,,,True,,,,1.5832858998328447,
two overlapping signals,2,plug-in,8psk,200000.0,,low_confidence,8psk,,,True,,,,1.7992981001734734,
two overlapping signals,2,plug-in,16qam,200000.0,,low_confidence,16qam,,,True,,,,1.748909099958837,
two overlapping signals,2,plug-in,2fsk,200000.0,,low_confidence,2fsk,,,True,,,,0.08222820004448295,
two overlapping signals,2,plug-in,4fsk,200000.0,,low_confidence,4fsk,,,True,,,,0.10723719978705049,
two overlapping signals,3,blind search,,200000.0,,low_confidence,16qam,12,113144,True,49999.976515355505,0.4806,"carrier lock 0.05 below 0.59; the receiver estimates its own output BER at 0.0662, over the 0.05 a lock should produce - it is describing a demodulation it cannot claim; search truncated by a ceiling of 12 chain runs: 12 of 18 surviving candidates were run and 6 never reached - this is the best of what ran, not a survey of the field",6.682630800176412,
two overlapping signals,3,plug-in,bpsk,200000.0,,low_confidence,bpsk,,,True,,,,1.4836661000736058,
two overlapping signals,3,plug-in,qpsk,200000.0,,low_confidence,qpsk,,,True,,,,1.6340822000056505,
two overlapping signals,3,plug-in,8psk,200000.0,,low_confidence,8psk,,,True,,,,1.7736010001972318,
two overlapping signals,3,plug-in,16qam,200000.0,,low_confidence,16qam,,,True,,,,1.7882731002755463,
two overlapping signals,3,plug-in,2fsk,200000.0,,low_confidence,2fsk,,,True,,,,0.09327830001711845,
two overlapping signals,3,plug-in,4fsk,200000.0,,low_confidence,4fsk,,,True,,,,0.12492370000109076,
two overlapping signals,4,blind search,,200000.0,,low_confidence,4fsk,12,60000,True,49999.99683106442,0.4859,"the receiver estimates its own output BER at 0.462, over the 0.05 a lock should produce - it is describing a demodulation it cannot claim; mean tone margin 0.035 below 0.150; search truncated by a ceiling of 12 chain runs: 12 of 22 surviving candidates were run and 10 never reached - this is the best of what ran, not a survey of the field",6.5569998999126256,
two overlapping signals,4,plug-in,bpsk,200000.0,,low_confidence,bpsk,,,True,,,,1.4642958999611437,
two overlapping signals,4,plug-in,qpsk,200000.0,,low_confidence,qpsk,,,True,,,,1.4950689002871513,
two overlapping signals,4,plug-in,8psk,200000.0,,low_confidence,8psk,,,True,,,,1.7959531997330487,
two overlapping signals,4,plug-in,16qam,200000.0,,low_confidence,16qam,,,True,,,,1.6888204999268055,
two overlapping signals,4,plug-in,2fsk,200000.0,,low_confidence,2fsk,,,True,,,,0.08842259971424937,
two overlapping signals,4,plug-in,4fsk,200000.0,,low_confidence,4fsk,,,True,,,,0.1100563001818955,
two overlapping signals,5,blind search,,200000.0,,low_confidence,2fsk,12,29999,True,49999.93548058016,0.48534999999999995,"the carrier offset is 2.94 tone spacings, which maps the tone bank onto itself and slips every symbol label by 3 - the hypothesis cannot be told from 3 others; the receiver estimates its own output BER at 0.438, over the 0.05 a lock should produce - it is describing a demodulation it cannot claim; mean tone margin 0.073 below 0.150",6.356357000302523,
two overlapping signals,5,plug-in,bpsk,200000.0,,low_confidence,bpsk,,,True,,,,1.4999120999127626,
two overlapping signals,5,plug-in,qpsk,200000.0,,low_confidence,qpsk,,,True,,,,1.5755392001010478,
two overlapping signals,5,plug-in,8psk,200000.0,,low_confidence,8psk,,,True,,,,1.8967744000256062,
two overlapping signals,5,plug-in,16qam,200000.0,,low_confidence,16qam,,,True,,,,1.792283700313419,
two overlapping signals,5,plug-in,2fsk,200000.0,,low_confidence,2fsk,,,True,,,,0.08195549994707108,
two overlapping signals,5,plug-in,4fsk,200000.0,,low_confidence,4fsk,,,True,,,,0.1109571997076273,
two overlapping signals,6,blind search,,200000.0,,low_confidence,16qam,12,113148,True,50000.06950693492,0.48414999999999997,"carrier lock 0.04 below 0.59; the receiver estimates its own output BER at 0.0669, over the 0.05 a lock should produce - it is describing a demodulation it cannot claim; search truncated by a ceiling of 12 chain runs: 12 of 24 surviving candidates were run and 12 never reached - this is the best of what ran, not a survey of the field",6.562800200190395,
two overlapping signals,6,plug-in,bpsk,200000.0,,low_confidence,bpsk,,,True,,,,1.498084899969399,
two overlapping signals,6,plug-in,qpsk,200000.0,,low_confidence,qpsk,,,True,,,,1.6346495002508163,
two overlapping signals,6,plug-in,8psk,200000.0,,low_confidence,8psk,,,True,,,,1.7269235998392105,
two overlapping signals,6,plug-in,16qam,200000.0,,low_confidence,16qam,,,True,,,,1.6807324001565576,
two overlapping signals,6,plug-in,2fsk,200000.0,,low_confidence,2fsk,,,True,,,,0.07866790005937219,
two overlapping signals,6,plug-in,4fsk,200000.0,,low_confidence,4fsk,,,True,,,,0.10718599986284971,
two overlapping signals,7,blind search,,200000.0,,low_confidence,8psk,12,86646,True,50000.05335216162,0.48234999999999995,"carrier lock 0.07 below 0.30; the receiver estimates its own output BER at 0.12, over the 0.05 a lock should produce - it is describing a demodulation it cannot claim; search truncated by a ceiling of 12 chain runs: 12 of 18 surviving candidates were run and 6 never reached - this is the best of what ran, not a survey of the field",6.342434300109744,
two overlapping signals,7,plug-in,bpsk,200000.0,,low_confidence,bpsk,,,True,,,,1.5317469001747668,
two overlapping signals,7,plug-in,qpsk,200000.0,,low_confidence,qpsk,,,True,,,,1.5521474000997841,
two overlapping signals,7,plug-in,8psk,200000.0,,low_confidence,8psk,,,True,,,,1.7851545000448823,
two overlapping signals,7,plug-in,16qam,200000.0,,low_confidence,16qam,,,True,,,,1.692650799639523,
two overlapping signals,7,plug-in,2fsk,200000.0,,low_confidence,2fsk,,,True,,,,0.09834929974749684,
two overlapping signals,7,plug-in,4fsk,200000.0,,low_confidence,4fsk,,,True,,,,0.12607649993151426,
wrong sample rate,0,blind search,,48000.0,,ok,qpsk,1,57772,True,12000.000190249579,0.0,,0.990165900439024,
wrong sample rate,0,plug-in,bpsk,48000.0,,low_confidence,bpsk,,,True,,,,1.484999000094831,
wrong sample rate,0,plug-in,qpsk,48000.0,,ok,qpsk,,,True,,,,1.561571499798447,
wrong sample rate,0,plug-in,8psk,48000.0,,low_confidence,8psk,,,True,,,,1.9257713998667896,
wrong sample rate,0,plug-in,16qam,48000.0,,low_confidence,16qam,,,True,,,,1.6852026996202767,
wrong sample rate,0,plug-in,2fsk,48000.0,,low_confidence,2fsk,,,True,,,,0.07047320017591119,
wrong sample rate,0,plug-in,4fsk,48000.0,,low_confidence,4fsk,,,True,,,,0.10142470011487603,
wrong sample rate,1,blind search,,48000.0,,ok,qpsk,1,57774,True,12000.000119002607,0.0,,1.029735699761659,
wrong sample rate,1,plug-in,bpsk,48000.0,,low_confidence,bpsk,,,True,,,,1.533381000161171,
wrong sample rate,1,plug-in,qpsk,48000.0,,ok,qpsk,,,True,,,,1.6720714000985026,
wrong sample rate,1,plug-in,8psk,48000.0,,low_confidence,8psk,,,True,,,,2.0471866000443697,
wrong sample rate,1,plug-in,16qam,48000.0,,low_confidence,16qam,,,True,,,,1.8464313000440598,
wrong sample rate,1,plug-in,2fsk,48000.0,,low_confidence,2fsk,,,True,,,,0.10474180011078715,
wrong sample rate,1,plug-in,4fsk,48000.0,,low_confidence,4fsk,,,True,,,,0.13096910016611218,
wrong sample rate,2,blind search,,48000.0,,ok,qpsk,1,57774,True,12000.000988653146,0.0,,0.9899530000984669,
wrong sample rate,2,plug-in,bpsk,48000.0,,low_confidence,bpsk,,,True,,,,1.4492680998519063,
wrong sample rate,2,plug-in,qpsk,48000.0,,ok,qpsk,,,True,,,,1.4984674998559058,
wrong sample rate,2,plug-in,8psk,48000.0,,low_confidence,8psk,,,True,,,,1.7938413000665605,
wrong sample rate,2,plug-in,16qam,48000.0,,low_confidence,16qam,,,True,,,,1.7944815997034311,
wrong sample rate,2,plug-in,2fsk,48000.0,,low_confidence,2fsk,,,True,,,,0.08814419992268085,
wrong sample rate,2,plug-in,4fsk,48000.0,,low_confidence,4fsk,,,True,,,,0.11863769963383675,
wrong sample rate,3,blind search,,48000.0,,ok,qpsk,1,57774,True,12000.001993939051,0.0,,0.971543500199914,
wrong sample rate,3,plug-in,bpsk,48000.0,,low_confidence,bpsk,,,True,,,,1.5936070000752807,
wrong sample rate,3,plug-in,qpsk,48000.0,,ok,qpsk,,,True,,,,1.5797648997977376,
wrong sample rate,3,plug-in,8psk,48000.0,,low_confidence,8psk,,,True,,,,1.8204835001379251,
wrong sample rate,3,plug-in,16qam,48000.0,,low_confidence,16qam,,,True,,,,1.6355461003258824,
wrong sample rate,3,plug-in,2fsk,48000.0,,low_confidence,2fsk,,,True,,,,0.08508119964972138,
wrong sample rate,3,plug-in,4fsk,48000.0,,low_confidence,4fsk,,,True,,,,0.09536979999393225,
wrong sample rate,4,blind search,,48000.0,,ok,qpsk,1,57772,True,11999.999003448736,0.0,,0.974940299987793,
wrong sample rate,4,plug-in,bpsk,48000.0,,low_confidence,bpsk,,,True,,,,1.3873956999741495,
wrong sample rate,4,plug-in,qpsk,48000.0,,ok,qpsk,,,True,,,,1.5244064000435174,
wrong sample rate,4,plug-in,8psk,48000.0,,low_confidence,8psk,,,True,,,,1.78021730016917,
wrong sample rate,4,plug-in,16qam,48000.0,,low_confidence,16qam,,,True,,,,1.620311999693513,
wrong sample rate,4,plug-in,2fsk,48000.0,,low_confidence,2fsk,,,True,,,,0.0707594002597034,
wrong sample rate,4,plug-in,4fsk,48000.0,,low_confidence,4fsk,,,True,,,,0.0918032000772655,
wrong sample rate,5,blind search,,48000.0,,ok,qpsk,1,57772,True,12000.001556015013,0.0,,0.9570301999337971,
wrong sample rate,5,plug-in,bpsk,48000.0,,low_confidence,bpsk,,,True,,,,1.4671009997837245,
wrong sample rate,5,plug-in,qpsk,48000.0,,ok,qpsk,,,True,,,,1.5302858003415167,
wrong sample rate,5,plug-in,8psk,48000.0,,low_confidence,8psk,,,True,,,,1.8659401996992528,
wrong sample rate,5,plug-in,16qam,48000.0,,low_confidence,16qam,,,True,,,,1.7236506999470294,
wrong sample rate,5,plug-in,2fsk,48000.0,,low_confidence,2fsk,,,True,,,,0.09569740016013384,
wrong sample rate,5,plug-in,4fsk,48000.0,,low_confidence,4fsk,,,True,,,,0.09504949999973178,
wrong sample rate,6,blind search,,48000.0,,ok,qpsk,1,57772,True,12000.00115810595,0.0,,0.9927234998904169,
wrong sample rate,6,plug-in,bpsk,48000.0,,low_confidence,bpsk,,,True,,,,1.503738799598068,
wrong sample rate,6,plug-in,qpsk,48000.0,,ok,qpsk,,,True,,,,1.6506135002709925,
wrong sample rate,6,plug-in,8psk,48000.0,,low_confidence,8psk,,,True,,,,1.7845641998574138,
wrong sample rate,6,plug-in,16qam,48000.0,,low_confidence,16qam,,,True,,,,1.6147172995842993,
wrong sample rate,6,plug-in,2fsk,48000.0,,low_confidence,2fsk,,,True,,,,0.07018660008907318,
wrong sample rate,6,plug-in,4fsk,48000.0,,low_confidence,4fsk,,,True,,,,0.10677180020138621,
wrong sample rate,7,blind search,,48000.0,,ok,qpsk,1,57772,True,11999.997965288103,0.0,,0.9172991998493671,
wrong sample rate,7,plug-in,bpsk,48000.0,,low_confidence,bpsk,,,True,,,,1.46981370029971,
wrong sample rate,7,plug-in,qpsk,48000.0,,ok,qpsk,,,True,,,,1.5012270999141037,
wrong sample rate,7,plug-in,8psk,48000.0,,low_confidence,8psk,,,True,,,,1.885660500265658,
wrong sample rate,7,plug-in,16qam,48000.0,,low_confidence,16qam,,,True,,,,1.5978184998966753,
wrong sample rate,7,plug-in,2fsk,48000.0,,low_confidence,2fsk,,,True,,,,0.08310179971158504,
wrong sample rate,7,plug-in,4fsk,48000.0,,low_confidence,4fsk,,,True,,,,0.11488239979371428,
all zeros,0,blind search,,200000.0,,failed,,0,0,,,,"every candidate was refused by the cheap screen: no symbol-rate line at 5000 Hz (0.0x local median, needs 4.5x) - either nothing is here or the rate is wrong",0.040645699948072433,
all zeros,0,plug-in,bpsk,200000.0,,failed,bpsk,,,True,,,,0.0005561001598834991,
all zeros,0,plug-in,qpsk,200000.0,,failed,qpsk,,,True,,,,0.0008116001263260841,
all zeros,0,plug-in,8psk,200000.0,,failed,8psk,,,True,,,,0.000699599739164114,
all zeros,0,plug-in,16qam,200000.0,,failed,16qam,,,True,,,,0.0006602001376450062,
all zeros,0,plug-in,2fsk,200000.0,,failed,2fsk,,,True,,,,0.0005326997488737106,
all zeros,0,plug-in,4fsk,200000.0,,failed,4fsk,,,True,,,,0.0005079000256955624,
all zeros,1,blind search,,200000.0,,failed,,0,0,,,,"every candidate was refused by the cheap screen: no symbol-rate line at 5000 Hz (0.0x local median, needs 4.5x) - either nothing is here or the rate is wrong",0.03672500001266599,
all zeros,1,plug-in,bpsk,200000.0,,failed,bpsk,,,True,,,,0.0005637002177536488,
all zeros,1,plug-in,qpsk,200000.0,,failed,qpsk,,,True,,,,0.0005220999009907246,
all zeros,1,plug-in,8psk,200000.0,,failed,8psk,,,True,,,,0.0005307001993060112,
all zeros,1,plug-in,16qam,200000.0,,failed,16qam,,,True,,,,0.000516700092703104,
all zeros,1,plug-in,2fsk,200000.0,,failed,2fsk,,,True,,,,0.0005071000196039677,
all zeros,1,plug-in,4fsk,200000.0,,failed,4fsk,,,True,,,,0.0005000000819563866,
all zeros,2,blind search,,200000.0,,failed,,0,0,,,,"every candidate was refused by the cheap screen: no symbol-rate line at 5000 Hz (0.0x local median, needs 4.5x) - either nothing is here or the rate is wrong",0.03888719994574785,
all zeros,2,plug-in,bpsk,200000.0,,failed,bpsk,,,True,,,,0.0005441000685095787,
all zeros,2,plug-in,qpsk,200000.0,,failed,qpsk,,,True,,,,0.0005485001020133495,
all zeros,2,plug-in,8psk,200000.0,,failed,8psk,,,True,,,,0.0007791002281010151,
all zeros,2,plug-in,16qam,200000.0,,failed,16qam,,,True,,,,0.000588100403547287,
all zeros,2,plug-in,2fsk,200000.0,,failed,2fsk,,,True,,,,0.0005441997200250626,
all zeros,2,plug-in,4fsk,200000.0,,failed,4fsk,,,True,,,,0.0005089002661406994,
all zeros,3,blind search,,200000.0,,failed,,0,0,,,,"every candidate was refused by the cheap screen: no symbol-rate line at 5000 Hz (0.0x local median, needs 4.5x) - either nothing is here or the rate is wrong",0.03513299999758601,
all zeros,3,plug-in,bpsk,200000.0,,failed,bpsk,,,True,,,,0.0006516999565064907,
all zeros,3,plug-in,qpsk,200000.0,,failed,qpsk,,,True,,,,0.0005788998678326607,
all zeros,3,plug-in,8psk,200000.0,,failed,8psk,,,True,,,,0.0005251001566648483,
all zeros,3,plug-in,16qam,200000.0,,failed,16qam,,,True,,,,0.0005379999056458473,
all zeros,3,plug-in,2fsk,200000.0,,failed,2fsk,,,True,,,,0.0005085999146103859,
all zeros,3,plug-in,4fsk,200000.0,,failed,4fsk,,,True,,,,0.0005021998658776283,
all zeros,4,blind search,,200000.0,,failed,,0,0,,,,"every candidate was refused by the cheap screen: no symbol-rate line at 5000 Hz (0.0x local median, needs 4.5x) - either nothing is here or the rate is wrong",0.03355529997497797,
all zeros,4,plug-in,bpsk,200000.0,,failed,bpsk,,,True,,,,0.0005481000989675522,
all zeros,4,plug-in,qpsk,200000.0,,failed,qpsk,,,True,,,,0.0005196002312004566,
all zeros,4,plug-in,8psk,200000.0,,failed,8psk,,,True,,,,0.0005287998355925083,
all zeros,4,plug-in,16qam,200000.0,,failed,16qam,,,True,,,,0.0005271998234093189,
all zeros,4,plug-in,2fsk,200000.0,,failed,2fsk,,,True,,,,0.0005033998750150204,
all zeros,4,plug-in,4fsk,200000.0,,failed,4fsk,,,True,,,,0.0004977001808583736,
all zeros,5,blind search,,200000.0,,failed,,0,0,,,,"every candidate was refused by the cheap screen: no symbol-rate line at 5000 Hz (0.0x local median, needs 4.5x) - either nothing is here or the rate is wrong",0.03641489986330271,
all zeros,5,plug-in,bpsk,200000.0,,failed,bpsk,,,True,,,,0.0005494002252817154,
all zeros,5,plug-in,qpsk,200000.0,,failed,qpsk,,,True,,,,0.0005231997929513454,
all zeros,5,plug-in,8psk,200000.0,,failed,8psk,,,True,,,,0.0006061000749468803,
all zeros,5,plug-in,16qam,200000.0,,failed,16qam,,,True,,,,0.0005426001735031605,
all zeros,5,plug-in,2fsk,200000.0,,failed,2fsk,,,True,,,,0.0005624000914394855,
all zeros,5,plug-in,4fsk,200000.0,,failed,4fsk,,,True,,,,0.0005679000169038773,
all zeros,6,blind search,,200000.0,,failed,,0,0,,,,"every candidate was refused by the cheap screen: no symbol-rate line at 5000 Hz (0.0x local median, needs 4.5x) - either nothing is here or the rate is wrong",0.037706800270825624,
all zeros,6,plug-in,bpsk,200000.0,,failed,bpsk,,,True,,,,0.000547999981790781,
all zeros,6,plug-in,qpsk,200000.0,,failed,qpsk,,,True,,,,0.0005491999909281731,
all zeros,6,plug-in,8psk,200000.0,,failed,8psk,,,True,,,,0.0005163000896573067,
all zeros,6,plug-in,16qam,200000.0,,failed,16qam,,,True,,,,0.0005162996239960194,
all zeros,6,plug-in,2fsk,200000.0,,failed,2fsk,,,True,,,,0.0005283001810312271,
all zeros,6,plug-in,4fsk,200000.0,,failed,4fsk,,,True,,,,0.0005030999891459942,
all zeros,7,blind search,,200000.0,,failed,,0,0,,,,"every candidate was refused by the cheap screen: no symbol-rate line at 5000 Hz (0.0x local median, needs 4.5x) - either nothing is here or the rate is wrong",0.035878699738532305,
all zeros,7,plug-in,bpsk,200000.0,,failed,bpsk,,,True,,,,0.0005574002861976624,
all zeros,7,plug-in,qpsk,200000.0,,failed,qpsk,,,True,,,,0.0005230000242590904,
all zeros,7,plug-in,8psk,200000.0,,failed,8psk,,,True,,,,0.0005164998583495617,
all zeros,7,plug-in,16qam,200000.0,,failed,16qam,,,True,,,,0.000544500071555376,
all zeros,7,plug-in,2fsk,200000.0,,failed,2fsk,,,True,,,,0.0005084997974336147,
all zeros,7,plug-in,4fsk,200000.0,,failed,4fsk,,,True,,,,0.0005009002052247524,
single impulse,0,blind search,,200000.0,,failed,bpsk,4,0,,442.50488281249994,,452.0 samples/symbol over 120000 samples gives 266 symbols; this chain needs 1600,0.11707819998264313,
single impulse,0,plug-in,bpsk,200000.0,,failed,bpsk,,,True,,,,0.007464299909770489,
single impulse,0,plug-in,qpsk,200000.0,,failed,qpsk,,,True,,,,0.006487499922513962,
single impulse,0,plug-in,8psk,200000.0,,failed,8psk,,,True,,,,0.006292399950325489,
single impulse,0,plug-in,16qam,200000.0,,failed,16qam,,,True,,,,0.009010199923068285,
single impulse,0,plug-in,2fsk,200000.0,,failed,2fsk,,,True,,,,0.009462599642574787,
single impulse,0,plug-in,4fsk,200000.0,,failed,4fsk,,,True,,,,0.009011900052428246,
single impulse,1,blind search,,200000.0,,failed,bpsk,4,0,,442.50488281249994,,452.0 samples/symbol over 120000 samples gives 266 symbols; this chain needs 1600,0.09509140020236373,
single impulse,1,plug-in,bpsk,200000.0,,failed,bpsk,,,True,,,,0.010871099773794413,
single impulse,1,plug-in,qpsk,200000.0,,failed,qpsk,,,True,,,,0.006992900278419256,
single impulse,1,plug-in,8psk,200000.0,,failed,8psk,,,True,,,,0.00643849978223443,
single impulse,1,plug-in,16qam,200000.0,,failed,16qam,,,True,,,,0.009668800048530102,
single impulse,1,plug-in,2fsk,200000.0,,failed,2fsk,,,True,,,,0.009261200204491615,
single impulse,1,plug-in,4fsk,200000.0,,failed,4fsk,,,True,,,,0.012502499856054783,
single impulse,2,blind search,,200000.0,,failed,bpsk,4,0,,442.50488281249994,,452.0 samples/symbol over 120000 samples gives 266 symbols; this chain needs 1600,0.1302565997466445,
single impulse,2,plug-in,bpsk,200000.0,,failed,bpsk,,,True,,,,0.013578400015830994,
single impulse,2,plug-in,qpsk,200000.0,,failed,qpsk,,,True,,,,0.008465200196951628,
single impulse,2,plug-in,8psk,200000.0,,failed,8psk,,,True,,,,0.009450300130993128,
single impulse,2,plug-in,16qam,200000.0,,failed,16qam,,,True,,,,0.005974899977445602,
single impulse,2,plug-in,2fsk,200000.0,,failed,2fsk,,,True,,,,0.009465400129556656,
single impulse,2,plug-in,4fsk,200000.0,,failed,4fsk,,,True,,,,0.009170900098979473,
single impulse,3,blind search,,200000.0,,failed,bpsk,4,0,,442.50488281249994,,452.0 samples/symbol over 120000 samples gives 266 symbols; this chain needs 1600,0.1105145001783967,
single impulse,3,plug-in,bpsk,200000.0,,failed,bpsk,,,True,,,,0.007933199871331453,
single impulse,3,plug-in,qpsk,200000.0,,failed,qpsk,,,True,,,,0.009484599810093641,
single impulse,3,plug-in,8psk,200000.0,,failed,8psk,,,True,,,,0.00766419991850853,
single impulse,3,plug-in,16qam,200000.0,,failed,16qam,,,True,,,,0.009805900044739246,
single impulse,3,plug-in,2fsk,200000.0,,failed,2fsk,,,True,,,,0.011135600041598082,
single impulse,3,plug-in,4fsk,200000.0,,failed,4fsk,,,True,,,,0.007889899890869856,
single impulse,4,blind search,,200000.0,,failed,bpsk,4,0,,442.50488281249994,,452.0 samples/symbol over 120000 samples gives 266 symbols; this chain needs 1600,0.09349399991333485,
single impulse,4,plug-in,bpsk,200000.0,,failed,bpsk,,,True,,,,0.006309300195425749,
single impulse,4,plug-in,qpsk,200000.0,,failed,qpsk,,,True,,,,0.007279600016772747,
single impulse,4,plug-in,8psk,200000.0,,failed,8psk,,,True,,,,0.008146499749273062,
single impulse,4,plug-in,16qam,200000.0,,failed,16qam,,,True,,,,0.006641100160777569,
single impulse,4,plug-in,2fsk,200000.0,,failed,2fsk,,,True,,,,0.013435199856758118,
single impulse,4,plug-in,4fsk,200000.0,,failed,4fsk,,,True,,,,0.008040400221943855,
single impulse,5,blind search,,200000.0,,failed,bpsk,4,0,,442.50488281249994,,452.0 samples/symbol over 120000 samples gives 266 symbols; this chain needs 1600,0.10632359981536865,
single impulse,5,plug-in,bpsk,200000.0,,failed,bpsk,,,True,,,,0.007708400022238493,
single impulse,5,plug-in,qpsk,200000.0,,failed,qpsk,,,True,,,,0.008302200119942427,
single impulse,5,plug-in,8psk,200000.0,,failed,8psk,,,True,,,,0.007452100049704313,
single impulse,5,plug-in,16qam,200000.0,,failed,16qam,,,True,,,,0.008614900056272745,
single impulse,5,plug-in,2fsk,200000.0,,failed,2fsk,,,True,,,,0.009817299898713827,
single impulse,5,plug-in,4fsk,200000.0,,failed,4fsk,,,True,,,,0.008512500207871199,
single impulse,6,blind search,,200000.0,,failed,bpsk,4,0,,442.50488281249994,,452.0 samples/symbol over 120000 samples gives 266 symbols; this chain needs 1600,0.09284249972552061,
single impulse,6,plug-in,bpsk,200000.0,,failed,bpsk,,,True,,,,0.00613659992814064,
single impulse,6,plug-in,qpsk,200000.0,,failed,qpsk,,,True,,,,0.009428400080651045,
single impulse,6,plug-in,8psk,200000.0,,failed,8psk,,,True,,,,0.008753300178796053,
single impulse,6,plug-in,16qam,200000.0,,failed,16qam,,,True,,,,0.007312600035220385,
single impulse,6,plug-in,2fsk,200000.0,,failed,2fsk,,,True,,,,0.007339099887758493,
single impulse,6,plug-in,4fsk,200000.0,,failed,4fsk,,,True,,,,0.00988479983061552,
single impulse,7,blind search,,200000.0,,failed,bpsk,4,0,,442.50488281249994,,452.0 samples/symbol over 120000 samples gives 266 symbols; this chain needs 1600,0.1019782000221312,
single impulse,7,plug-in,bpsk,200000.0,,failed,bpsk,,,True,,,,0.006208399776369333,
single impulse,7,plug-in,qpsk,200000.0,,failed,qpsk,,,True,,,,0.008193700108677149,
single impulse,7,plug-in,8psk,200000.0,,failed,8psk,,,True,,,,0.006019499618560076,
single impulse,7,plug-in,16qam,200000.0,,failed,16qam,,,True,,,,0.006540299858897924,
single impulse,7,plug-in,2fsk,200000.0,,failed,2fsk,,,True,,,,0.011872999835759401,
single impulse,7,plug-in,4fsk,200000.0,,failed,4fsk,,,True,,,,0.010851799976080656,
