file,modulation,snr_db,bin_lo,bin_hi,n_bits,n_errors,empirical,predicted,ratio,verdict,agg_empirical,repo_measured_ber,agg_predicted,repo_estimated_ber,status
bpsk_4dB_2000,bpsk,4,2.0,4.0,1,0,0.0,0.02507,,no-power,0.0,0.0,2e-06,2e-06,ok
bpsk_4dB_2000,bpsk,4,4.0,8.0,5,0,0.0,0.002294,,no-power,0.0,0.0,2e-06,2e-06,ok
bpsk_4dB_2000,bpsk,4,8.0,16.0,131,0,0.0,9e-06,,no-power,0.0,0.0,2e-06,2e-06,ok
bpsk_4dB_2000,bpsk,4,16.0,inf,19818,0,0.0,0.0,,no-power,0.0,0.0,2e-06,2e-06,ok
bpsk_8dB_2001,bpsk,8,16.0,inf,19935,0,0.0,0.0,,no-power,0.0,0.0,0.0,0.0,ok
bpsk_10dB_2002,bpsk,10,16.0,inf,19960,0,0.0,0.0,,no-power,0.0,0.0,0.0,0.0,ok
bpsk_15dB_2004,bpsk,15,16.0,inf,19923,0,0.0,0.0,,no-power,0.0,0.0,0.0,0.0,ok
bpsk_20dB_2005,bpsk,20,16.0,inf,19965,0,0.0,0.0,,no-power,0.0,0.0,0.0,0.0,ok
qpsk_4dB_2006,qpsk,4,0.0,0.5,7,5,0.714286,0.450144,,no-power,0.001154,0.001154,0.00085,0.00085,ok
qpsk_4dB_2006,qpsk,4,0.5,1.0,11,5,0.454545,0.306074,,no-power,0.001154,0.001154,0.00085,0.00085,ok
qpsk_4dB_2006,qpsk,4,1.0,2.0,28,8,0.285714,0.169612,,no-power,0.001154,0.001154,0.00085,0.00085,ok
qpsk_4dB_2006,qpsk,4,2.0,4.0,76,5,0.065789,0.052429,,no-power,0.001154,0.001154,0.00085,0.00085,ok
qpsk_4dB_2006,qpsk,4,4.0,8.0,501,0,0.0,0.003163,,no-power,0.001154,0.001154,0.00085,0.00085,ok
qpsk_4dB_2006,qpsk,4,8.0,16.0,4942,0,0.0,2.1e-05,,no-power,0.001154,0.001154,0.00085,0.00085,ok
qpsk_4dB_2006,qpsk,4,16.0,inf,14370,0,0.0,0.0,,no-power,0.001154,0.001154,0.00085,0.00085,ok
qpsk_8dB_2007,qpsk,8,8.0,16.0,8,0,0.0,1.6e-05,,no-power,0.0,0.0,0.0,0.0,ok
qpsk_8dB_2007,qpsk,8,16.0,inf,19950,0,0.0,0.0,,no-power,0.0,0.0,0.0,0.0,ok
qpsk_10dB_2008,qpsk,10,16.0,inf,19945,0,0.0,0.0,,no-power,0.0,0.0,0.0,0.0,ok
qpsk_15dB_2010,qpsk,15,16.0,inf,19960,0,0.0,0.0,,no-power,0.0,0.0,0.0,0.0,ok
qpsk_20dB_2011,qpsk,20,16.0,inf,19949,0,0.0,0.0,,no-power,0.0,0.0,0.0,0.0,ok
8psk_4dB_2012,8psk,4,0.0,0.5,435,216,0.496552,0.438657,1.132,ok,0.240169,0.240169,0.031112,0.031112,low_confidence
8psk_4dB_2012,8psk,4,0.5,1.0,401,174,0.433915,0.320534,1.354,ok,0.240169,0.240169,0.031112,0.031112,low_confidence
8psk_4dB_2012,8psk,4,1.0,2.0,903,333,0.368771,0.187123,1.971,ok,0.240169,0.240169,0.031112,0.031112,low_confidence
8psk_4dB_2012,8psk,4,2.0,4.0,2081,662,0.318116,0.052597,6.048,over-confident,0.240169,0.240169,0.031112,0.031112,low_confidence
8psk_4dB_2012,8psk,4,4.0,8.0,5060,1449,0.286364,0.004364,65.622,over-confident,0.240169,0.240169,0.031112,0.031112,low_confidence
8psk_4dB_2012,8psk,4,8.0,16.0,5727,1444,0.252139,6.7e-05,,no-power,0.240169,0.240169,0.031112,0.031112,low_confidence
8psk_4dB_2012,8psk,4,16.0,inf,5329,510,0.095703,0.0,,no-power,0.240169,0.240169,0.031112,0.031112,low_confidence
8psk_8dB_2013,8psk,8,0.0,0.5,32,14,0.4375,0.428291,,no-power,0.002956,0.002956,0.002685,0.002685,ok
8psk_8dB_2013,8psk,8,0.5,1.0,28,11,0.392857,0.320837,,no-power,0.002956,0.002956,0.002685,0.002685,ok
8psk_8dB_2013,8psk,8,1.0,2.0,78,12,0.153846,0.184765,,no-power,0.002956,0.002956,0.002685,0.002685,ok
8psk_8dB_2013,8psk,8,2.0,4.0,247,16,0.064777,0.048531,,no-power,0.002956,0.002956,0.002685,0.002685,ok
8psk_8dB_2013,8psk,8,4.0,8.0,1295,6,0.004633,0.003315,,no-power,0.002956,0.002956,0.002685,0.002685,ok
8psk_8dB_2013,8psk,8,8.0,16.0,6664,0,0.0,3.2e-05,,no-power,0.002956,0.002956,0.002685,0.002685,ok
8psk_8dB_2013,8psk,8,16.0,inf,11618,0,0.0,0.0,,no-power,0.002956,0.002956,0.002685,0.002685,ok
8psk_10dB_2014,8psk,10,0.0,0.5,2,1,0.5,0.434878,,no-power,0.000301,0.000301,0.000273,0.000273,ok
8psk_10dB_2014,8psk,10,0.5,1.0,3,0,0.0,0.296574,,no-power,0.000301,0.000301,0.000273,0.000273,ok
8psk_10dB_2014,8psk,10,1.0,2.0,10,3,0.3,0.196647,,no-power,0.000301,0.000301,0.000273,0.000273,ok
8psk_10dB_2014,8psk,10,2.0,4.0,22,2,0.090909,0.052696,,no-power,0.000301,0.000301,0.000273,0.000273,ok
8psk_10dB_2014,8psk,10,4.0,8.0,187,0,0.0,0.002794,,no-power,0.000301,0.000301,0.000273,0.000273,ok
8psk_10dB_2014,8psk,10,8.0,16.0,2076,0,0.0,1.8e-05,,no-power,0.000301,0.000301,0.000273,0.000273,ok
8psk_10dB_2014,8psk,10,16.0,inf,17653,0,0.0,0.0,,no-power,0.000301,0.000301,0.000273,0.000273,ok
8psk_15dB_2016,8psk,15,16.0,inf,19927,0,0.0,0.0,,no-power,0.0,0.0,0.0,0.0,ok
8psk_20dB_2017,8psk,20,16.0,inf,19962,0,0.0,0.0,,no-power,0.0,0.0,0.0,0.0,ok
16qam_4dB_2018,16qam,4,0.0,0.5,778,372,0.478149,0.437691,1.092,ok,0.424922,0.424922,0.055782,0.055782,low_confidence
16qam_4dB_2018,16qam,4,0.5,1.0,801,372,0.464419,0.321367,1.445,ok,0.424922,0.424922,0.055782,0.055782,low_confidence
16qam_4dB_2018,16qam,4,1.0,2.0,1661,745,0.448525,0.184749,2.428,over-confident,0.424922,0.424922,0.055782,0.055782,low_confidence
16qam_4dB_2018,16qam,4,2.0,4.0,3310,1422,0.429607,0.054121,7.938,over-confident,0.424922,0.424922,0.055782,0.055782,low_confidence
16qam_4dB_2018,16qam,4,4.0,8.0,6125,2404,0.39249,0.004804,81.707,over-confident,0.424922,0.424922,0.055782,0.055782,low_confidence
16qam_4dB_2018,16qam,4,8.0,16.0,4500,1798,0.399556,8.3e-05,,no-power,0.424922,0.424922,0.055782,0.055782,low_confidence
16qam_4dB_2018,16qam,4,16.0,inf,2791,1371,0.491222,0.0,,no-power,0.424922,0.424922,0.055782,0.055782,low_confidence
16qam_8dB_2019,16qam,8,0.0,0.5,127,54,0.425197,0.44204,0.962,ok,0.011587,0.011587,0.010982,0.010982,ok
16qam_8dB_2019,16qam,8,0.5,1.0,137,47,0.343066,0.322107,1.065,ok,0.011587,0.011587,0.010982,0.010982,ok
16qam_8dB_2019,16qam,8,1.0,2.0,303,58,0.191419,0.181988,1.052,ok,0.011587,0.011587,0.010982,0.010982,ok
16qam_8dB_2019,16qam,8,2.0,4.0,927,60,0.064725,0.051885,1.247,ok,0.011587,0.011587,0.010982,0.010982,ok
16qam_8dB_2019,16qam,8,4.0,8.0,3557,10,0.002811,0.003692,,no-power,0.011587,0.011587,0.010982,0.010982,ok
16qam_8dB_2019,16qam,8,8.0,16.0,8364,0,0.0,4.9e-05,,no-power,0.011587,0.011587,0.010982,0.010982,ok
16qam_8dB_2019,16qam,8,16.0,inf,6349,0,0.0,0.0,,no-power,0.011587,0.011587,0.010982,0.010982,ok
16qam_10dB_2020,16qam,10,0.0,0.5,30,11,0.366667,0.445084,,no-power,0.003158,0.003158,0.002931,0.002931,ok
16qam_10dB_2020,16qam,10,0.5,1.0,41,15,0.365854,0.323987,,no-power,0.003158,0.003158,0.002931,0.002931,ok
16qam_10dB_2020,16qam,10,1.0,2.0,75,15,0.2,0.18636,,no-power,0.003158,0.003158,0.002931,0.002931,ok
16qam_10dB_2020,16qam,10,2.0,4.0,267,18,0.067416,0.050302,,no-power,0.003158,0.003158,0.002931,0.002931,ok
16qam_10dB_2020,16qam,10,4.0,8.0,1316,4,0.00304,0.003213,,no-power,0.003158,0.003158,0.002931,0.002931,ok
16qam_10dB_2020,16qam,10,8.0,16.0,7172,0,0.0,2.8e-05,,no-power,0.003158,0.003158,0.002931,0.002931,ok
16qam_10dB_2020,16qam,10,16.0,inf,11049,0,0.0,0.0,,no-power,0.003158,0.003158,0.002931,0.002931,ok
16qam_15dB_2022,16qam,15,4.0,8.0,1,0,0.0,0.001496,,no-power,0.0,0.0,0.0,0.0,ok
16qam_15dB_2022,16qam,15,8.0,16.0,19,0,0.0,1.9e-05,,no-power,0.0,0.0,0.0,0.0,ok
16qam_15dB_2022,16qam,15,16.0,inf,19942,0,0.0,0.0,,no-power,0.0,0.0,0.0,0.0,ok
16qam_20dB_2023,16qam,20,16.0,inf,19960,0,0.0,0.0,,no-power,0.0,0.0,0.0,0.0,ok
2fsk_4dB_2024,2fsk,4,0.0,0.5,29,13,0.448276,0.442408,,no-power,0.003756,0.003756,0.002832,0.002832,ok
2fsk_4dB_2024,2fsk,4,0.5,1.0,31,9,0.290323,0.320341,,no-power,0.003756,0.003756,0.002832,0.002832,ok
2fsk_4dB_2024,2fsk,4,1.0,2.0,90,27,0.3,0.18486,1.623,ok,0.003756,0.003756,0.002832,0.002832,ok
2fsk_4dB_2024,2fsk,4,2.0,4.0,254,16,0.062992,0.050379,,no-power,0.003756,0.003756,0.002832,0.002832,ok
2fsk_4dB_2024,2fsk,4,4.0,8.0,1175,9,0.00766,0.003567,,no-power,0.003756,0.003756,0.002832,0.002832,ok
2fsk_4dB_2024,2fsk,4,8.0,16.0,5558,1,0.00018,3.1e-05,,no-power,0.003756,0.003756,0.002832,0.002832,ok
2fsk_4dB_2024,2fsk,4,16.0,inf,12831,0,0.0,0.0,,no-power,0.003756,0.003756,0.002832,0.002832,ok
2fsk_8dB_2025,2fsk,8,4.0,8.0,1,0,0.0,0.000472,,no-power,0.0,0.0,0.0,0.0,ok
2fsk_8dB_2025,2fsk,8,8.0,16.0,39,0,0.0,7e-06,,no-power,0.0,0.0,0.0,0.0,ok
2fsk_8dB_2025,2fsk,8,16.0,inf,19922,0,0.0,0.0,,no-power,0.0,0.0,0.0,0.0,ok
2fsk_10dB_2026,2fsk,10,16.0,inf,19929,0,0.0,0.0,,no-power,0.0,0.0,0.0,0.0,ok
2fsk_15dB_2028,2fsk,15,16.0,inf,19920,0,0.0,0.0,,no-power,0.0,0.0,0.0,0.0,ok
2fsk_20dB_2029,2fsk,20,16.0,inf,19927,0,0.0,0.0,,no-power,0.0,0.0,0.0,0.0,ok
4fsk_4dB_2030,4fsk,4,0.0,0.5,63,28,0.444444,0.437223,1.017,ok,0.005521,0.005521,0.004532,0.004532,ok
4fsk_4dB_2030,4fsk,4,0.5,1.0,57,18,0.315789,0.314663,,no-power,0.005521,0.005521,0.004532,0.004532,ok
4fsk_4dB_2030,4fsk,4,1.0,2.0,130,26,0.2,0.177392,1.127,ok,0.005521,0.005521,0.004532,0.004532,ok
4fsk_4dB_2030,4fsk,4,2.0,4.0,348,23,0.066092,0.046856,1.411,ok,0.005521,0.005521,0.004532,0.004532,ok
4fsk_4dB_2030,4fsk,4,4.0,8.0,1517,13,0.00857,0.003467,,no-power,0.005521,0.005521,0.004532,0.004532,ok
4fsk_4dB_2030,4fsk,4,8.0,16.0,5859,2,0.000341,3.3e-05,,no-power,0.005521,0.005521,0.004532,0.004532,ok
4fsk_4dB_2030,4fsk,4,16.0,inf,11951,0,0.0,0.0,,no-power,0.005521,0.005521,0.004532,0.004532,ok
4fsk_8dB_2031,4fsk,8,4.0,8.0,1,0,0.0,0.000867,,no-power,0.0,0.0,0.0,0.0,ok
4fsk_8dB_2031,4fsk,8,8.0,16.0,62,0,0.0,1.8e-05,,no-power,0.0,0.0,0.0,0.0,ok
4fsk_8dB_2031,4fsk,8,16.0,inf,19879,0,0.0,0.0,,no-power,0.0,0.0,0.0,0.0,ok
4fsk_10dB_2032,4fsk,10,16.0,inf,19939,0,0.0,0.0,,no-power,0.0,0.0,0.0,0.0,ok
4fsk_15dB_2034,4fsk,15,16.0,inf,19960,0,0.0,0.0,,no-power,0.0,0.0,0.0,0.0,ok
4fsk_20dB_2035,4fsk,20,16.0,inf,19934,0,0.0,0.0,,no-power,0.0,0.0,0.0,0.0,ok
