file,true_mod,snr_db,hypothesis,correct,carrier_lock,measured_ber,decodes,status,other_failed
16qam_10dB_2020,16qam,10.0,bpsk,False,0.0147,0.474272,False,low_confidence,output_usable
16qam_10dB_2020,16qam,10.0,qpsk,False,0.2055,0.483525,False,low_confidence,
16qam_10dB_2020,16qam,10.0,8psk,False,0.004,0.481554,False,low_confidence,output_usable
16qam_10dB_2020,16qam,10.0,16qam,True,0.7844,0.003058,True,ok,
16qam_10dB_3020,16qam,10.0,bpsk,False,0.0275,0.476094,False,low_confidence,output_usable
16qam_10dB_3020,16qam,10.0,qpsk,False,0.237,0.483893,False,low_confidence,
16qam_10dB_3020,16qam,10.0,8psk,False,0.006,0.483886,False,low_confidence,output_usable
16qam_10dB_3020,16qam,10.0,16qam,True,0.8246,0.002209,True,ok,
16qam_10dB_4020,16qam,10.0,bpsk,False,0.0197,0.475288,False,low_confidence,output_usable
16qam_10dB_4020,16qam,10.0,qpsk,False,0.2245,0.482792,False,low_confidence,
16qam_10dB_4020,16qam,10.0,8psk,False,0.0282,0.484712,False,low_confidence,output_usable
16qam_10dB_4020,16qam,10.0,16qam,True,0.8483,0.002907,True,ok,
16qam_10dB_5020,16qam,10.0,bpsk,False,0.0203,0.478462,False,low_confidence,output_usable
16qam_10dB_5020,16qam,10.0,qpsk,False,0.2215,0.482578,False,low_confidence,
16qam_10dB_5020,16qam,10.0,8psk,False,0.0238,0.48397,False,low_confidence,output_usable
16qam_10dB_5020,16qam,10.0,16qam,True,0.7982,0.002805,True,ok,
16qam_10dB_6020,16qam,10.0,bpsk,False,0.0213,0.47829,False,low_confidence,output_usable
16qam_10dB_6020,16qam,10.0,qpsk,False,0.2341,0.484211,False,low_confidence,
16qam_10dB_6020,16qam,10.0,8psk,False,0.0322,0.483667,False,low_confidence,output_usable
16qam_10dB_6020,16qam,10.0,16qam,True,0.8461,0.002505,True,ok,
16qam_10dB_7020,16qam,10.0,bpsk,False,0.0191,0.477829,False,low_confidence,output_usable
16qam_10dB_7020,16qam,10.0,qpsk,False,0.2171,0.485107,False,low_confidence,
16qam_10dB_7020,16qam,10.0,8psk,False,0.0519,0.484814,False,low_confidence,output_usable
16qam_10dB_7020,16qam,10.0,16qam,True,0.7933,0.002205,True,ok,
16qam_10dB_8020,16qam,10.0,bpsk,False,0.024,0.477524,False,low_confidence,output_usable
16qam_10dB_8020,16qam,10.0,qpsk,False,0.2453,0.483849,False,low_confidence,
16qam_10dB_8020,16qam,10.0,8psk,False,0.0207,0.484399,False,low_confidence,output_usable
16qam_10dB_8020,16qam,10.0,16qam,True,0.847,0.002458,True,ok,
16qam_13dB_2021,16qam,13.0,bpsk,False,0.0393,0.478325,False,low_confidence,output_usable
16qam_13dB_2021,16qam,13.0,qpsk,False,0.2809,0.484421,False,low_confidence,
16qam_13dB_2021,16qam,13.0,8psk,False,0.0097,0.483353,False,low_confidence,output_usable
16qam_13dB_2021,16qam,13.0,16qam,True,0.9561,0.0001,True,ok,
16qam_13dB_3021,16qam,13.0,bpsk,False,0.0078,0.476201,False,low_confidence,output_usable
16qam_13dB_3021,16qam,13.0,qpsk,False,0.2767,0.481728,False,low_confidence,
16qam_13dB_3021,16qam,13.0,8psk,False,0.0333,0.483216,False,low_confidence,output_usable
16qam_13dB_3021,16qam,13.0,16qam,True,0.9287,5e-05,True,ok,
16qam_13dB_4021,16qam,13.0,bpsk,False,0.0224,0.478354,False,low_confidence,output_usable
16qam_13dB_4021,16qam,13.0,qpsk,False,0.2403,0.484724,False,low_confidence,
16qam_13dB_4021,16qam,13.0,8psk,False,0.0181,0.482921,False,low_confidence,output_usable
16qam_13dB_4021,16qam,13.0,16qam,True,0.8867,0.0,True,ok,
16qam_13dB_5021,16qam,13.0,bpsk,False,0.0194,0.478006,False,low_confidence,output_usable
16qam_13dB_5021,16qam,13.0,qpsk,False,0.2621,0.482348,False,low_confidence,
16qam_13dB_5021,16qam,13.0,8psk,False,0.0234,0.483064,False,low_confidence,output_usable
16qam_13dB_5021,16qam,13.0,16qam,True,0.938,0.0,True,ok,
16qam_13dB_6021,16qam,13.0,bpsk,False,0.0232,0.477211,False,low_confidence,output_usable
16qam_13dB_6021,16qam,13.0,qpsk,False,0.1395,0.484093,False,low_confidence,
16qam_13dB_6021,16qam,13.0,8psk,False,0.0141,0.482861,False,low_confidence,output_usable
16qam_13dB_6021,16qam,13.0,16qam,True,0.892,0.0,True,ok,
16qam_13dB_7021,16qam,13.0,bpsk,False,0.0189,0.472965,False,low_confidence,output_usable
16qam_13dB_7021,16qam,13.0,qpsk,False,0.2568,0.483125,False,low_confidence,
16qam_13dB_7021,16qam,13.0,8psk,False,0.0204,0.483153,False,low_confidence,output_usable
16qam_13dB_7021,16qam,13.0,16qam,True,0.9336,5e-05,True,ok,
16qam_13dB_8021,16qam,13.0,bpsk,False,0.0252,0.477168,False,low_confidence,output_usable
16qam_13dB_8021,16qam,13.0,qpsk,False,0.3006,0.484102,False,low_confidence,
16qam_13dB_8021,16qam,13.0,8psk,False,0.021,0.485175,False,low_confidence,output_usable
16qam_13dB_8021,16qam,13.0,16qam,True,0.9515,0.0,True,ok,
16qam_15dB_2022,16qam,15.0,bpsk,False,0.0241,0.47829,False,low_confidence,output_usable
16qam_15dB_2022,16qam,15.0,qpsk,False,0.299,0.48376,False,low_confidence,
16qam_15dB_2022,16qam,15.0,8psk,False,0.0421,0.481815,False,low_confidence,output_usable
16qam_15dB_2022,16qam,15.0,16qam,True,0.974,0.0,True,ok,
16qam_15dB_3022,16qam,15.0,bpsk,False,0.042,0.478467,False,low_confidence,output_usable
16qam_15dB_3022,16qam,15.0,qpsk,False,0.3075,0.484345,False,low_confidence,
16qam_15dB_3022,16qam,15.0,8psk,False,0.033,0.484439,False,low_confidence,output_usable
16qam_15dB_3022,16qam,15.0,16qam,True,0.9756,0.0,True,ok,
16qam_15dB_4022,16qam,15.0,bpsk,False,0.0279,0.478806,False,low_confidence,output_usable
16qam_15dB_4022,16qam,15.0,qpsk,False,0.3185,0.48378,False,low_confidence,
16qam_15dB_4022,16qam,15.0,8psk,False,0.0183,0.483084,False,low_confidence,output_usable
16qam_15dB_4022,16qam,15.0,16qam,True,0.9698,0.0,True,ok,
16qam_15dB_5022,16qam,15.0,bpsk,False,0.0139,0.477706,False,low_confidence,output_usable
16qam_15dB_5022,16qam,15.0,qpsk,False,0.2793,0.483125,False,low_confidence,
16qam_15dB_5022,16qam,15.0,8psk,False,0.0151,0.483654,False,low_confidence,output_usable
16qam_15dB_5022,16qam,15.0,16qam,True,0.9193,0.0,True,ok,
16qam_15dB_6022,16qam,15.0,bpsk,False,0.0139,0.478148,False,low_confidence,output_usable
16qam_15dB_6022,16qam,15.0,qpsk,False,0.2909,0.48515,False,low_confidence,
16qam_15dB_6022,16qam,15.0,8psk,False,0.0374,0.482594,False,low_confidence,output_usable
16qam_15dB_6022,16qam,15.0,16qam,True,0.9422,0.0,True,ok,
16qam_15dB_7022,16qam,15.0,bpsk,False,0.027,0.473619,False,low_confidence,output_usable
16qam_15dB_7022,16qam,15.0,qpsk,False,0.2812,0.482751,False,low_confidence,
16qam_15dB_7022,16qam,15.0,8psk,False,0.01,0.481969,False,low_confidence,output_usable
16qam_15dB_7022,16qam,15.0,16qam,True,0.9411,0.0,True,ok,
16qam_15dB_8022,16qam,15.0,bpsk,False,0.0172,0.476675,False,low_confidence,output_usable
16qam_15dB_8022,16qam,15.0,qpsk,False,0.2886,0.48396,False,low_confidence,
16qam_15dB_8022,16qam,15.0,8psk,False,0.0431,0.481487,False,low_confidence,output_usable
16qam_15dB_8022,16qam,15.0,16qam,True,0.9759,0.0,True,ok,
16qam_20dB_2023,16qam,20.0,bpsk,False,0.0229,0.475299,False,low_confidence,output_usable
16qam_20dB_2023,16qam,20.0,qpsk,False,0.3231,0.482236,False,low_confidence,
16qam_20dB_2023,16qam,20.0,8psk,False,0.0195,0.482966,False,low_confidence,output_usable
16qam_20dB_2023,16qam,20.0,16qam,True,0.9338,0.0,True,ok,
16qam_20dB_3023,16qam,20.0,bpsk,False,0.024,0.479639,False,low_confidence,output_usable
16qam_20dB_3023,16qam,20.0,qpsk,False,0.3239,0.483362,False,low_confidence,
16qam_20dB_3023,16qam,20.0,8psk,False,0.0203,0.485268,False,low_confidence,output_usable
16qam_20dB_3023,16qam,20.0,16qam,True,0.9333,0.0,True,ok,
16qam_20dB_4023,16qam,20.0,bpsk,False,0.017,0.478741,False,low_confidence,output_usable
16qam_20dB_4023,16qam,20.0,qpsk,False,0.3082,0.483986,False,low_confidence,
16qam_20dB_4023,16qam,20.0,8psk,False,0.0336,0.484669,False,low_confidence,output_usable
16qam_20dB_4023,16qam,20.0,16qam,True,0.9926,0.0,True,ok,
16qam_20dB_5023,16qam,20.0,bpsk,False,0.0167,0.478339,False,low_confidence,output_usable
16qam_20dB_5023,16qam,20.0,qpsk,False,0.3039,0.48336,False,low_confidence,
16qam_20dB_5023,16qam,20.0,8psk,False,0.0172,0.483213,False,low_confidence,output_usable
16qam_20dB_5023,16qam,20.0,16qam,True,0.9504,0.0,True,ok,
16qam_20dB_6023,16qam,20.0,bpsk,False,0.0388,0.476212,False,low_confidence,output_usable
16qam_20dB_6023,16qam,20.0,qpsk,False,0.3282,0.484518,False,low_confidence,
16qam_20dB_6023,16qam,20.0,8psk,False,0.0216,0.485043,False,low_confidence,output_usable
16qam_20dB_6023,16qam,20.0,16qam,True,0.9924,0.0,True,ok,
16qam_20dB_7023,16qam,20.0,bpsk,False,0.0024,0.478438,False,low_confidence,output_usable
16qam_20dB_7023,16qam,20.0,qpsk,False,0.3254,0.482727,False,low_confidence,
16qam_20dB_7023,16qam,20.0,8psk,False,0.0301,0.485209,False,low_confidence,output_usable
16qam_20dB_7023,16qam,20.0,16qam,True,0.9925,0.0,True,ok,
16qam_20dB_8023,16qam,20.0,bpsk,False,0.0116,0.478948,False,low_confidence,output_usable
16qam_20dB_8023,16qam,20.0,qpsk,False,0.3207,0.485043,False,low_confidence,
16qam_20dB_8023,16qam,20.0,8psk,False,0.0082,0.483604,False,low_confidence,output_usable
16qam_20dB_8023,16qam,20.0,16qam,True,0.9927,0.0,True,ok,
16qam_4dB_2018,16qam,4.0,bpsk,False,0.005,0.47655,False,low_confidence,output_usable
16qam_4dB_2018,16qam,4.0,qpsk,False,0.0192,0.484273,False,low_confidence,output_usable
16qam_4dB_2018,16qam,4.0,8psk,False,0.0066,0.484774,False,low_confidence,output_usable
16qam_4dB_2018,16qam,4.0,16qam,True,0.3291,0.08422,False,low_confidence,
16qam_4dB_3018,16qam,4.0,bpsk,False,0.0283,0.477378,False,low_confidence,output_usable
16qam_4dB_3018,16qam,4.0,qpsk,False,0.0115,0.484599,False,low_confidence,output_usable
16qam_4dB_3018,16qam,4.0,8psk,False,0.0303,0.484162,False,low_confidence,output_usable
16qam_4dB_3018,16qam,4.0,16qam,True,0.2963,0.362821,False,low_confidence,output_usable
16qam_4dB_4018,16qam,4.0,bpsk,False,0.0057,0.477342,False,low_confidence,output_usable
16qam_4dB_4018,16qam,4.0,qpsk,False,0.0264,0.483105,False,low_confidence,output_usable
16qam_4dB_4018,16qam,4.0,8psk,False,0.0063,0.483487,False,low_confidence,output_usable
16qam_4dB_4018,16qam,4.0,16qam,True,0.0527,0.34205,False,low_confidence,output_usable
16qam_4dB_5018,16qam,4.0,bpsk,False,0.011,0.478261,False,low_confidence,output_usable
16qam_4dB_5018,16qam,4.0,qpsk,False,0.0107,0.48323,False,low_confidence,output_usable
16qam_4dB_5018,16qam,4.0,8psk,False,0.0064,0.484,False,low_confidence,output_usable
16qam_4dB_5018,16qam,4.0,16qam,True,0.0586,0.391865,False,low_confidence,output_usable
16qam_4dB_6018,16qam,4.0,bpsk,False,0.0222,0.477829,False,low_confidence,output_usable
16qam_4dB_6018,16qam,4.0,qpsk,False,0.0641,0.484655,False,low_confidence,output_usable
16qam_4dB_6018,16qam,4.0,8psk,False,0.0046,0.483711,False,low_confidence,output_usable
16qam_4dB_6018,16qam,4.0,16qam,True,0.3031,0.161437,False,low_confidence,
16qam_4dB_7018,16qam,4.0,bpsk,False,0.012,0.474136,False,low_confidence,output_usable
16qam_4dB_7018,16qam,4.0,qpsk,False,0.0549,0.48464,False,low_confidence,output_usable
16qam_4dB_7018,16qam,4.0,8psk,False,0.0092,0.483546,False,low_confidence,output_usable
16qam_4dB_7018,16qam,4.0,16qam,True,0.2855,0.261327,False,low_confidence,
16qam_4dB_8018,16qam,4.0,bpsk,False,0.014,0.477652,False,low_confidence,output_usable
16qam_4dB_8018,16qam,4.0,qpsk,False,0.0369,0.483352,False,low_confidence,output_usable
16qam_4dB_8018,16qam,4.0,8psk,False,0.0126,0.482302,False,low_confidence,output_usable
16qam_4dB_8018,16qam,4.0,16qam,True,0.0337,0.305926,False,low_confidence,output_usable
16qam_8dB_2019,16qam,8.0,bpsk,False,0.0194,0.479423,False,low_confidence,output_usable
16qam_8dB_2019,16qam,8.0,qpsk,False,0.1708,0.484046,False,low_confidence,
16qam_8dB_2019,16qam,8.0,8psk,False,0.0165,0.482018,False,low_confidence,output_usable
16qam_8dB_2019,16qam,8.0,16qam,True,0.7193,0.012072,False,ok,
16qam_8dB_3019,16qam,8.0,bpsk,False,0.0034,0.47746,False,low_confidence,output_usable
16qam_8dB_3019,16qam,8.0,qpsk,False,0.1776,0.483844,False,low_confidence,
16qam_8dB_3019,16qam,8.0,8psk,False,0.0111,0.483994,False,low_confidence,output_usable
16qam_8dB_3019,16qam,8.0,16qam,True,0.7881,0.011691,False,ok,
16qam_8dB_4019,16qam,8.0,bpsk,False,0.0306,0.476949,False,low_confidence,output_usable
16qam_8dB_4019,16qam,8.0,qpsk,False,0.1079,0.484011,False,low_confidence,
16qam_8dB_4019,16qam,8.0,8psk,False,0.0093,0.48329,False,low_confidence,output_usable
16qam_8dB_4019,16qam,8.0,16qam,True,0.6961,0.012395,False,ok,
16qam_8dB_5019,16qam,8.0,bpsk,False,0.0216,0.477073,False,low_confidence,output_usable
16qam_8dB_5019,16qam,8.0,qpsk,False,0.1525,0.482776,False,low_confidence,
16qam_8dB_5019,16qam,8.0,8psk,False,0.0218,0.483347,False,low_confidence,output_usable
16qam_8dB_5019,16qam,8.0,16qam,True,0.6963,0.011938,False,ok,
16qam_8dB_6019,16qam,8.0,bpsk,False,0.0281,0.474368,False,low_confidence,output_usable
16qam_8dB_6019,16qam,8.0,qpsk,False,0.1774,0.485095,False,low_confidence,
16qam_8dB_6019,16qam,8.0,8psk,False,0.027,0.483348,False,low_confidence,output_usable
16qam_8dB_6019,16qam,8.0,16qam,True,0.7006,0.012288,False,ok,
16qam_8dB_7019,16qam,8.0,bpsk,False,0.0134,0.477524,False,low_confidence,output_usable
16qam_8dB_7019,16qam,8.0,qpsk,False,0.1539,0.484527,False,low_confidence,
16qam_8dB_7019,16qam,8.0,8psk,False,0.034,0.482594,False,low_confidence,output_usable
16qam_8dB_7019,16qam,8.0,16qam,True,0.6865,0.01244,False,ok,
16qam_8dB_8019,16qam,8.0,bpsk,False,0.0225,0.478403,False,low_confidence,output_usable
16qam_8dB_8019,16qam,8.0,qpsk,False,0.1433,0.483365,False,low_confidence,
16qam_8dB_8019,16qam,8.0,8psk,False,0.0083,0.48482,False,low_confidence,output_usable
16qam_8dB_8019,16qam,8.0,16qam,True,0.6805,0.011874,False,ok,
2fsk_10dB_2026,2fsk,10.0,bpsk,False,,1.0,False,failed,signal_present
2fsk_10dB_2026,2fsk,10.0,qpsk,False,,1.0,False,failed,signal_present
2fsk_10dB_2026,2fsk,10.0,8psk,False,,1.0,False,failed,signal_present
2fsk_10dB_2026,2fsk,10.0,16qam,False,,1.0,False,failed,signal_present
2fsk_10dB_3026,2fsk,10.0,bpsk,False,,1.0,False,failed,signal_present
2fsk_10dB_3026,2fsk,10.0,qpsk,False,,1.0,False,failed,signal_present
2fsk_10dB_3026,2fsk,10.0,8psk,False,,1.0,False,failed,signal_present
2fsk_10dB_3026,2fsk,10.0,16qam,False,,1.0,False,failed,signal_present
2fsk_10dB_4026,2fsk,10.0,bpsk,False,,1.0,False,failed,signal_present
2fsk_10dB_4026,2fsk,10.0,qpsk,False,,1.0,False,failed,signal_present
2fsk_10dB_4026,2fsk,10.0,8psk,False,,1.0,False,failed,signal_present
2fsk_10dB_4026,2fsk,10.0,16qam,False,,1.0,False,failed,signal_present
2fsk_10dB_5026,2fsk,10.0,bpsk,False,,1.0,False,failed,signal_present
2fsk_10dB_5026,2fsk,10.0,qpsk,False,,1.0,False,failed,signal_present
2fsk_10dB_5026,2fsk,10.0,8psk,False,,1.0,False,failed,signal_present
2fsk_10dB_5026,2fsk,10.0,16qam,False,,1.0,False,failed,signal_present
2fsk_10dB_6026,2fsk,10.0,bpsk,False,,1.0,False,failed,signal_present
2fsk_10dB_6026,2fsk,10.0,qpsk,False,,1.0,False,failed,signal_present
2fsk_10dB_6026,2fsk,10.0,8psk,False,,1.0,False,failed,signal_present
2fsk_10dB_6026,2fsk,10.0,16qam,False,,1.0,False,failed,signal_present
2fsk_10dB_7026,2fsk,10.0,bpsk,False,,1.0,False,failed,signal_present
2fsk_10dB_7026,2fsk,10.0,qpsk,False,,1.0,False,failed,signal_present
2fsk_10dB_7026,2fsk,10.0,8psk,False,,1.0,False,failed,signal_present
2fsk_10dB_7026,2fsk,10.0,16qam,False,,1.0,False,failed,signal_present
2fsk_10dB_8026,2fsk,10.0,bpsk,False,,1.0,False,failed,signal_present
2fsk_10dB_8026,2fsk,10.0,qpsk,False,,1.0,False,failed,signal_present
2fsk_10dB_8026,2fsk,10.0,8psk,False,,1.0,False,failed,signal_present
2fsk_10dB_8026,2fsk,10.0,16qam,False,,1.0,False,failed,signal_present
2fsk_13dB_2027,2fsk,13.0,bpsk,False,,1.0,False,failed,signal_present
2fsk_13dB_2027,2fsk,13.0,qpsk,False,,1.0,False,failed,signal_present
2fsk_13dB_2027,2fsk,13.0,8psk,False,,1.0,False,failed,signal_present
2fsk_13dB_2027,2fsk,13.0,16qam,False,,1.0,False,failed,signal_present
2fsk_13dB_3027,2fsk,13.0,bpsk,False,,1.0,False,failed,signal_present
2fsk_13dB_3027,2fsk,13.0,qpsk,False,,1.0,False,failed,signal_present
2fsk_13dB_3027,2fsk,13.0,8psk,False,,1.0,False,failed,signal_present
2fsk_13dB_3027,2fsk,13.0,16qam,False,,1.0,False,failed,signal_present
2fsk_13dB_4027,2fsk,13.0,bpsk,False,,1.0,False,failed,signal_present
2fsk_13dB_4027,2fsk,13.0,qpsk,False,,1.0,False,failed,signal_present
2fsk_13dB_4027,2fsk,13.0,8psk,False,,1.0,False,failed,signal_present
2fsk_13dB_4027,2fsk,13.0,16qam,False,,1.0,False,failed,signal_present
2fsk_13dB_5027,2fsk,13.0,bpsk,False,,1.0,False,failed,signal_present
2fsk_13dB_5027,2fsk,13.0,qpsk,False,,1.0,False,failed,signal_present
2fsk_13dB_5027,2fsk,13.0,8psk,False,,1.0,False,failed,signal_present
2fsk_13dB_5027,2fsk,13.0,16qam,False,,1.0,False,failed,signal_present
2fsk_13dB_6027,2fsk,13.0,bpsk,False,,1.0,False,failed,signal_present
2fsk_13dB_6027,2fsk,13.0,qpsk,False,,1.0,False,failed,signal_present
2fsk_13dB_6027,2fsk,13.0,8psk,False,,1.0,False,failed,signal_present
2fsk_13dB_6027,2fsk,13.0,16qam,False,,1.0,False,failed,signal_present
2fsk_13dB_7027,2fsk,13.0,bpsk,False,,1.0,False,failed,signal_present
2fsk_13dB_7027,2fsk,13.0,qpsk,False,,1.0,False,failed,signal_present
2fsk_13dB_7027,2fsk,13.0,8psk,False,,1.0,False,failed,signal_present
2fsk_13dB_7027,2fsk,13.0,16qam,False,,1.0,False,failed,signal_present
2fsk_13dB_8027,2fsk,13.0,bpsk,False,,1.0,False,failed,signal_present
2fsk_13dB_8027,2fsk,13.0,qpsk,False,,1.0,False,failed,signal_present
2fsk_13dB_8027,2fsk,13.0,8psk,False,,1.0,False,failed,signal_present
2fsk_13dB_8027,2fsk,13.0,16qam,False,,1.0,False,failed,signal_present
2fsk_15dB_2028,2fsk,15.0,bpsk,False,,1.0,False,failed,signal_present
2fsk_15dB_2028,2fsk,15.0,qpsk,False,,1.0,False,failed,signal_present
2fsk_15dB_2028,2fsk,15.0,8psk,False,,1.0,False,failed,signal_present
2fsk_15dB_2028,2fsk,15.0,16qam,False,,1.0,False,failed,signal_present
2fsk_15dB_3028,2fsk,15.0,bpsk,False,,1.0,False,failed,signal_present
2fsk_15dB_3028,2fsk,15.0,qpsk,False,,1.0,False,failed,signal_present
2fsk_15dB_3028,2fsk,15.0,8psk,False,,1.0,False,failed,signal_present
2fsk_15dB_3028,2fsk,15.0,16qam,False,,1.0,False,failed,signal_present
2fsk_15dB_4028,2fsk,15.0,bpsk,False,,1.0,False,failed,signal_present
2fsk_15dB_4028,2fsk,15.0,qpsk,False,,1.0,False,failed,signal_present
2fsk_15dB_4028,2fsk,15.0,8psk,False,,1.0,False,failed,signal_present
2fsk_15dB_4028,2fsk,15.0,16qam,False,,1.0,False,failed,signal_present
2fsk_15dB_5028,2fsk,15.0,bpsk,False,,1.0,False,failed,signal_present
2fsk_15dB_5028,2fsk,15.0,qpsk,False,,1.0,False,failed,signal_present
2fsk_15dB_5028,2fsk,15.0,8psk,False,,1.0,False,failed,signal_present
2fsk_15dB_5028,2fsk,15.0,16qam,False,,1.0,False,failed,signal_present
2fsk_15dB_6028,2fsk,15.0,bpsk,False,,1.0,False,failed,signal_present
2fsk_15dB_6028,2fsk,15.0,qpsk,False,,1.0,False,failed,signal_present
2fsk_15dB_6028,2fsk,15.0,8psk,False,,1.0,False,failed,signal_present
2fsk_15dB_6028,2fsk,15.0,16qam,False,,1.0,False,failed,signal_present
2fsk_15dB_7028,2fsk,15.0,bpsk,False,,1.0,False,failed,signal_present
2fsk_15dB_7028,2fsk,15.0,qpsk,False,,1.0,False,failed,signal_present
2fsk_15dB_7028,2fsk,15.0,8psk,False,,1.0,False,failed,signal_present
2fsk_15dB_7028,2fsk,15.0,16qam,False,,1.0,False,failed,signal_present
2fsk_15dB_8028,2fsk,15.0,bpsk,False,,1.0,False,failed,signal_present
2fsk_15dB_8028,2fsk,15.0,qpsk,False,,1.0,False,failed,signal_present
2fsk_15dB_8028,2fsk,15.0,8psk,False,,1.0,False,failed,signal_present
2fsk_15dB_8028,2fsk,15.0,16qam,False,,1.0,False,failed,signal_present
2fsk_20dB_2029,2fsk,20.0,bpsk,False,,1.0,False,failed,signal_present
2fsk_20dB_2029,2fsk,20.0,qpsk,False,,1.0,False,failed,signal_present
2fsk_20dB_2029,2fsk,20.0,8psk,False,,1.0,False,failed,signal_present
2fsk_20dB_2029,2fsk,20.0,16qam,False,,1.0,False,failed,signal_present
2fsk_20dB_3029,2fsk,20.0,bpsk,False,,1.0,False,failed,signal_present
2fsk_20dB_3029,2fsk,20.0,qpsk,False,,1.0,False,failed,signal_present
2fsk_20dB_3029,2fsk,20.0,8psk,False,,1.0,False,failed,signal_present
2fsk_20dB_3029,2fsk,20.0,16qam,False,,1.0,False,failed,signal_present
2fsk_20dB_4029,2fsk,20.0,bpsk,False,,1.0,False,failed,signal_present
2fsk_20dB_4029,2fsk,20.0,qpsk,False,,1.0,False,failed,signal_present
2fsk_20dB_4029,2fsk,20.0,8psk,False,,1.0,False,failed,signal_present
2fsk_20dB_4029,2fsk,20.0,16qam,False,,1.0,False,failed,signal_present
2fsk_20dB_5029,2fsk,20.0,bpsk,False,,1.0,False,failed,signal_present
2fsk_20dB_5029,2fsk,20.0,qpsk,False,,1.0,False,failed,signal_present
2fsk_20dB_5029,2fsk,20.0,8psk,False,,1.0,False,failed,signal_present
2fsk_20dB_5029,2fsk,20.0,16qam,False,,1.0,False,failed,signal_present
2fsk_20dB_6029,2fsk,20.0,bpsk,False,,1.0,False,failed,signal_present
2fsk_20dB_6029,2fsk,20.0,qpsk,False,,1.0,False,failed,signal_present
2fsk_20dB_6029,2fsk,20.0,8psk,False,,1.0,False,failed,signal_present
2fsk_20dB_6029,2fsk,20.0,16qam,False,,1.0,False,failed,signal_present
2fsk_20dB_7029,2fsk,20.0,bpsk,False,,1.0,False,failed,signal_present
2fsk_20dB_7029,2fsk,20.0,qpsk,False,,1.0,False,failed,signal_present
2fsk_20dB_7029,2fsk,20.0,8psk,False,,1.0,False,failed,signal_present
2fsk_20dB_7029,2fsk,20.0,16qam,False,,1.0,False,failed,signal_present
2fsk_20dB_8029,2fsk,20.0,bpsk,False,,1.0,False,failed,signal_present
2fsk_20dB_8029,2fsk,20.0,qpsk,False,,1.0,False,failed,signal_present
2fsk_20dB_8029,2fsk,20.0,8psk,False,,1.0,False,failed,signal_present
2fsk_20dB_8029,2fsk,20.0,16qam,False,,1.0,False,failed,signal_present
2fsk_4dB_2024,2fsk,4.0,bpsk,False,,1.0,False,failed,signal_present
2fsk_4dB_2024,2fsk,4.0,qpsk,False,,1.0,False,failed,signal_present
2fsk_4dB_2024,2fsk,4.0,8psk,False,,1.0,False,failed,signal_present
2fsk_4dB_2024,2fsk,4.0,16qam,False,,1.0,False,failed,signal_present
2fsk_4dB_3024,2fsk,4.0,bpsk,False,,1.0,False,failed,signal_present
2fsk_4dB_3024,2fsk,4.0,qpsk,False,,1.0,False,failed,signal_present
2fsk_4dB_3024,2fsk,4.0,8psk,False,,1.0,False,failed,signal_present
2fsk_4dB_3024,2fsk,4.0,16qam,False,,1.0,False,failed,signal_present
2fsk_4dB_4024,2fsk,4.0,bpsk,False,,1.0,False,failed,signal_present
2fsk_4dB_4024,2fsk,4.0,qpsk,False,,1.0,False,failed,signal_present
2fsk_4dB_4024,2fsk,4.0,8psk,False,,1.0,False,failed,signal_present
2fsk_4dB_4024,2fsk,4.0,16qam,False,,1.0,False,failed,signal_present
2fsk_4dB_5024,2fsk,4.0,bpsk,False,,1.0,False,failed,signal_present
2fsk_4dB_5024,2fsk,4.0,qpsk,False,,1.0,False,failed,signal_present
2fsk_4dB_5024,2fsk,4.0,8psk,False,,1.0,False,failed,signal_present
2fsk_4dB_5024,2fsk,4.0,16qam,False,,1.0,False,failed,signal_present
2fsk_4dB_6024,2fsk,4.0,bpsk,False,,1.0,False,failed,signal_present
2fsk_4dB_6024,2fsk,4.0,qpsk,False,,1.0,False,failed,signal_present
2fsk_4dB_6024,2fsk,4.0,8psk,False,,1.0,False,failed,signal_present
2fsk_4dB_6024,2fsk,4.0,16qam,False,,1.0,False,failed,signal_present
2fsk_4dB_7024,2fsk,4.0,bpsk,False,,1.0,False,failed,signal_present
2fsk_4dB_7024,2fsk,4.0,qpsk,False,,1.0,False,failed,signal_present
2fsk_4dB_7024,2fsk,4.0,8psk,False,,1.0,False,failed,signal_present
2fsk_4dB_7024,2fsk,4.0,16qam,False,,1.0,False,failed,signal_present
2fsk_4dB_8024,2fsk,4.0,bpsk,False,,1.0,False,failed,signal_present
2fsk_4dB_8024,2fsk,4.0,qpsk,False,,1.0,False,failed,signal_present
2fsk_4dB_8024,2fsk,4.0,8psk,False,,1.0,False,failed,signal_present
2fsk_4dB_8024,2fsk,4.0,16qam,False,,1.0,False,failed,signal_present
2fsk_8dB_2025,2fsk,8.0,bpsk,False,,1.0,False,failed,signal_present
2fsk_8dB_2025,2fsk,8.0,qpsk,False,,1.0,False,failed,signal_present
2fsk_8dB_2025,2fsk,8.0,8psk,False,,1.0,False,failed,signal_present
2fsk_8dB_2025,2fsk,8.0,16qam,False,,1.0,False,failed,signal_present
2fsk_8dB_3025,2fsk,8.0,bpsk,False,,1.0,False,failed,signal_present
2fsk_8dB_3025,2fsk,8.0,qpsk,False,,1.0,False,failed,signal_present
2fsk_8dB_3025,2fsk,8.0,8psk,False,,1.0,False,failed,signal_present
2fsk_8dB_3025,2fsk,8.0,16qam,False,,1.0,False,failed,signal_present
2fsk_8dB_4025,2fsk,8.0,bpsk,False,,1.0,False,failed,signal_present
2fsk_8dB_4025,2fsk,8.0,qpsk,False,,1.0,False,failed,signal_present
2fsk_8dB_4025,2fsk,8.0,8psk,False,,1.0,False,failed,signal_present
2fsk_8dB_4025,2fsk,8.0,16qam,False,,1.0,False,failed,signal_present
2fsk_8dB_5025,2fsk,8.0,bpsk,False,,1.0,False,failed,signal_present
2fsk_8dB_5025,2fsk,8.0,qpsk,False,,1.0,False,failed,signal_present
2fsk_8dB_5025,2fsk,8.0,8psk,False,,1.0,False,failed,signal_present
2fsk_8dB_5025,2fsk,8.0,16qam,False,,1.0,False,failed,signal_present
2fsk_8dB_6025,2fsk,8.0,bpsk,False,,1.0,False,failed,signal_present
2fsk_8dB_6025,2fsk,8.0,qpsk,False,,1.0,False,failed,signal_present
2fsk_8dB_6025,2fsk,8.0,8psk,False,,1.0,False,failed,signal_present
2fsk_8dB_6025,2fsk,8.0,16qam,False,,1.0,False,failed,signal_present
2fsk_8dB_7025,2fsk,8.0,bpsk,False,,1.0,False,failed,signal_present
2fsk_8dB_7025,2fsk,8.0,qpsk,False,,1.0,False,failed,signal_present
2fsk_8dB_7025,2fsk,8.0,8psk,False,,1.0,False,failed,signal_present
2fsk_8dB_7025,2fsk,8.0,16qam,False,,1.0,False,failed,signal_present
2fsk_8dB_8025,2fsk,8.0,bpsk,False,,1.0,False,failed,signal_present
2fsk_8dB_8025,2fsk,8.0,qpsk,False,,1.0,False,failed,signal_present
2fsk_8dB_8025,2fsk,8.0,8psk,False,,1.0,False,failed,signal_present
2fsk_8dB_8025,2fsk,8.0,16qam,False,,1.0,False,failed,signal_present
4fsk_10dB_2032,4fsk,10.0,bpsk,False,,1.0,False,failed,signal_present
4fsk_10dB_2032,4fsk,10.0,qpsk,False,,1.0,False,failed,signal_present
4fsk_10dB_2032,4fsk,10.0,8psk,False,,1.0,False,failed,signal_present
4fsk_10dB_2032,4fsk,10.0,16qam,False,,1.0,False,failed,signal_present
4fsk_10dB_3032,4fsk,10.0,bpsk,False,,1.0,False,failed,signal_present
4fsk_10dB_3032,4fsk,10.0,qpsk,False,,1.0,False,failed,signal_present
4fsk_10dB_3032,4fsk,10.0,8psk,False,,1.0,False,failed,signal_present
4fsk_10dB_3032,4fsk,10.0,16qam,False,,1.0,False,failed,signal_present
4fsk_10dB_4032,4fsk,10.0,bpsk,False,,1.0,False,failed,signal_present
4fsk_10dB_4032,4fsk,10.0,qpsk,False,,1.0,False,failed,signal_present
4fsk_10dB_4032,4fsk,10.0,8psk,False,,1.0,False,failed,signal_present
4fsk_10dB_4032,4fsk,10.0,16qam,False,,1.0,False,failed,signal_present
4fsk_10dB_5032,4fsk,10.0,bpsk,False,,1.0,False,failed,signal_present
4fsk_10dB_5032,4fsk,10.0,qpsk,False,,1.0,False,failed,signal_present
4fsk_10dB_5032,4fsk,10.0,8psk,False,,1.0,False,failed,signal_present
4fsk_10dB_5032,4fsk,10.0,16qam,False,,1.0,False,failed,signal_present
4fsk_10dB_6032,4fsk,10.0,bpsk,False,,1.0,False,failed,signal_present
4fsk_10dB_6032,4fsk,10.0,qpsk,False,,1.0,False,failed,signal_present
4fsk_10dB_6032,4fsk,10.0,8psk,False,,1.0,False,failed,signal_present
4fsk_10dB_6032,4fsk,10.0,16qam,False,,1.0,False,failed,signal_present
4fsk_10dB_7032,4fsk,10.0,bpsk,False,,1.0,False,failed,signal_present
4fsk_10dB_7032,4fsk,10.0,qpsk,False,,1.0,False,failed,signal_present
4fsk_10dB_7032,4fsk,10.0,8psk,False,,1.0,False,failed,signal_present
4fsk_10dB_7032,4fsk,10.0,16qam,False,,1.0,False,failed,signal_present
4fsk_10dB_8032,4fsk,10.0,bpsk,False,,1.0,False,failed,signal_present
4fsk_10dB_8032,4fsk,10.0,qpsk,False,,1.0,False,failed,signal_present
4fsk_10dB_8032,4fsk,10.0,8psk,False,,1.0,False,failed,signal_present
4fsk_10dB_8032,4fsk,10.0,16qam,False,,1.0,False,failed,signal_present
4fsk_13dB_2033,4fsk,13.0,bpsk,False,,1.0,False,failed,signal_present
4fsk_13dB_2033,4fsk,13.0,qpsk,False,,1.0,False,failed,signal_present
4fsk_13dB_2033,4fsk,13.0,8psk,False,,1.0,False,failed,signal_present
4fsk_13dB_2033,4fsk,13.0,16qam,False,,1.0,False,failed,signal_present
4fsk_13dB_3033,4fsk,13.0,bpsk,False,,1.0,False,failed,signal_present
4fsk_13dB_3033,4fsk,13.0,qpsk,False,,1.0,False,failed,signal_present
4fsk_13dB_3033,4fsk,13.0,8psk,False,,1.0,False,failed,signal_present
4fsk_13dB_3033,4fsk,13.0,16qam,False,,1.0,False,failed,signal_present
4fsk_13dB_4033,4fsk,13.0,bpsk,False,,1.0,False,failed,signal_present
4fsk_13dB_4033,4fsk,13.0,qpsk,False,,1.0,False,failed,signal_present
4fsk_13dB_4033,4fsk,13.0,8psk,False,,1.0,False,failed,signal_present
4fsk_13dB_4033,4fsk,13.0,16qam,False,,1.0,False,failed,signal_present
4fsk_13dB_5033,4fsk,13.0,bpsk,False,,1.0,False,failed,signal_present
4fsk_13dB_5033,4fsk,13.0,qpsk,False,,1.0,False,failed,signal_present
4fsk_13dB_5033,4fsk,13.0,8psk,False,,1.0,False,failed,signal_present
4fsk_13dB_5033,4fsk,13.0,16qam,False,,1.0,False,failed,signal_present
4fsk_13dB_6033,4fsk,13.0,bpsk,False,,1.0,False,failed,signal_present
4fsk_13dB_6033,4fsk,13.0,qpsk,False,,1.0,False,failed,signal_present
4fsk_13dB_6033,4fsk,13.0,8psk,False,,1.0,False,failed,signal_present
4fsk_13dB_6033,4fsk,13.0,16qam,False,,1.0,False,failed,signal_present
4fsk_13dB_7033,4fsk,13.0,bpsk,False,,1.0,False,failed,signal_present
4fsk_13dB_7033,4fsk,13.0,qpsk,False,,1.0,False,failed,signal_present
4fsk_13dB_7033,4fsk,13.0,8psk,False,,1.0,False,failed,signal_present
4fsk_13dB_7033,4fsk,13.0,16qam,False,,1.0,False,failed,signal_present
4fsk_13dB_8033,4fsk,13.0,bpsk,False,,1.0,False,failed,signal_present
4fsk_13dB_8033,4fsk,13.0,qpsk,False,,1.0,False,failed,signal_present
4fsk_13dB_8033,4fsk,13.0,8psk,False,,1.0,False,failed,signal_present
4fsk_13dB_8033,4fsk,13.0,16qam,False,,1.0,False,failed,signal_present
4fsk_15dB_2034,4fsk,15.0,bpsk,False,,1.0,False,failed,signal_present
4fsk_15dB_2034,4fsk,15.0,qpsk,False,,1.0,False,failed,signal_present
4fsk_15dB_2034,4fsk,15.0,8psk,False,,1.0,False,failed,signal_present
4fsk_15dB_2034,4fsk,15.0,16qam,False,,1.0,False,failed,signal_present
4fsk_15dB_3034,4fsk,15.0,bpsk,False,,1.0,False,failed,signal_present
4fsk_15dB_3034,4fsk,15.0,qpsk,False,,1.0,False,failed,signal_present
4fsk_15dB_3034,4fsk,15.0,8psk,False,,1.0,False,failed,signal_present
4fsk_15dB_3034,4fsk,15.0,16qam,False,,1.0,False,failed,signal_present
4fsk_15dB_4034,4fsk,15.0,bpsk,False,,1.0,False,failed,signal_present
4fsk_15dB_4034,4fsk,15.0,qpsk,False,,1.0,False,failed,signal_present
4fsk_15dB_4034,4fsk,15.0,8psk,False,,1.0,False,failed,signal_present
4fsk_15dB_4034,4fsk,15.0,16qam,False,,1.0,False,failed,signal_present
4fsk_15dB_5034,4fsk,15.0,bpsk,False,,1.0,False,failed,signal_present
4fsk_15dB_5034,4fsk,15.0,qpsk,False,,1.0,False,failed,signal_present
4fsk_15dB_5034,4fsk,15.0,8psk,False,,1.0,False,failed,signal_present
4fsk_15dB_5034,4fsk,15.0,16qam,False,,1.0,False,failed,signal_present
4fsk_15dB_6034,4fsk,15.0,bpsk,False,,1.0,False,failed,signal_present
4fsk_15dB_6034,4fsk,15.0,qpsk,False,,1.0,False,failed,signal_present
4fsk_15dB_6034,4fsk,15.0,8psk,False,,1.0,False,failed,signal_present
4fsk_15dB_6034,4fsk,15.0,16qam,False,,1.0,False,failed,signal_present
4fsk_15dB_7034,4fsk,15.0,bpsk,False,,1.0,False,failed,signal_present
4fsk_15dB_7034,4fsk,15.0,qpsk,False,,1.0,False,failed,signal_present
4fsk_15dB_7034,4fsk,15.0,8psk,False,,1.0,False,failed,signal_present
4fsk_15dB_7034,4fsk,15.0,16qam,False,,1.0,False,failed,signal_present
4fsk_15dB_8034,4fsk,15.0,bpsk,False,,1.0,False,failed,signal_present
4fsk_15dB_8034,4fsk,15.0,qpsk,False,,1.0,False,failed,signal_present
4fsk_15dB_8034,4fsk,15.0,8psk,False,,1.0,False,failed,signal_present
4fsk_15dB_8034,4fsk,15.0,16qam,False,,1.0,False,failed,signal_present
4fsk_20dB_2035,4fsk,20.0,bpsk,False,,1.0,False,failed,signal_present
4fsk_20dB_2035,4fsk,20.0,qpsk,False,,1.0,False,failed,signal_present
4fsk_20dB_2035,4fsk,20.0,8psk,False,,1.0,False,failed,signal_present
4fsk_20dB_2035,4fsk,20.0,16qam,False,,1.0,False,failed,signal_present
4fsk_20dB_3035,4fsk,20.0,bpsk,False,,1.0,False,failed,signal_present
4fsk_20dB_3035,4fsk,20.0,qpsk,False,,1.0,False,failed,signal_present
4fsk_20dB_3035,4fsk,20.0,8psk,False,,1.0,False,failed,signal_present
4fsk_20dB_3035,4fsk,20.0,16qam,False,,1.0,False,failed,signal_present
4fsk_20dB_4035,4fsk,20.0,bpsk,False,,1.0,False,failed,signal_present
4fsk_20dB_4035,4fsk,20.0,qpsk,False,,1.0,False,failed,signal_present
4fsk_20dB_4035,4fsk,20.0,8psk,False,,1.0,False,failed,signal_present
4fsk_20dB_4035,4fsk,20.0,16qam,False,,1.0,False,failed,signal_present
4fsk_20dB_5035,4fsk,20.0,bpsk,False,,1.0,False,failed,signal_present
4fsk_20dB_5035,4fsk,20.0,qpsk,False,,1.0,False,failed,signal_present
4fsk_20dB_5035,4fsk,20.0,8psk,False,,1.0,False,failed,signal_present
4fsk_20dB_5035,4fsk,20.0,16qam,False,,1.0,False,failed,signal_present
4fsk_20dB_6035,4fsk,20.0,bpsk,False,,1.0,False,failed,signal_present
4fsk_20dB_6035,4fsk,20.0,qpsk,False,,1.0,False,failed,signal_present
4fsk_20dB_6035,4fsk,20.0,8psk,False,,1.0,False,failed,signal_present
4fsk_20dB_6035,4fsk,20.0,16qam,False,,1.0,False,failed,signal_present
4fsk_20dB_7035,4fsk,20.0,bpsk,False,,1.0,False,failed,signal_present
4fsk_20dB_7035,4fsk,20.0,qpsk,False,,1.0,False,failed,signal_present
4fsk_20dB_7035,4fsk,20.0,8psk,False,,1.0,False,failed,signal_present
4fsk_20dB_7035,4fsk,20.0,16qam,False,,1.0,False,failed,signal_present
4fsk_20dB_8035,4fsk,20.0,bpsk,False,,1.0,False,failed,signal_present
4fsk_20dB_8035,4fsk,20.0,qpsk,False,,1.0,False,failed,signal_present
4fsk_20dB_8035,4fsk,20.0,8psk,False,,1.0,False,failed,signal_present
4fsk_20dB_8035,4fsk,20.0,16qam,False,,1.0,False,failed,signal_present
4fsk_4dB_2030,4fsk,4.0,bpsk,False,,1.0,False,failed,signal_present
4fsk_4dB_2030,4fsk,4.0,qpsk,False,,1.0,False,failed,signal_present
4fsk_4dB_2030,4fsk,4.0,8psk,False,,1.0,False,failed,signal_present
4fsk_4dB_2030,4fsk,4.0,16qam,False,,1.0,False,failed,signal_present
4fsk_4dB_3030,4fsk,4.0,bpsk,False,,1.0,False,failed,signal_present
4fsk_4dB_3030,4fsk,4.0,qpsk,False,,1.0,False,failed,signal_present
4fsk_4dB_3030,4fsk,4.0,8psk,False,,1.0,False,failed,signal_present
4fsk_4dB_3030,4fsk,4.0,16qam,False,,1.0,False,failed,signal_present
4fsk_4dB_4030,4fsk,4.0,bpsk,False,,1.0,False,failed,signal_present
4fsk_4dB_4030,4fsk,4.0,qpsk,False,,1.0,False,failed,signal_present
4fsk_4dB_4030,4fsk,4.0,8psk,False,,1.0,False,failed,signal_present
4fsk_4dB_4030,4fsk,4.0,16qam,False,,1.0,False,failed,signal_present
4fsk_4dB_5030,4fsk,4.0,bpsk,False,,1.0,False,failed,signal_present
4fsk_4dB_5030,4fsk,4.0,qpsk,False,,1.0,False,failed,signal_present
4fsk_4dB_5030,4fsk,4.0,8psk,False,,1.0,False,failed,signal_present
4fsk_4dB_5030,4fsk,4.0,16qam,False,,1.0,False,failed,signal_present
4fsk_4dB_6030,4fsk,4.0,bpsk,False,,1.0,False,failed,signal_present
4fsk_4dB_6030,4fsk,4.0,qpsk,False,,1.0,False,failed,signal_present
4fsk_4dB_6030,4fsk,4.0,8psk,False,,1.0,False,failed,signal_present
4fsk_4dB_6030,4fsk,4.0,16qam,False,,1.0,False,failed,signal_present
4fsk_4dB_7030,4fsk,4.0,bpsk,False,,1.0,False,failed,signal_present
4fsk_4dB_7030,4fsk,4.0,qpsk,False,,1.0,False,failed,signal_present
4fsk_4dB_7030,4fsk,4.0,8psk,False,,1.0,False,failed,signal_present
4fsk_4dB_7030,4fsk,4.0,16qam,False,,1.0,False,failed,signal_present
4fsk_4dB_8030,4fsk,4.0,bpsk,False,,1.0,False,failed,signal_present
4fsk_4dB_8030,4fsk,4.0,qpsk,False,,1.0,False,failed,signal_present
4fsk_4dB_8030,4fsk,4.0,8psk,False,,1.0,False,failed,signal_present
4fsk_4dB_8030,4fsk,4.0,16qam,False,,1.0,False,failed,signal_present
4fsk_8dB_2031,4fsk,8.0,bpsk,False,,1.0,False,failed,signal_present
4fsk_8dB_2031,4fsk,8.0,qpsk,False,,1.0,False,failed,signal_present
4fsk_8dB_2031,4fsk,8.0,8psk,False,,1.0,False,failed,signal_present
4fsk_8dB_2031,4fsk,8.0,16qam,False,,1.0,False,failed,signal_present
4fsk_8dB_3031,4fsk,8.0,bpsk,False,,1.0,False,failed,signal_present
4fsk_8dB_3031,4fsk,8.0,qpsk,False,,1.0,False,failed,signal_present
4fsk_8dB_3031,4fsk,8.0,8psk,False,,1.0,False,failed,signal_present
4fsk_8dB_3031,4fsk,8.0,16qam,False,,1.0,False,failed,signal_present
4fsk_8dB_4031,4fsk,8.0,bpsk,False,,1.0,False,failed,signal_present
4fsk_8dB_4031,4fsk,8.0,qpsk,False,,1.0,False,failed,signal_present
4fsk_8dB_4031,4fsk,8.0,8psk,False,,1.0,False,failed,signal_present
4fsk_8dB_4031,4fsk,8.0,16qam,False,,1.0,False,failed,signal_present
4fsk_8dB_5031,4fsk,8.0,bpsk,False,,1.0,False,failed,signal_present
4fsk_8dB_5031,4fsk,8.0,qpsk,False,,1.0,False,failed,signal_present
4fsk_8dB_5031,4fsk,8.0,8psk,False,,1.0,False,failed,signal_present
4fsk_8dB_5031,4fsk,8.0,16qam,False,,1.0,False,failed,signal_present
4fsk_8dB_6031,4fsk,8.0,bpsk,False,,1.0,False,failed,signal_present
4fsk_8dB_6031,4fsk,8.0,qpsk,False,,1.0,False,failed,signal_present
4fsk_8dB_6031,4fsk,8.0,8psk,False,,1.0,False,failed,signal_present
4fsk_8dB_6031,4fsk,8.0,16qam,False,,1.0,False,failed,signal_present
4fsk_8dB_7031,4fsk,8.0,bpsk,False,,1.0,False,failed,signal_present
4fsk_8dB_7031,4fsk,8.0,qpsk,False,,1.0,False,failed,signal_present
4fsk_8dB_7031,4fsk,8.0,8psk,False,,1.0,False,failed,signal_present
4fsk_8dB_7031,4fsk,8.0,16qam,False,,1.0,False,failed,signal_present
4fsk_8dB_8031,4fsk,8.0,bpsk,False,,1.0,False,failed,signal_present
4fsk_8dB_8031,4fsk,8.0,qpsk,False,,1.0,False,failed,signal_present
4fsk_8dB_8031,4fsk,8.0,8psk,False,,1.0,False,failed,signal_present
4fsk_8dB_8031,4fsk,8.0,16qam,False,,1.0,False,failed,signal_present
8psk_10dB_2014,8psk,10.0,bpsk,False,0.0139,0.480679,False,low_confidence,output_usable
8psk_10dB_2014,8psk,10.0,qpsk,False,0.0088,0.486092,False,low_confidence,
8psk_10dB_2014,8psk,10.0,8psk,True,0.6594,0.000301,True,ok,
8psk_10dB_2014,8psk,10.0,16qam,False,0.0329,0.482333,False,low_confidence,alphabet_used
8psk_10dB_3014,8psk,10.0,bpsk,False,0.0234,0.48122,False,low_confidence,output_usable
8psk_10dB_3014,8psk,10.0,qpsk,False,0.0213,0.48517,False,low_confidence,
8psk_10dB_3014,8psk,10.0,8psk,True,0.6508,0.0002,True,ok,
8psk_10dB_3014,8psk,10.0,16qam,False,0.0441,0.483517,False,low_confidence,alphabet_used
8psk_10dB_4014,8psk,10.0,bpsk,False,0.0246,0.480013,False,low_confidence,output_usable
8psk_10dB_4014,8psk,10.0,qpsk,False,0.0193,0.486161,False,low_confidence,
8psk_10dB_4014,8psk,10.0,8psk,True,0.672,0.000351,True,ok,
8psk_10dB_4014,8psk,10.0,16qam,False,0.0824,0.484105,False,low_confidence,alphabet_used
8psk_10dB_5014,8psk,10.0,bpsk,False,0.0161,0.481028,False,low_confidence,output_usable
8psk_10dB_5014,8psk,10.0,qpsk,False,0.0192,0.485527,False,low_confidence,
8psk_10dB_5014,8psk,10.0,8psk,True,0.6655,0.000251,True,ok,
8psk_10dB_5014,8psk,10.0,16qam,False,0.0119,0.484473,False,low_confidence,alphabet_used
8psk_10dB_6014,8psk,10.0,bpsk,False,0.0245,0.481731,False,low_confidence,output_usable
8psk_10dB_6014,8psk,10.0,qpsk,False,0.0345,0.484101,False,low_confidence,
8psk_10dB_6014,8psk,10.0,8psk,True,0.6514,0.000401,True,ok,
8psk_10dB_6014,8psk,10.0,16qam,False,0.0165,0.485405,False,low_confidence,alphabet_used
8psk_10dB_7014,8psk,10.0,bpsk,False,0.0447,0.478032,False,low_confidence,output_usable
8psk_10dB_7014,8psk,10.0,qpsk,False,0.0141,0.481916,False,low_confidence,
8psk_10dB_7014,8psk,10.0,8psk,True,0.6511,0.000251,True,ok,
8psk_10dB_7014,8psk,10.0,16qam,False,0.0382,0.484525,False,low_confidence,alphabet_used
8psk_10dB_8014,8psk,10.0,bpsk,False,0.0167,0.480934,False,low_confidence,output_usable
8psk_10dB_8014,8psk,10.0,qpsk,False,0.008,0.486021,False,low_confidence,
8psk_10dB_8014,8psk,10.0,8psk,True,0.6603,0.000301,True,ok,
8psk_10dB_8014,8psk,10.0,16qam,False,0.023,0.484666,False,low_confidence,alphabet_used
8psk_13dB_2015,8psk,13.0,bpsk,False,0.0131,0.480752,False,low_confidence,output_usable
8psk_13dB_2015,8psk,13.0,qpsk,False,0.0128,0.48576,False,low_confidence,
8psk_13dB_2015,8psk,13.0,8psk,True,0.8023,0.0,True,ok,
8psk_13dB_2015,8psk,13.0,16qam,False,0.0466,0.483454,False,low_confidence,alphabet_used
8psk_13dB_3015,8psk,13.0,bpsk,False,0.0245,0.481491,False,low_confidence,output_usable
8psk_13dB_3015,8psk,13.0,qpsk,False,0.0066,0.483955,False,low_confidence,
8psk_13dB_3015,8psk,13.0,8psk,True,0.8108,0.0,True,ok,
8psk_13dB_3015,8psk,13.0,16qam,False,0.051,0.483704,False,low_confidence,alphabet_used
8psk_13dB_4015,8psk,13.0,bpsk,False,0.0228,0.480605,False,low_confidence,output_usable
8psk_13dB_4015,8psk,13.0,qpsk,False,0.0359,0.485518,False,low_confidence,
8psk_13dB_4015,8psk,13.0,8psk,True,0.8178,0.0,True,ok,
8psk_13dB_4015,8psk,13.0,16qam,False,0.031,0.484614,False,low_confidence,alphabet_used
8psk_13dB_5015,8psk,13.0,bpsk,False,0.0234,0.481241,False,low_confidence,output_usable
8psk_13dB_5015,8psk,13.0,qpsk,False,0.0243,0.485759,False,low_confidence,
8psk_13dB_5015,8psk,13.0,8psk,True,0.8026,0.0,True,ok,
8psk_13dB_5015,8psk,13.0,16qam,False,0.0184,0.48285,False,low_confidence,alphabet_used
8psk_13dB_6015,8psk,13.0,bpsk,False,0.0101,0.4806,False,low_confidence,output_usable
8psk_13dB_6015,8psk,13.0,qpsk,False,0.0211,0.485167,False,low_confidence,
8psk_13dB_6015,8psk,13.0,8psk,True,0.8031,0.0,True,ok,
8psk_13dB_6015,8psk,13.0,16qam,False,0.016,0.484115,False,low_confidence,alphabet_used
8psk_13dB_7015,8psk,13.0,bpsk,False,0.0254,0.481096,False,low_confidence,output_usable
8psk_13dB_7015,8psk,13.0,qpsk,False,0.0041,0.484543,False,low_confidence,
8psk_13dB_7015,8psk,13.0,8psk,True,0.8033,0.0,True,ok,
8psk_13dB_7015,8psk,13.0,16qam,False,0.0322,0.484543,False,low_confidence,alphabet_used
8psk_13dB_8015,8psk,13.0,bpsk,False,0.0272,0.479203,False,low_confidence,output_usable
8psk_13dB_8015,8psk,13.0,qpsk,False,0.0072,0.48499,False,low_confidence,
8psk_13dB_8015,8psk,13.0,8psk,True,0.8148,0.0,True,ok,
8psk_13dB_8015,8psk,13.0,16qam,False,0.0698,0.48529,False,low_confidence,alphabet_used
8psk_15dB_2016,8psk,15.0,bpsk,False,0.0249,0.481679,False,low_confidence,output_usable
8psk_15dB_2016,8psk,15.0,qpsk,False,0.0098,0.486024,False,low_confidence,
8psk_15dB_2016,8psk,15.0,8psk,True,0.879,0.0,True,ok,
8psk_15dB_2016,8psk,15.0,16qam,False,0.0178,0.484217,False,low_confidence,alphabet_used
8psk_15dB_3016,8psk,15.0,bpsk,False,0.0253,0.478143,False,low_confidence,output_usable
8psk_15dB_3016,8psk,15.0,qpsk,False,0.0185,0.486247,False,low_confidence,
8psk_15dB_3016,8psk,15.0,8psk,True,0.8862,0.0,True,ok,
8psk_15dB_3016,8psk,15.0,16qam,False,0.0288,0.484142,False,low_confidence,alphabet_used
8psk_15dB_4016,8psk,15.0,bpsk,False,0.0097,0.481393,False,low_confidence,output_usable
8psk_15dB_4016,8psk,15.0,qpsk,False,0.0242,0.485724,False,low_confidence,
8psk_15dB_4016,8psk,15.0,8psk,True,0.8725,0.0,True,ok,
8psk_15dB_4016,8psk,15.0,16qam,False,0.0694,0.48447,False,low_confidence,alphabet_used
8psk_15dB_5016,8psk,15.0,bpsk,False,0.0163,0.481393,False,low_confidence,output_usable
8psk_15dB_5016,8psk,15.0,qpsk,False,0.0335,0.483342,False,low_confidence,
8psk_15dB_5016,8psk,15.0,8psk,True,0.8719,0.0,True,ok,
8psk_15dB_5016,8psk,15.0,16qam,False,0.0087,0.484195,False,low_confidence,alphabet_used
8psk_15dB_6016,8psk,15.0,bpsk,False,0.0203,0.481412,False,low_confidence,output_usable
8psk_15dB_6016,8psk,15.0,qpsk,False,0.0142,0.486138,False,low_confidence,
8psk_15dB_6016,8psk,15.0,8psk,True,0.8821,0.0,True,ok,
8psk_15dB_6016,8psk,15.0,16qam,False,0.0533,0.483682,False,low_confidence,alphabet_used
8psk_15dB_7016,8psk,15.0,bpsk,False,0.0198,0.481238,False,low_confidence,output_usable
8psk_15dB_7016,8psk,15.0,qpsk,False,0.0202,0.484076,False,low_confidence,
8psk_15dB_7016,8psk,15.0,8psk,True,0.8709,0.0,True,ok,
8psk_15dB_7016,8psk,15.0,16qam,False,0.0177,0.485029,False,low_confidence,alphabet_used
8psk_15dB_8016,8psk,15.0,bpsk,False,0.0163,0.480469,False,low_confidence,output_usable
8psk_15dB_8016,8psk,15.0,qpsk,False,0.0213,0.483659,False,low_confidence,
8psk_15dB_8016,8psk,15.0,8psk,True,0.8668,0.0,True,ok,
8psk_15dB_8016,8psk,15.0,16qam,False,0.0617,0.484762,False,low_confidence,alphabet_used
8psk_20dB_2017,8psk,20.0,bpsk,False,0.0445,0.480115,False,low_confidence,output_usable
8psk_20dB_2017,8psk,20.0,qpsk,False,0.0293,0.483318,False,low_confidence,
8psk_20dB_2017,8psk,20.0,8psk,True,0.9574,0.0,True,ok,
8psk_20dB_2017,8psk,20.0,16qam,False,0.0293,0.484571,False,low_confidence,alphabet_used
8psk_20dB_3017,8psk,20.0,bpsk,False,0.0099,0.480318,False,low_confidence,output_usable
8psk_20dB_3017,8psk,20.0,qpsk,False,0.0158,0.483116,False,low_confidence,
8psk_20dB_3017,8psk,20.0,8psk,True,0.9577,0.0,True,ok,
8psk_20dB_3017,8psk,20.0,16qam,False,0.0496,0.484168,False,low_confidence,alphabet_used
8psk_20dB_4017,8psk,20.0,bpsk,False,0.0164,0.480506,False,low_confidence,output_usable
8psk_20dB_4017,8psk,20.0,qpsk,False,0.0041,0.483429,False,low_confidence,
8psk_20dB_4017,8psk,20.0,8psk,True,0.958,0.0,True,ok,
8psk_20dB_4017,8psk,20.0,16qam,False,0.076,0.48348,False,low_confidence,alphabet_used
8psk_20dB_5017,8psk,20.0,bpsk,False,0.012,0.480794,False,low_confidence,output_usable
8psk_20dB_5017,8psk,20.0,qpsk,False,0.0068,0.484935,False,low_confidence,
8psk_20dB_5017,8psk,20.0,8psk,True,0.9572,0.0,True,ok,
8psk_20dB_5017,8psk,20.0,16qam,False,0.0096,0.484634,False,low_confidence,alphabet_used
8psk_20dB_6017,8psk,20.0,bpsk,False,0.01,0.481059,False,low_confidence,output_usable
8psk_20dB_6017,8psk,20.0,qpsk,False,0.0337,0.485598,False,low_confidence,
8psk_20dB_6017,8psk,20.0,8psk,True,0.9564,0.0,True,ok,
8psk_20dB_6017,8psk,20.0,16qam,False,0.0123,0.484647,False,low_confidence,alphabet_used
8psk_20dB_7017,8psk,20.0,bpsk,False,0.0328,0.478397,False,low_confidence,output_usable
8psk_20dB_7017,8psk,20.0,qpsk,False,0.0114,0.484044,False,low_confidence,
8psk_20dB_7017,8psk,20.0,8psk,True,0.9582,0.0,True,ok,
8psk_20dB_7017,8psk,20.0,16qam,False,0.0091,0.483643,False,low_confidence,alphabet_used
8psk_20dB_8017,8psk,20.0,bpsk,False,0.0044,0.479126,False,low_confidence,output_usable
8psk_20dB_8017,8psk,20.0,qpsk,False,0.0052,0.485217,False,low_confidence,
8psk_20dB_8017,8psk,20.0,8psk,True,0.9571,0.0,True,ok,
8psk_20dB_8017,8psk,20.0,16qam,False,0.0065,0.485367,False,low_confidence,alphabet_used
8psk_4dB_2012,8psk,4.0,bpsk,False,0.0189,0.482795,False,low_confidence,output_usable
8psk_4dB_2012,8psk,4.0,qpsk,False,0.0078,0.486356,False,low_confidence,
8psk_4dB_2012,8psk,4.0,8psk,True,0.1625,0.230387,False,low_confidence,
8psk_4dB_2012,8psk,4.0,16qam,False,0.03,0.484551,False,low_confidence,output_usable
8psk_4dB_3012,8psk,4.0,bpsk,False,0.0255,0.480272,False,low_confidence,output_usable
8psk_4dB_3012,8psk,4.0,qpsk,False,0.008,0.484616,False,low_confidence,
8psk_4dB_3012,8psk,4.0,8psk,True,0.1401,0.30477,False,low_confidence,
8psk_4dB_3012,8psk,4.0,16qam,False,0.0347,0.484065,False,low_confidence,
8psk_4dB_4012,8psk,4.0,bpsk,False,0.0117,0.481904,False,low_confidence,output_usable
8psk_4dB_4012,8psk,4.0,qpsk,False,0.0208,0.481576,False,low_confidence,
8psk_4dB_4012,8psk,4.0,8psk,True,0.1389,0.065875,False,low_confidence,
8psk_4dB_4012,8psk,4.0,16qam,False,0.0439,0.484584,False,low_confidence,
8psk_4dB_5012,8psk,4.0,bpsk,False,0.0028,0.481545,False,low_confidence,output_usable
8psk_4dB_5012,8psk,4.0,qpsk,False,0.0099,0.484241,False,low_confidence,
8psk_4dB_5012,8psk,4.0,8psk,True,0.1292,0.040036,False,low_confidence,
8psk_4dB_5012,8psk,4.0,16qam,False,0.0158,0.484842,False,low_confidence,output_usable
8psk_4dB_6012,8psk,4.0,bpsk,False,0.0141,0.481041,False,low_confidence,output_usable
8psk_4dB_6012,8psk,4.0,qpsk,False,0.038,0.48358,False,low_confidence,
8psk_4dB_6012,8psk,4.0,8psk,True,0.1599,0.242417,False,low_confidence,
8psk_4dB_6012,8psk,4.0,16qam,False,0.0217,0.484332,False,low_confidence,
8psk_4dB_7012,8psk,4.0,bpsk,False,0.0239,0.482272,False,low_confidence,output_usable
8psk_4dB_7012,8psk,4.0,qpsk,False,0.0241,0.483832,False,low_confidence,
8psk_4dB_7012,8psk,4.0,8psk,True,0.1125,0.192209,False,low_confidence,
8psk_4dB_7012,8psk,4.0,16qam,False,0.0144,0.484133,False,low_confidence,
8psk_4dB_8012,8psk,4.0,bpsk,False,0.0315,0.481105,False,low_confidence,output_usable
8psk_4dB_8012,8psk,4.0,qpsk,False,0.0182,0.484075,False,low_confidence,
8psk_4dB_8012,8psk,4.0,8psk,True,0.0334,0.357021,False,low_confidence,
8psk_4dB_8012,8psk,4.0,16qam,False,0.0359,0.482672,False,low_confidence,
8psk_8dB_2013,8psk,8.0,bpsk,False,0.0358,0.481181,False,low_confidence,output_usable
8psk_8dB_2013,8psk,8.0,qpsk,False,0.0302,0.485372,False,low_confidence,
8psk_8dB_2013,8psk,8.0,8psk,True,0.4882,0.002805,True,low_confidence,
8psk_8dB_2013,8psk,8.0,16qam,False,0.01,0.481715,False,low_confidence,alphabet_used
8psk_8dB_3013,8psk,8.0,bpsk,False,0.0231,0.48167,False,low_confidence,output_usable
8psk_8dB_3013,8psk,8.0,qpsk,False,0.0071,0.485195,False,low_confidence,
8psk_8dB_3013,8psk,8.0,8psk,True,0.5155,0.002505,True,low_confidence,
8psk_8dB_3013,8psk,8.0,16qam,False,0.0232,0.485595,False,low_confidence,alphabet_used
8psk_8dB_4013,8psk,8.0,bpsk,False,0.0327,0.480722,False,low_confidence,output_usable
8psk_8dB_4013,8psk,8.0,qpsk,False,0.0161,0.485166,False,low_confidence,
8psk_8dB_4013,8psk,8.0,8psk,True,0.5056,0.003007,True,low_confidence,
8psk_8dB_4013,8psk,8.0,16qam,False,0.0236,0.483763,False,low_confidence,alphabet_used
8psk_8dB_5013,8psk,8.0,bpsk,False,0.0067,0.481861,False,low_confidence,output_usable
8psk_8dB_5013,8psk,8.0,qpsk,False,0.0141,0.48378,False,low_confidence,
8psk_8dB_5013,8psk,8.0,8psk,True,0.5076,0.002908,True,low_confidence,
8psk_8dB_5013,8psk,8.0,16qam,False,0.0677,0.483831,False,low_confidence,alphabet_used
8psk_8dB_6013,8psk,8.0,bpsk,False,0.0349,0.482065,False,low_confidence,output_usable
8psk_8dB_6013,8psk,8.0,qpsk,False,0.0062,0.484783,False,low_confidence,
8psk_8dB_6013,8psk,8.0,8psk,True,0.4956,0.002457,True,low_confidence,
8psk_8dB_6013,8psk,8.0,16qam,False,0.0313,0.48358,False,low_confidence,alphabet_used
8psk_8dB_7013,8psk,8.0,bpsk,False,0.025,0.479221,False,low_confidence,output_usable
8psk_8dB_7013,8psk,8.0,qpsk,False,0.0255,0.485627,False,low_confidence,
8psk_8dB_7013,8psk,8.0,8psk,True,0.4953,0.00296,True,low_confidence,
8psk_8dB_7013,8psk,8.0,16qam,False,0.061,0.485025,False,low_confidence,alphabet_used
8psk_8dB_8013,8psk,8.0,bpsk,False,0.0021,0.481187,False,low_confidence,output_usable
8psk_8dB_8013,8psk,8.0,qpsk,False,0.0061,0.485477,False,low_confidence,
8psk_8dB_8013,8psk,8.0,8psk,True,0.503,0.003355,True,low_confidence,
8psk_8dB_8013,8psk,8.0,16qam,False,0.0262,0.482372,False,low_confidence,alphabet_used
bpsk_10dB_2002,bpsk,10.0,bpsk,True,0.9699,0.0,True,ok,
bpsk_10dB_2002,bpsk,10.0,qpsk,False,0.8836,0.486022,False,low_confidence,alphabet_used
bpsk_10dB_2002,bpsk,10.0,8psk,False,0.6136,0.484569,False,low_confidence,alphabet_used
bpsk_10dB_2002,bpsk,10.0,16qam,False,0.9137,0.483216,False,low_confidence,alphabet_used
bpsk_10dB_3002,bpsk,10.0,bpsk,True,0.9675,0.0,True,ok,
bpsk_10dB_3002,bpsk,10.0,qpsk,False,0.8751,0.483348,False,low_confidence,alphabet_used
bpsk_10dB_3002,bpsk,10.0,8psk,False,0.5914,0.482246,False,low_confidence,alphabet_used
bpsk_10dB_3002,bpsk,10.0,16qam,False,0.9086,0.484449,False,low_confidence,alphabet_used
bpsk_10dB_4002,bpsk,10.0,bpsk,True,0.9711,0.0,True,ok,
bpsk_10dB_4002,bpsk,10.0,qpsk,False,0.8879,0.482957,False,low_confidence,alphabet_used
bpsk_10dB_4002,bpsk,10.0,8psk,False,0.6252,0.484862,False,low_confidence,alphabet_used
bpsk_10dB_4002,bpsk,10.0,16qam,False,0.9043,0.485263,False,low_confidence,alphabet_used
bpsk_10dB_5002,bpsk,10.0,bpsk,True,0.9725,0.0,True,ok,
bpsk_10dB_5002,bpsk,10.0,qpsk,False,0.8937,0.483383,False,low_confidence,alphabet_used
bpsk_10dB_5002,bpsk,10.0,8psk,False,0.6431,0.481829,False,low_confidence,alphabet_used
bpsk_10dB_5002,bpsk,10.0,16qam,False,0.9158,0.482631,False,low_confidence,alphabet_used
bpsk_10dB_6002,bpsk,10.0,bpsk,True,0.9691,0.0,True,ok,
bpsk_10dB_6002,bpsk,10.0,qpsk,False,0.8804,0.484996,False,low_confidence,alphabet_used
bpsk_10dB_6002,bpsk,10.0,8psk,False,0.6028,0.48334,False,low_confidence,alphabet_used
bpsk_10dB_6002,bpsk,10.0,16qam,False,0.9084,0.485448,False,low_confidence,alphabet_used
bpsk_10dB_7002,bpsk,10.0,bpsk,True,0.9719,0.0,True,ok,
bpsk_10dB_7002,bpsk,10.0,qpsk,False,0.8911,0.48527,False,low_confidence,alphabet_used
bpsk_10dB_7002,bpsk,10.0,8psk,False,0.6334,0.486675,False,low_confidence,alphabet_used
bpsk_10dB_7002,bpsk,10.0,16qam,False,0.9174,0.484115,False,low_confidence,alphabet_used
bpsk_10dB_8002,bpsk,10.0,bpsk,True,0.969,0.0,True,ok,
bpsk_10dB_8002,bpsk,10.0,qpsk,False,0.8805,0.485494,False,low_confidence,alphabet_used
bpsk_10dB_8002,bpsk,10.0,8psk,False,0.6061,0.484842,False,low_confidence,alphabet_used
bpsk_10dB_8002,bpsk,10.0,16qam,False,0.8993,0.484391,False,low_confidence,alphabet_used
bpsk_13dB_2003,bpsk,13.0,bpsk,True,0.9858,0.0,True,ok,
bpsk_13dB_2003,bpsk,13.0,qpsk,False,0.9438,0.484541,False,low_confidence,alphabet_used
bpsk_13dB_2003,bpsk,13.0,8psk,False,0.7957,0.485896,False,low_confidence,alphabet_used
bpsk_13dB_2003,bpsk,13.0,16qam,False,0.9589,0.485947,False,low_confidence,alphabet_used
bpsk_13dB_3003,bpsk,13.0,bpsk,True,0.9859,0.0,True,ok,
bpsk_13dB_3003,bpsk,13.0,qpsk,False,0.944,0.484807,False,low_confidence,alphabet_used
bpsk_13dB_3003,bpsk,13.0,8psk,False,0.7975,0.48581,False,low_confidence,alphabet_used
bpsk_13dB_3003,bpsk,13.0,16qam,False,0.9595,0.48566,False,low_confidence,alphabet_used
bpsk_13dB_4003,bpsk,13.0,bpsk,True,0.9866,0.0,True,ok,
bpsk_13dB_4003,bpsk,13.0,qpsk,False,0.9467,0.48414,False,low_confidence,alphabet_used
bpsk_13dB_4003,bpsk,13.0,8psk,False,0.8047,0.484491,False,low_confidence,alphabet_used
bpsk_13dB_4003,bpsk,13.0,16qam,False,0.9549,0.486649,False,low_confidence,alphabet_used
bpsk_13dB_5003,bpsk,13.0,bpsk,True,0.9862,0.0,True,ok,
bpsk_13dB_5003,bpsk,13.0,qpsk,False,0.9453,0.485348,False,low_confidence,alphabet_used
bpsk_13dB_5003,bpsk,13.0,8psk,False,0.8005,0.484847,False,low_confidence,alphabet_used
bpsk_13dB_5003,bpsk,13.0,16qam,False,0.9536,0.486149,False,low_confidence,alphabet_used
bpsk_13dB_6003,bpsk,13.0,bpsk,True,0.9869,0.0,True,ok,
bpsk_13dB_6003,bpsk,13.0,qpsk,False,0.9479,0.485187,False,low_confidence,alphabet_used
bpsk_13dB_6003,bpsk,13.0,8psk,False,0.8087,0.483483,False,low_confidence,alphabet_used
bpsk_13dB_6003,bpsk,13.0,16qam,False,0.9542,0.483834,False,low_confidence,alphabet_used
bpsk_13dB_7003,bpsk,13.0,bpsk,True,0.9862,0.0,True,ok,
bpsk_13dB_7003,bpsk,13.0,qpsk,False,0.9453,0.485627,False,low_confidence,alphabet_used
bpsk_13dB_7003,bpsk,13.0,8psk,False,0.8013,0.484573,False,low_confidence,alphabet_used
bpsk_13dB_7003,bpsk,13.0,16qam,False,0.9532,0.484674,False,low_confidence,alphabet_used
bpsk_13dB_8003,bpsk,13.0,bpsk,True,0.9861,0.0,True,ok,
bpsk_13dB_8003,bpsk,13.0,qpsk,False,0.9449,0.482238,False,low_confidence,alphabet_used
bpsk_13dB_8003,bpsk,13.0,8psk,False,0.7993,0.486202,False,low_confidence,alphabet_used
bpsk_13dB_8003,bpsk,13.0,16qam,False,0.9512,0.485198,False,low_confidence,alphabet_used
bpsk_15dB_2004,bpsk,15.0,bpsk,True,0.991,0.0,True,ok,
bpsk_15dB_2004,bpsk,15.0,qpsk,False,0.9639,0.484315,False,low_confidence,alphabet_used
bpsk_15dB_2004,bpsk,15.0,8psk,False,0.8647,0.483813,False,low_confidence,alphabet_used
bpsk_15dB_2004,bpsk,15.0,16qam,False,0.9668,0.485519,False,low_confidence,alphabet_used
bpsk_15dB_3004,bpsk,15.0,bpsk,True,0.9915,0.0,True,ok,
bpsk_15dB_3004,bpsk,15.0,qpsk,False,0.9662,0.483949,False,low_confidence,alphabet_used
bpsk_15dB_3004,bpsk,15.0,8psk,False,0.873,0.485353,False,low_confidence,alphabet_used
bpsk_15dB_3004,bpsk,15.0,16qam,False,0.9697,0.481441,False,low_confidence,alphabet_used
bpsk_15dB_4004,bpsk,15.0,bpsk,True,0.9914,0.0,True,ok,
bpsk_15dB_4004,bpsk,15.0,qpsk,False,0.9656,0.485329,False,low_confidence,alphabet_used
bpsk_15dB_4004,bpsk,15.0,8psk,False,0.8713,0.484225,False,low_confidence,alphabet_used
bpsk_15dB_4004,bpsk,15.0,16qam,False,0.9677,0.484627,False,low_confidence,alphabet_used
bpsk_15dB_5004,bpsk,15.0,bpsk,True,0.9913,0.0,True,ok,
bpsk_15dB_5004,bpsk,15.0,qpsk,False,0.9652,0.484681,False,low_confidence,alphabet_used
bpsk_15dB_5004,bpsk,15.0,8psk,False,0.8697,0.485333,False,low_confidence,alphabet_used
bpsk_15dB_5004,bpsk,15.0,16qam,False,0.9698,0.483929,False,low_confidence,alphabet_used
bpsk_15dB_6004,bpsk,15.0,bpsk,True,0.9913,0.0,True,ok,
bpsk_15dB_6004,bpsk,15.0,qpsk,False,0.9651,0.481665,False,low_confidence,alphabet_used
bpsk_15dB_6004,bpsk,15.0,8psk,False,0.8692,0.484921,False,low_confidence,alphabet_used
bpsk_15dB_6004,bpsk,15.0,16qam,False,0.9705,0.486074,False,low_confidence,alphabet_used
bpsk_15dB_7004,bpsk,15.0,bpsk,True,0.9916,0.0,True,ok,
bpsk_15dB_7004,bpsk,15.0,qpsk,False,0.9664,0.48542,False,low_confidence,alphabet_used
bpsk_15dB_7004,bpsk,15.0,8psk,False,0.8736,0.484266,False,low_confidence,alphabet_used
bpsk_15dB_7004,bpsk,15.0,16qam,False,0.9721,0.482008,False,low_confidence,alphabet_used
bpsk_15dB_8004,bpsk,15.0,bpsk,True,0.9916,0.0,True,ok,
bpsk_15dB_8004,bpsk,15.0,qpsk,False,0.9664,0.484448,False,low_confidence,alphabet_used
bpsk_15dB_8004,bpsk,15.0,8psk,False,0.8735,0.486652,False,low_confidence,alphabet_used
bpsk_15dB_8004,bpsk,15.0,16qam,False,0.9668,0.48565,False,low_confidence,alphabet_used
bpsk_20dB_2005,bpsk,20.0,bpsk,True,0.9973,0.0,True,ok,
bpsk_20dB_2005,bpsk,20.0,qpsk,False,0.989,0.483196,False,low_confidence,alphabet_used
bpsk_20dB_2005,bpsk,20.0,8psk,False,0.9571,0.483346,False,low_confidence,alphabet_used
bpsk_20dB_2005,bpsk,20.0,16qam,False,0.9895,0.486852,False,low_confidence,alphabet_used
bpsk_20dB_3005,bpsk,20.0,bpsk,True,0.9972,0.0,True,ok,
bpsk_20dB_3005,bpsk,20.0,qpsk,False,0.9889,0.484744,False,low_confidence,alphabet_used
bpsk_20dB_3005,bpsk,20.0,8psk,False,0.9567,0.485647,False,low_confidence,alphabet_used
bpsk_20dB_3005,bpsk,20.0,16qam,False,0.9881,0.484693,False,low_confidence,alphabet_used
bpsk_20dB_4005,bpsk,20.0,bpsk,True,0.9974,0.0,True,ok,
bpsk_20dB_4005,bpsk,20.0,qpsk,False,0.9895,0.484251,False,low_confidence,alphabet_used
bpsk_20dB_4005,bpsk,20.0,8psk,False,0.959,0.486508,False,low_confidence,alphabet_used
bpsk_20dB_4005,bpsk,20.0,16qam,False,0.989,0.486809,False,low_confidence,alphabet_used
bpsk_20dB_5005,bpsk,20.0,bpsk,True,0.9972,0.0,True,ok,
bpsk_20dB_5005,bpsk,20.0,qpsk,False,0.9885,0.485514,False,low_confidence,alphabet_used
bpsk_20dB_5005,bpsk,20.0,8psk,False,0.9555,0.48416,False,low_confidence,alphabet_used
bpsk_20dB_5005,bpsk,20.0,16qam,False,0.9885,0.486216,False,low_confidence,alphabet_used
bpsk_20dB_6005,bpsk,20.0,bpsk,True,0.9974,0.0,True,ok,
bpsk_20dB_6005,bpsk,20.0,qpsk,False,0.9894,0.484728,False,low_confidence,alphabet_used
bpsk_20dB_6005,bpsk,20.0,8psk,False,0.9587,0.484026,False,low_confidence,alphabet_used
bpsk_20dB_6005,bpsk,20.0,16qam,False,0.9896,0.487637,False,low_confidence,alphabet_used
bpsk_20dB_7005,bpsk,20.0,bpsk,True,0.9974,0.0,True,ok,
bpsk_20dB_7005,bpsk,20.0,qpsk,False,0.9894,0.484899,False,low_confidence,alphabet_used
bpsk_20dB_7005,bpsk,20.0,8psk,False,0.9588,0.484398,False,low_confidence,alphabet_used
bpsk_20dB_7005,bpsk,20.0,16qam,False,0.9898,0.48545,False,low_confidence,alphabet_used
bpsk_20dB_8005,bpsk,20.0,bpsk,True,0.9973,0.0,True,ok,
bpsk_20dB_8005,bpsk,20.0,qpsk,False,0.9893,0.484785,False,low_confidence,alphabet_used
bpsk_20dB_8005,bpsk,20.0,8psk,False,0.9583,0.484183,False,low_confidence,alphabet_used
bpsk_20dB_8005,bpsk,20.0,16qam,False,0.9901,0.48669,False,low_confidence,alphabet_used
bpsk_4dB_2000,bpsk,4.0,bpsk,True,0.8645,0.0,True,ok,
bpsk_4dB_2000,bpsk,4.0,qpsk,False,0.5508,0.484691,False,low_confidence,alphabet_used
bpsk_4dB_2000,bpsk,4.0,8psk,False,0.0305,0.483137,False,low_confidence,
bpsk_4dB_2000,bpsk,4.0,16qam,False,0.3103,0.483688,False,low_confidence,output_usable
bpsk_4dB_3000,bpsk,4.0,bpsk,True,0.8728,0.0,True,ok,
bpsk_4dB_3000,bpsk,4.0,qpsk,False,0.5768,0.482338,False,low_confidence,alphabet_used
bpsk_4dB_3000,bpsk,4.0,8psk,False,0.028,0.485048,False,low_confidence,
bpsk_4dB_3000,bpsk,4.0,16qam,False,0.227,0.484847,False,low_confidence,output_usable
bpsk_4dB_4000,bpsk,4.0,bpsk,True,0.8728,0.0,True,ok,
bpsk_4dB_4000,bpsk,4.0,qpsk,False,0.5807,0.485991,False,low_confidence,alphabet_used
bpsk_4dB_4000,bpsk,4.0,8psk,False,0.0558,0.484888,False,low_confidence,
bpsk_4dB_4000,bpsk,4.0,16qam,False,0.3489,0.485439,False,low_confidence,output_usable
bpsk_4dB_5000,bpsk,4.0,bpsk,True,0.8692,0.0,True,ok,
bpsk_4dB_5000,bpsk,4.0,qpsk,False,0.5676,0.484122,False,low_confidence,alphabet_used
bpsk_4dB_5000,bpsk,4.0,8psk,False,0.0117,0.484272,False,low_confidence,
bpsk_4dB_5000,bpsk,4.0,16qam,False,0.059,0.483419,False,low_confidence,output_usable
bpsk_4dB_6000,bpsk,4.0,bpsk,True,0.8574,0.0,True,ok,
bpsk_4dB_6000,bpsk,4.0,qpsk,False,0.535,0.484083,False,low_confidence,alphabet_used
bpsk_4dB_6000,bpsk,4.0,8psk,False,0.015,0.484384,False,low_confidence,
bpsk_4dB_6000,bpsk,4.0,16qam,False,0.0358,0.485236,False,low_confidence,output_usable
bpsk_4dB_7000,bpsk,4.0,bpsk,True,0.887,0.0,True,ok,
bpsk_4dB_7000,bpsk,4.0,qpsk,False,0.6165,0.485846,False,low_confidence,alphabet_used
bpsk_4dB_7000,bpsk,4.0,8psk,False,0.1307,0.482734,False,low_confidence,
bpsk_4dB_7000,bpsk,4.0,16qam,False,0.0377,0.484541,False,low_confidence,output_usable
bpsk_4dB_8000,bpsk,4.0,bpsk,True,0.8722,0.0,True,ok,
bpsk_4dB_8000,bpsk,4.0,qpsk,False,0.5768,0.483858,False,low_confidence,alphabet_used
bpsk_4dB_8000,bpsk,4.0,8psk,False,0.0378,0.48476,False,low_confidence,
bpsk_4dB_8000,bpsk,4.0,16qam,False,0.038,0.485262,False,low_confidence,output_usable
bpsk_8dB_2001,bpsk,8.0,bpsk,True,0.9502,0.0,True,ok,
bpsk_8dB_2001,bpsk,8.0,qpsk,False,0.8126,0.485227,False,low_confidence,alphabet_used
bpsk_8dB_2001,bpsk,8.0,8psk,False,0.4332,0.485678,False,low_confidence,alphabet_used
bpsk_8dB_2001,bpsk,8.0,16qam,False,0.8606,0.48317,False,low_confidence,alphabet_used
bpsk_8dB_3001,bpsk,8.0,bpsk,True,0.9527,0.0,True,ok,
bpsk_8dB_3001,bpsk,8.0,qpsk,False,0.8227,0.482963,False,low_confidence,alphabet_used
bpsk_8dB_3001,bpsk,8.0,8psk,False,0.4694,0.484616,False,low_confidence,alphabet_used
bpsk_8dB_3001,bpsk,8.0,16qam,False,0.8659,0.483163,False,low_confidence,alphabet_used
bpsk_8dB_4001,bpsk,8.0,bpsk,True,0.9529,0.0,True,ok,
bpsk_8dB_4001,bpsk,8.0,qpsk,False,0.8237,0.485988,False,low_confidence,alphabet_used
bpsk_8dB_4001,bpsk,8.0,8psk,False,0.4687,0.485587,False,low_confidence,alphabet_used
bpsk_8dB_4001,bpsk,8.0,16qam,False,0.856,0.485637,False,low_confidence,alphabet_used
bpsk_8dB_5001,bpsk,8.0,bpsk,True,0.9498,0.0,True,ok,
bpsk_8dB_5001,bpsk,8.0,qpsk,False,0.8123,0.484724,False,low_confidence,alphabet_used
bpsk_8dB_5001,bpsk,8.0,8psk,False,0.4381,0.484574,False,low_confidence,alphabet_used
bpsk_8dB_5001,bpsk,8.0,16qam,False,0.8701,0.483622,False,low_confidence,alphabet_used
bpsk_8dB_6001,bpsk,8.0,bpsk,True,0.9561,0.0,True,ok,
bpsk_8dB_6001,bpsk,8.0,qpsk,False,0.8342,0.484563,False,low_confidence,alphabet_used
bpsk_8dB_6001,bpsk,8.0,8psk,False,0.4955,0.481706,False,low_confidence,alphabet_used
bpsk_8dB_6001,bpsk,8.0,16qam,False,0.8611,0.485716,False,low_confidence,alphabet_used
bpsk_8dB_7001,bpsk,8.0,bpsk,True,0.9574,0.0,True,ok,
bpsk_8dB_7001,bpsk,8.0,qpsk,False,0.8393,0.484075,False,low_confidence,alphabet_used
bpsk_8dB_7001,bpsk,8.0,8psk,False,0.5068,0.482871,False,low_confidence,alphabet_used
bpsk_8dB_7001,bpsk,8.0,16qam,False,0.8594,0.484727,False,low_confidence,alphabet_used
bpsk_8dB_8001,bpsk,8.0,bpsk,True,0.951,0.0,True,ok,
bpsk_8dB_8001,bpsk,8.0,qpsk,False,0.8167,0.483965,False,low_confidence,alphabet_used
bpsk_8dB_8001,bpsk,8.0,8psk,False,0.4474,0.484166,False,low_confidence,alphabet_used
bpsk_8dB_8001,bpsk,8.0,16qam,False,0.8614,0.484768,False,low_confidence,alphabet_used
qpsk_10dB_2008,qpsk,10.0,bpsk,False,0.0156,0.485211,False,low_confidence,
qpsk_10dB_2008,qpsk,10.0,qpsk,True,0.9005,0.0,True,ok,
qpsk_10dB_2008,qpsk,10.0,8psk,False,0.6632,0.482577,False,low_confidence,alphabet_used
qpsk_10dB_2008,qpsk,10.0,16qam,False,0.9092,0.484883,False,low_confidence,alphabet_used
qpsk_10dB_3008,qpsk,10.0,bpsk,False,0.0574,0.484155,False,low_confidence,
qpsk_10dB_3008,qpsk,10.0,qpsk,True,0.8968,0.0,True,ok,
qpsk_10dB_3008,qpsk,10.0,8psk,False,0.6499,0.484112,False,low_confidence,alphabet_used
qpsk_10dB_3008,qpsk,10.0,16qam,False,0.9107,0.484362,False,low_confidence,alphabet_used
qpsk_10dB_4008,qpsk,10.0,bpsk,False,0.0173,0.482594,False,low_confidence,
qpsk_10dB_4008,qpsk,10.0,qpsk,True,0.8964,0.0,True,ok,
qpsk_10dB_4008,qpsk,10.0,8psk,False,0.6489,0.48394,False,low_confidence,alphabet_used
qpsk_10dB_4008,qpsk,10.0,16qam,False,0.908,0.48394,False,low_confidence,alphabet_used
qpsk_10dB_5008,qpsk,10.0,bpsk,False,0.0418,0.486208,False,low_confidence,
qpsk_10dB_5008,qpsk,10.0,qpsk,True,0.9019,0.0,True,ok,
qpsk_10dB_5008,qpsk,10.0,8psk,False,0.6653,0.482387,False,low_confidence,alphabet_used
qpsk_10dB_5008,qpsk,10.0,16qam,False,0.9162,0.483039,False,low_confidence,alphabet_used
qpsk_10dB_6008,qpsk,10.0,bpsk,False,0.0265,0.484483,False,low_confidence,
qpsk_10dB_6008,qpsk,10.0,qpsk,True,0.8992,0.0,True,ok,
qpsk_10dB_6008,qpsk,10.0,8psk,False,0.6571,0.482541,False,low_confidence,alphabet_used
qpsk_10dB_6008,qpsk,10.0,16qam,False,0.9064,0.484096,False,low_confidence,alphabet_used
qpsk_10dB_7008,qpsk,10.0,bpsk,False,0.0162,0.484022,False,low_confidence,
qpsk_10dB_7008,qpsk,10.0,qpsk,True,0.8961,0.0,True,ok,
qpsk_10dB_7008,qpsk,10.0,8psk,False,0.6468,0.483384,False,low_confidence,alphabet_used
qpsk_10dB_7008,qpsk,10.0,16qam,False,0.9144,0.484236,False,low_confidence,alphabet_used
qpsk_10dB_8008,qpsk,10.0,bpsk,False,0.0163,0.485011,False,low_confidence,
qpsk_10dB_8008,qpsk,10.0,qpsk,True,0.898,0.0,True,ok,
qpsk_10dB_8008,qpsk,10.0,8psk,False,0.6579,0.484269,False,low_confidence,alphabet_used
qpsk_10dB_8008,qpsk,10.0,16qam,False,0.9118,0.483367,False,low_confidence,alphabet_used
qpsk_13dB_2009,qpsk,13.0,bpsk,False,0.0369,0.485083,False,low_confidence,
qpsk_13dB_2009,qpsk,13.0,qpsk,True,0.9479,0.0,True,ok,
qpsk_13dB_2009,qpsk,13.0,8psk,False,0.8093,0.482809,False,low_confidence,alphabet_used
qpsk_13dB_2009,qpsk,13.0,16qam,False,0.9537,0.484613,False,low_confidence,alphabet_used
qpsk_13dB_3009,qpsk,13.0,bpsk,False,0.0124,0.483224,False,low_confidence,
qpsk_13dB_3009,qpsk,13.0,qpsk,True,0.9471,0.0,True,ok,
qpsk_13dB_3009,qpsk,13.0,8psk,False,0.807,0.482581,False,low_confidence,alphabet_used
qpsk_13dB_3009,qpsk,13.0,16qam,False,0.9492,0.483633,False,low_confidence,alphabet_used
qpsk_13dB_4009,qpsk,13.0,bpsk,False,0.0063,0.483628,False,low_confidence,
qpsk_13dB_4009,qpsk,13.0,qpsk,True,0.9487,0.0,True,ok,
qpsk_13dB_4009,qpsk,13.0,8psk,False,0.8121,0.483564,False,low_confidence,alphabet_used
qpsk_13dB_4009,qpsk,13.0,16qam,False,0.9548,0.483313,False,low_confidence,alphabet_used
qpsk_13dB_5009,qpsk,13.0,bpsk,False,0.0157,0.482513,False,low_confidence,
qpsk_13dB_5009,qpsk,13.0,qpsk,True,0.9467,0.0,True,ok,
qpsk_13dB_5009,qpsk,13.0,8psk,False,0.8062,0.484444,False,low_confidence,alphabet_used
qpsk_13dB_5009,qpsk,13.0,16qam,False,0.955,0.483691,False,low_confidence,alphabet_used
qpsk_13dB_6009,qpsk,13.0,bpsk,False,0.0105,0.483588,False,low_confidence,
qpsk_13dB_6009,qpsk,13.0,qpsk,True,0.9489,0.0,True,ok,
qpsk_13dB_6009,qpsk,13.0,8psk,False,0.813,0.484756,False,low_confidence,alphabet_used
qpsk_13dB_6009,qpsk,13.0,16qam,False,0.9602,0.484054,False,low_confidence,alphabet_used
qpsk_13dB_7009,qpsk,13.0,bpsk,False,0.0597,0.484725,False,low_confidence,
qpsk_13dB_7009,qpsk,13.0,qpsk,True,0.947,0.0,True,ok,
qpsk_13dB_7009,qpsk,13.0,8psk,False,0.8056,0.484449,False,low_confidence,alphabet_used
qpsk_13dB_7009,qpsk,13.0,16qam,False,0.9522,0.485301,False,low_confidence,alphabet_used
qpsk_13dB_8009,qpsk,13.0,bpsk,False,0.0344,0.483179,False,low_confidence,
qpsk_13dB_8009,qpsk,13.0,qpsk,True,0.946,0.0,True,ok,
qpsk_13dB_8009,qpsk,13.0,8psk,False,0.8022,0.483942,False,low_confidence,alphabet_used
qpsk_13dB_8009,qpsk,13.0,16qam,False,0.9544,0.48304,False,low_confidence,alphabet_used
qpsk_15dB_2010,qpsk,15.0,bpsk,False,0.019,0.486363,False,low_confidence,
qpsk_15dB_2010,qpsk,15.0,qpsk,True,0.9674,0.0,True,ok,
qpsk_15dB_2010,qpsk,15.0,8psk,False,0.8773,0.482315,False,low_confidence,alphabet_used
qpsk_15dB_2010,qpsk,15.0,16qam,False,0.9696,0.484419,False,low_confidence,alphabet_used
qpsk_15dB_3010,qpsk,15.0,bpsk,False,0.0029,0.48494,False,low_confidence,
qpsk_15dB_3010,qpsk,15.0,qpsk,True,0.9652,0.0,True,ok,
qpsk_15dB_3010,qpsk,15.0,8psk,False,0.8693,0.483047,False,low_confidence,alphabet_used
qpsk_15dB_3010,qpsk,15.0,16qam,False,0.9668,0.484602,False,low_confidence,alphabet_used
qpsk_15dB_4010,qpsk,15.0,bpsk,False,0.0309,0.48486,False,low_confidence,
qpsk_15dB_4010,qpsk,15.0,qpsk,True,0.9669,0.0,True,ok,
qpsk_15dB_4010,qpsk,15.0,8psk,False,0.8755,0.483623,False,low_confidence,alphabet_used
qpsk_15dB_4010,qpsk,15.0,16qam,False,0.9686,0.484627,False,low_confidence,alphabet_used
qpsk_15dB_5010,qpsk,15.0,bpsk,False,0.0087,0.485094,False,low_confidence,
qpsk_15dB_5010,qpsk,15.0,qpsk,True,0.9647,0.0,True,ok,
qpsk_15dB_5010,qpsk,15.0,8psk,False,0.8674,0.484123,False,low_confidence,alphabet_used
qpsk_15dB_5010,qpsk,15.0,16qam,False,0.9665,0.485075,False,low_confidence,alphabet_used
qpsk_15dB_6010,qpsk,15.0,bpsk,False,0.0492,0.486296,False,low_confidence,
qpsk_15dB_6010,qpsk,15.0,qpsk,True,0.9669,0.0,True,ok,
qpsk_15dB_6010,qpsk,15.0,8psk,False,0.8756,0.483475,False,low_confidence,alphabet_used
qpsk_15dB_6010,qpsk,15.0,16qam,False,0.9712,0.484277,False,low_confidence,alphabet_used
qpsk_15dB_7010,qpsk,15.0,bpsk,False,0.0129,0.485855,False,low_confidence,
qpsk_15dB_7010,qpsk,15.0,qpsk,True,0.9658,0.0,True,ok,
qpsk_15dB_7010,qpsk,15.0,8psk,False,0.8718,0.484164,False,low_confidence,alphabet_used
qpsk_15dB_7010,qpsk,15.0,16qam,False,0.9709,0.483662,False,low_confidence,alphabet_used
qpsk_15dB_8010,qpsk,15.0,bpsk,False,0.0084,0.483054,False,low_confidence,
qpsk_15dB_8010,qpsk,15.0,qpsk,True,0.9663,0.0,True,ok,
qpsk_15dB_8010,qpsk,15.0,8psk,False,0.8733,0.484351,False,low_confidence,alphabet_used
qpsk_15dB_8010,qpsk,15.0,16qam,False,0.9689,0.483499,False,low_confidence,alphabet_used
qpsk_20dB_2011,qpsk,20.0,bpsk,False,0.021,0.483436,False,low_confidence,
qpsk_20dB_2011,qpsk,20.0,qpsk,True,0.989,0.0,True,ok,
qpsk_20dB_2011,qpsk,20.0,8psk,False,0.9571,0.483633,False,low_confidence,alphabet_used
qpsk_20dB_2011,qpsk,20.0,16qam,False,0.9898,0.484987,False,low_confidence,alphabet_used
qpsk_20dB_3011,qpsk,20.0,bpsk,False,0.0179,0.48499,False,low_confidence,
qpsk_20dB_3011,qpsk,20.0,qpsk,True,0.9897,0.0,True,ok,
qpsk_20dB_3011,qpsk,20.0,8psk,False,0.9599,0.48307,False,low_confidence,alphabet_used
qpsk_20dB_3011,qpsk,20.0,16qam,False,0.9911,0.482619,False,low_confidence,alphabet_used
qpsk_20dB_4011,qpsk,20.0,bpsk,False,0.0117,0.48434,False,low_confidence,
qpsk_20dB_4011,qpsk,20.0,qpsk,True,0.989,0.0,True,ok,
qpsk_20dB_4011,qpsk,20.0,8psk,False,0.9573,0.484212,False,low_confidence,alphabet_used
qpsk_20dB_4011,qpsk,20.0,16qam,False,0.9907,0.485064,False,low_confidence,alphabet_used
qpsk_20dB_5011,qpsk,20.0,bpsk,False,0.0141,0.484174,False,low_confidence,
qpsk_20dB_5011,qpsk,20.0,qpsk,True,0.9893,0.0,True,ok,
qpsk_20dB_5011,qpsk,20.0,8psk,False,0.9584,0.483829,False,low_confidence,alphabet_used
qpsk_20dB_5011,qpsk,20.0,16qam,False,0.9907,0.48413,False,low_confidence,alphabet_used
qpsk_20dB_6011,qpsk,20.0,bpsk,False,0.011,0.486085,False,low_confidence,
qpsk_20dB_6011,qpsk,20.0,qpsk,True,0.9888,0.0,True,ok,
qpsk_20dB_6011,qpsk,20.0,8psk,False,0.9565,0.482724,False,low_confidence,alphabet_used
qpsk_20dB_6011,qpsk,20.0,16qam,False,0.9888,0.483526,False,low_confidence,alphabet_used
qpsk_20dB_7011,qpsk,20.0,bpsk,False,0.0413,0.48618,False,low_confidence,
qpsk_20dB_7011,qpsk,20.0,qpsk,True,0.9894,0.0,True,ok,
qpsk_20dB_7011,qpsk,20.0,8psk,False,0.9589,0.48417,False,low_confidence,alphabet_used
qpsk_20dB_7011,qpsk,20.0,16qam,False,0.9908,0.48422,False,low_confidence,alphabet_used
qpsk_20dB_8011,qpsk,20.0,bpsk,False,0.0171,0.483218,False,low_confidence,
qpsk_20dB_8011,qpsk,20.0,qpsk,True,0.9895,0.0,True,ok,
qpsk_20dB_8011,qpsk,20.0,8psk,False,0.9589,0.483955,False,low_confidence,alphabet_used
qpsk_20dB_8011,qpsk,20.0,16qam,False,0.9896,0.484657,False,low_confidence,alphabet_used
qpsk_4dB_2006,qpsk,4.0,bpsk,False,0.0214,0.485521,False,low_confidence,output_usable
qpsk_4dB_2006,qpsk,4.0,qpsk,True,0.6365,0.001154,True,ok,
qpsk_4dB_2006,qpsk,4.0,8psk,False,0.1421,0.48317,False,low_confidence,
qpsk_4dB_2006,qpsk,4.0,16qam,False,0.0469,0.484023,False,low_confidence,
qpsk_4dB_3006,qpsk,4.0,bpsk,False,0.0173,0.485034,False,low_confidence,
qpsk_4dB_3006,qpsk,4.0,qpsk,True,0.6624,0.000853,True,ok,
qpsk_4dB_3006,qpsk,4.0,8psk,False,0.1841,0.480373,False,low_confidence,
qpsk_4dB_3006,qpsk,4.0,16qam,False,0.4372,0.484389,False,low_confidence,
qpsk_4dB_4006,qpsk,4.0,bpsk,False,0.0077,0.484779,False,low_confidence,output_usable
qpsk_4dB_4006,qpsk,4.0,qpsk,True,0.6523,0.000552,True,ok,
qpsk_4dB_4006,qpsk,4.0,8psk,False,0.1353,0.483072,False,low_confidence,
qpsk_4dB_4006,qpsk,4.0,16qam,False,0.0244,0.482369,False,low_confidence,
qpsk_4dB_5006,qpsk,4.0,bpsk,False,0.0233,0.485062,False,low_confidence,
qpsk_4dB_5006,qpsk,4.0,qpsk,True,0.6409,0.001052,True,ok,
qpsk_4dB_5006,qpsk,4.0,8psk,False,0.1374,0.484167,False,low_confidence,
qpsk_4dB_5006,qpsk,4.0,16qam,False,0.0087,0.484968,False,low_confidence,
qpsk_4dB_6006,qpsk,4.0,bpsk,False,0.011,0.485012,False,low_confidence,output_usable
qpsk_4dB_6006,qpsk,4.0,qpsk,True,0.639,0.001152,True,ok,
qpsk_4dB_6006,qpsk,4.0,8psk,False,0.1161,0.484146,False,low_confidence,
qpsk_4dB_6006,qpsk,4.0,16qam,False,0.0646,0.484096,False,low_confidence,
qpsk_4dB_7006,qpsk,4.0,bpsk,False,0.0223,0.485125,False,low_confidence,output_usable
qpsk_4dB_7006,qpsk,4.0,qpsk,True,0.6565,0.001053,True,ok,
qpsk_4dB_7006,qpsk,4.0,8psk,False,0.1593,0.484526,False,low_confidence,
qpsk_4dB_7006,qpsk,4.0,16qam,False,0.1201,0.483573,False,low_confidence,
qpsk_4dB_8006,qpsk,4.0,bpsk,False,0.0173,0.485433,False,low_confidence,
qpsk_4dB_8006,qpsk,4.0,qpsk,True,0.6378,0.001054,True,ok,
qpsk_4dB_8006,qpsk,4.0,8psk,False,0.0851,0.482132,False,low_confidence,
qpsk_4dB_8006,qpsk,4.0,16qam,False,0.35,0.483939,False,low_confidence,
qpsk_8dB_2007,qpsk,8.0,bpsk,False,0.0202,0.484054,False,low_confidence,
qpsk_8dB_2007,qpsk,8.0,qpsk,True,0.8409,0.0,True,ok,
qpsk_8dB_2007,qpsk,8.0,8psk,False,0.5066,0.485069,False,low_confidence,alphabet_used
qpsk_8dB_2007,qpsk,8.0,16qam,False,0.8619,0.484367,False,low_confidence,alphabet_used
qpsk_8dB_3007,qpsk,8.0,bpsk,False,0.0286,0.486053,False,low_confidence,
qpsk_8dB_3007,qpsk,8.0,qpsk,True,0.8367,0.0,True,ok,
qpsk_8dB_3007,qpsk,8.0,8psk,False,0.498,0.485352,False,low_confidence,alphabet_used
qpsk_8dB_3007,qpsk,8.0,16qam,False,0.8592,0.483144,False,low_confidence,alphabet_used
qpsk_8dB_4007,qpsk,8.0,bpsk,False,0.0205,0.485198,False,low_confidence,
qpsk_8dB_4007,qpsk,8.0,qpsk,True,0.8388,0.0,True,ok,
qpsk_8dB_4007,qpsk,8.0,8psk,False,0.5026,0.484595,False,low_confidence,alphabet_used
qpsk_8dB_4007,qpsk,8.0,16qam,False,0.8594,0.482336,False,low_confidence,alphabet_used
qpsk_8dB_5007,qpsk,8.0,bpsk,False,0.0026,0.48552,False,low_confidence,
qpsk_8dB_5007,qpsk,8.0,qpsk,True,0.8428,0.0,True,ok,
qpsk_8dB_5007,qpsk,8.0,8psk,False,0.5073,0.483821,False,low_confidence,alphabet_used
qpsk_8dB_5007,qpsk,8.0,16qam,False,0.8483,0.484623,False,low_confidence,alphabet_used
qpsk_8dB_6007,qpsk,8.0,bpsk,False,0.0275,0.483679,False,low_confidence,
qpsk_8dB_6007,qpsk,8.0,qpsk,True,0.8397,0.0,True,ok,
qpsk_8dB_6007,qpsk,8.0,8psk,False,0.4951,0.483461,False,low_confidence,alphabet_used
qpsk_8dB_6007,qpsk,8.0,16qam,False,0.8576,0.484716,False,low_confidence,alphabet_used
qpsk_8dB_7007,qpsk,8.0,bpsk,False,0.0206,0.484927,False,low_confidence,
qpsk_8dB_7007,qpsk,8.0,qpsk,True,0.8481,0.0,True,ok,
qpsk_8dB_7007,qpsk,8.0,8psk,False,0.5224,0.483137,False,low_confidence,alphabet_used
qpsk_8dB_7007,qpsk,8.0,16qam,False,0.8606,0.483187,False,low_confidence,alphabet_used
qpsk_8dB_8007,qpsk,8.0,bpsk,False,0.0047,0.484377,False,low_confidence,
qpsk_8dB_8007,qpsk,8.0,qpsk,True,0.8414,0.0,True,ok,
qpsk_8dB_8007,qpsk,8.0,8psk,False,0.5018,0.483546,False,low_confidence,alphabet_used
qpsk_8dB_8007,qpsk,8.0,16qam,False,0.8641,0.481392,False,low_confidence,alphabet_used
