file,true_mod,snr_db,arm,chosen_mod,mod_correct,status,confidence,est_ber,est_ber_valid,measured_ber,decodes,confidently_wrong,old_rule_ok,lock_failures,chain_runs,secs,reason
16qam_10dB_2020,16qam,10,truth-params,16qam,True,ok,0.7844,0.00284255,True,0.003158,True,False,True,,1,0.254,
16qam_10dB_2020,16qam,10,s2-top,16qam,True,ok,0.7844,0.00284289,True,0.003158,True,False,True,,1,0.223,
16qam_10dB_2020,16qam,10,search,16qam,True,ok,0.7844,0.00284289,True,0.003158,True,False,True,,1,0.252,
16qam_10dB_3020,16qam,10,truth-params,16qam,True,ok,0.8246,0.00221384,True,0.002309,True,False,True,,1,0.246,
16qam_10dB_3020,16qam,10,s2-top,16qam,True,ok,0.8246,0.00221384,True,0.002309,True,False,True,,1,0.225,
16qam_10dB_3020,16qam,10,search,16qam,True,ok,0.8246,0.00221384,True,0.002309,True,False,True,,1,0.248,
16qam_10dB_4020,16qam,10,truth-params,16qam,True,ok,0.8483,0.00262524,True,0.003058,True,False,True,,1,0.256,
16qam_10dB_4020,16qam,10,s2-top,16qam,True,ok,0.8489,0.00262569,True,0.003058,True,False,True,,1,0.214,
16qam_10dB_4020,16qam,10,search,16qam,True,ok,0.8489,0.00262569,True,0.003058,True,False,True,,1,0.247,
16qam_10dB_5020,16qam,10,truth-params,16qam,True,ok,0.7982,0.00229542,True,0.002906,True,False,True,,1,0.247,
16qam_10dB_5020,16qam,10,s2-top,16qam,True,ok,0.7983,0.00229543,True,0.002906,True,False,True,,1,0.217,
16qam_10dB_5020,16qam,10,search,16qam,True,ok,0.7983,0.00229543,True,0.002906,True,False,True,,1,0.247,
16qam_10dB_6020,16qam,10,truth-params,16qam,True,ok,0.8461,0.00255888,True,0.002505,True,False,True,,1,0.252,
16qam_10dB_6020,16qam,10,s2-top,16qam,True,ok,0.8462,0.00255924,True,0.002505,True,False,True,,1,0.22,
16qam_10dB_6020,16qam,10,search,16qam,True,ok,0.8462,0.00255924,True,0.002505,True,False,True,,1,0.247,
16qam_10dB_7020,16qam,10,truth-params,16qam,True,ok,0.7933,0.00275402,True,0.002506,True,False,True,,1,0.248,
16qam_10dB_7020,16qam,10,s2-top,16qam,True,ok,0.7933,0.002755,True,0.002506,True,False,True,,1,0.214,
16qam_10dB_7020,16qam,10,search,16qam,True,ok,0.7933,0.002755,True,0.002506,True,False,True,,1,0.245,
16qam_10dB_8020,16qam,10,truth-params,16qam,True,ok,0.847,0.00279857,True,0.002558,True,False,True,,1,0.251,
16qam_10dB_8020,16qam,10,s2-top,16qam,True,ok,0.847,0.00279939,True,0.002558,True,False,True,,1,0.218,
16qam_10dB_8020,16qam,10,search,16qam,True,ok,0.847,0.00279939,True,0.002558,True,False,True,,1,0.248,
16qam_13dB_2021,16qam,13,truth-params,16qam,True,ok,0.9561,7.568e-05,True,0.0001,True,False,True,,1,0.248,
16qam_13dB_2021,16qam,13,s2-top,16qam,True,ok,0.9561,7.568e-05,True,0.0001,True,False,True,,1,0.215,
16qam_13dB_2021,16qam,13,search,16qam,True,ok,0.9561,7.568e-05,True,0.0001,True,False,True,,1,0.243,
16qam_13dB_3021,16qam,13,truth-params,16qam,True,ok,0.9287,4.756e-05,True,5e-05,True,False,True,,1,0.252,
16qam_13dB_3021,16qam,13,s2-top,16qam,True,ok,0.9287,4.756e-05,True,5e-05,True,False,True,,1,0.218,
16qam_13dB_3021,16qam,13,search,16qam,True,ok,0.9287,4.756e-05,True,5e-05,True,False,True,,1,0.242,
16qam_13dB_4021,16qam,13,truth-params,16qam,True,ok,0.8867,3.391e-05,True,0.0,True,False,True,,1,0.271,
16qam_13dB_4021,16qam,13,s2-top,16qam,True,ok,0.8867,3.391e-05,True,0.0,True,False,True,,1,0.219,
16qam_13dB_4021,16qam,13,search,16qam,True,ok,0.8867,3.391e-05,True,0.0,True,False,True,,1,0.235,
16qam_13dB_5021,16qam,13,truth-params,16qam,True,ok,0.938,3.418e-05,True,0.0,True,False,True,,1,0.245,
16qam_13dB_5021,16qam,13,s2-top,16qam,True,ok,0.9407,3.419e-05,True,0.0,True,False,True,,1,0.221,
16qam_13dB_5021,16qam,13,search,16qam,True,ok,0.9407,3.419e-05,True,0.0,True,False,True,,1,0.251,
16qam_13dB_6021,16qam,13,truth-params,16qam,True,ok,0.892,5.751e-05,True,0.0,True,False,True,,1,0.243,
16qam_13dB_6021,16qam,13,s2-top,16qam,True,ok,0.892,5.751e-05,True,0.0,True,False,True,,1,0.213,
16qam_13dB_6021,16qam,13,search,16qam,True,ok,0.892,5.751e-05,True,0.0,True,False,True,,1,0.243,
16qam_13dB_7021,16qam,13,truth-params,16qam,True,ok,0.9336,3.804e-05,True,5e-05,True,False,True,,1,0.252,
16qam_13dB_7021,16qam,13,s2-top,16qam,True,ok,0.9336,3.804e-05,True,5e-05,True,False,True,,1,0.219,
16qam_13dB_7021,16qam,13,search,16qam,True,ok,0.9336,3.804e-05,True,5e-05,True,False,True,,1,0.245,
16qam_13dB_8021,16qam,13,truth-params,16qam,True,ok,0.9515,5.842e-05,True,0.0,True,False,True,,1,0.248,
16qam_13dB_8021,16qam,13,s2-top,16qam,True,ok,0.9515,5.842e-05,True,0.0,True,False,True,,1,0.213,
16qam_13dB_8021,16qam,13,search,16qam,True,ok,0.9515,5.842e-05,True,0.0,True,False,True,,1,0.254,
16qam_15dB_2022,16qam,15,truth-params,16qam,True,ok,0.974,7e-08,True,0.0,True,False,True,,1,0.248,
16qam_15dB_2022,16qam,15,s2-top,16qam,True,ok,0.974,7e-08,True,0.0,True,False,True,,1,0.22,
16qam_15dB_2022,16qam,15,search,16qam,True,ok,0.974,7e-08,True,0.0,True,False,True,,1,0.247,
16qam_15dB_3022,16qam,15,truth-params,16qam,True,ok,0.9756,0.0,True,0.0,True,False,True,,1,0.258,
16qam_15dB_3022,16qam,15,s2-top,16qam,True,ok,0.9756,0.0,True,0.0,True,False,True,,1,0.213,
16qam_15dB_3022,16qam,15,search,16qam,True,ok,0.9756,0.0,True,0.0,True,False,True,,1,0.235,
16qam_15dB_4022,16qam,15,truth-params,16qam,True,ok,0.9698,1.09e-06,True,0.0,True,False,True,,1,0.247,
16qam_15dB_4022,16qam,15,s2-top,16qam,True,ok,0.9698,1.09e-06,True,0.0,True,False,True,,1,0.214,
16qam_15dB_4022,16qam,15,search,16qam,True,ok,0.9698,1.09e-06,True,0.0,True,False,True,,1,0.246,
16qam_15dB_5022,16qam,15,truth-params,16qam,True,ok,0.9193,1e-08,True,0.0,True,False,True,,1,0.251,
16qam_15dB_5022,16qam,15,s2-top,16qam,True,ok,0.9221,1e-08,True,0.0,True,False,True,,1,0.215,
16qam_15dB_5022,16qam,15,search,16qam,True,ok,0.9221,1e-08,True,0.0,True,False,True,,1,0.251,
16qam_15dB_6022,16qam,15,truth-params,16qam,True,ok,0.9422,0.0,True,0.0,True,False,True,,1,0.247,
16qam_15dB_6022,16qam,15,s2-top,16qam,True,ok,0.9422,0.0,True,0.0,True,False,True,,1,0.216,
16qam_15dB_6022,16qam,15,search,16qam,True,ok,0.9422,0.0,True,0.0,True,False,True,,1,0.243,
16qam_15dB_7022,16qam,15,truth-params,16qam,True,ok,0.9411,1.086e-05,True,0.0,True,False,True,,1,0.248,
16qam_15dB_7022,16qam,15,s2-top,16qam,True,ok,0.9411,1.086e-05,True,0.0,True,False,True,,1,0.217,
16qam_15dB_7022,16qam,15,search,16qam,True,ok,0.9411,1.086e-05,True,0.0,True,False,True,,1,0.24,
16qam_15dB_8022,16qam,15,truth-params,16qam,True,ok,0.9759,1.9e-07,True,0.0,True,False,True,,1,0.245,
16qam_15dB_8022,16qam,15,s2-top,16qam,True,ok,0.9759,1.9e-07,True,0.0,True,False,True,,1,0.213,
16qam_15dB_8022,16qam,15,search,16qam,True,ok,0.9759,1.9e-07,True,0.0,True,False,True,,1,0.239,
16qam_20dB_2023,16qam,20,truth-params,16qam,True,ok,0.9338,0.0,True,0.0,True,False,True,,1,0.25,
16qam_20dB_2023,16qam,20,s2-top,16qam,True,ok,0.9338,0.0,True,0.0,True,False,True,,1,0.232,
16qam_20dB_2023,16qam,20,search,16qam,True,ok,0.9338,0.0,True,0.0,True,False,True,,1,0.267,
16qam_20dB_3023,16qam,20,truth-params,16qam,True,ok,0.9333,0.0,True,0.0,True,False,True,,1,0.248,
16qam_20dB_3023,16qam,20,s2-top,16qam,True,ok,0.9333,0.0,True,0.0,True,False,True,,1,0.223,
16qam_20dB_3023,16qam,20,search,16qam,True,ok,0.9333,0.0,True,0.0,True,False,True,,1,0.243,
16qam_20dB_4023,16qam,20,truth-params,16qam,True,ok,0.9926,0.0,True,0.0,True,False,True,,1,0.25,
16qam_20dB_4023,16qam,20,s2-top,16qam,True,ok,0.9926,0.0,True,0.0,True,False,True,,1,0.217,
16qam_20dB_4023,16qam,20,search,16qam,True,ok,0.9926,0.0,True,0.0,True,False,True,,1,0.25,
16qam_20dB_5023,16qam,20,truth-params,16qam,True,ok,0.9504,0.0,True,0.0,True,False,True,,1,0.249,
16qam_20dB_5023,16qam,20,s2-top,16qam,True,ok,0.9504,0.0,True,0.0,True,False,True,,1,0.219,
16qam_20dB_5023,16qam,20,search,16qam,True,ok,0.9504,0.0,True,0.0,True,False,True,,1,0.244,
16qam_20dB_6023,16qam,20,truth-params,16qam,True,ok,0.9924,0.0,True,0.0,True,False,True,,1,0.254,
16qam_20dB_6023,16qam,20,s2-top,16qam,True,ok,0.9924,0.0,True,0.0,True,False,True,,1,0.217,
16qam_20dB_6023,16qam,20,search,16qam,True,ok,0.9924,0.0,True,0.0,True,False,True,,1,0.239,
16qam_20dB_7023,16qam,20,truth-params,16qam,True,ok,0.9925,0.0,True,0.0,True,False,True,,1,0.243,
16qam_20dB_7023,16qam,20,s2-top,16qam,True,ok,0.9925,0.0,True,0.0,True,False,True,,1,0.22,
16qam_20dB_7023,16qam,20,search,16qam,True,ok,0.9925,0.0,True,0.0,True,False,True,,1,0.252,
16qam_20dB_8023,16qam,20,truth-params,16qam,True,ok,0.9927,0.0,True,0.0,True,False,True,,1,0.263,
16qam_20dB_8023,16qam,20,s2-top,16qam,True,ok,0.9927,0.0,True,0.0,True,False,True,,1,0.222,
16qam_20dB_8023,16qam,20,search,16qam,True,ok,0.9927,0.0,True,0.0,True,False,True,,1,0.256,
16qam_4dB_2018,16qam,4,truth-params,16qam,True,low_confidence,0.0343,0.0559221,False,0.424922,False,False,False,carrier_locked|output_usable,1,0.249,"carrier lock 0.03 below 0.59; the receiver estimates its own output BER at 0.0559, over the 0.05 a lock should produce -"
16qam_4dB_2018,16qam,4,s2-top,16qam,True,low_confidence,0.0308,0.05591789,False,0.424922,False,False,False,carrier_locked|output_usable,1,0.222,"carrier lock 0.03 below 0.59; the receiver estimates its own output BER at 0.0559, over the 0.05 a lock should produce -"
16qam_4dB_2018,16qam,4,search,16qam,True,low_confidence,0.0308,0.05591789,False,0.424922,False,False,False,carrier_locked|output_usable,12,2.582,"carrier lock 0.03 below 0.59; the receiver estimates its own output BER at 0.0559, over the 0.05 a lock should produce -"
16qam_4dB_3018,16qam,4,truth-params,16qam,True,low_confidence,0.0161,0.05810681,False,0.423366,False,False,False,carrier_locked|output_usable,1,0.248,"carrier lock 0.02 below 0.59; the receiver estimates its own output BER at 0.0581, over the 0.05 a lock should produce -"
16qam_4dB_3018,16qam,4,s2-top,16qam,True,low_confidence,0.0161,0.05810681,False,0.423366,False,False,False,carrier_locked|output_usable,1,0.225,"carrier lock 0.02 below 0.59; the receiver estimates its own output BER at 0.0581, over the 0.05 a lock should produce -"
16qam_4dB_3018,16qam,4,search,4fsk,False,low_confidence,0.1228,0.36580817,False,0.483258,False,False,False,output_usable|tone_margin,12,1.766,"the receiver estimates its own output BER at 0.366, over the 0.05 a lock should produce - it is describing a demodulatio"
16qam_4dB_4018,16qam,4,truth-params,16qam,True,low_confidence,0.0211,0.05646725,False,0.423108,False,False,False,carrier_locked|output_usable,1,0.252,"carrier lock 0.02 below 0.59; the receiver estimates its own output BER at 0.0565, over the 0.05 a lock should produce -"
16qam_4dB_4018,16qam,4,s2-top,16qam,True,low_confidence,0.0185,0.05647911,False,0.423108,False,False,False,carrier_locked|output_usable,1,0.219,"carrier lock 0.02 below 0.59; the receiver estimates its own output BER at 0.0565, over the 0.05 a lock should produce -"
16qam_4dB_4018,16qam,4,search,2fsk,False,low_confidence,0.1683,0.34585414,False,0.477763,False,False,True,output_usable,12,1.773,"the receiver estimates its own output BER at 0.346, over the 0.05 a lock should produce - it is describing a demodulatio"
16qam_4dB_5018,16qam,4,truth-params,16qam,True,low_confidence,0.0586,0.05791288,False,0.389006,False,False,False,carrier_locked|output_usable,1,0.255,"carrier lock 0.06 below 0.59; the receiver estimates its own output BER at 0.0579, over the 0.05 a lock should produce -"
16qam_4dB_5018,16qam,4,s2-top,16qam,True,low_confidence,0.0586,0.05791289,False,0.389006,False,False,False,carrier_locked|output_usable,1,0.216,"carrier lock 0.06 below 0.59; the receiver estimates its own output BER at 0.0579, over the 0.05 a lock should produce -"
16qam_4dB_5018,16qam,4,search,2fsk,False,low_confidence,0.2323,0.285759,False,0.479133,False,False,True,output_usable,6,0.903,"the receiver estimates its own output BER at 0.286, over the 0.05 a lock should produce - it is describing a demodulatio"
16qam_4dB_6018,16qam,4,truth-params,16qam,True,low_confidence,0.0709,0.0580037,False,0.422514,False,False,False,carrier_locked|output_usable,1,0.253,"carrier lock 0.07 below 0.59; the receiver estimates its own output BER at 0.058, over the 0.05 a lock should produce - "
16qam_4dB_6018,16qam,4,s2-top,16qam,True,low_confidence,0.0709,0.05801366,False,0.422514,False,False,False,carrier_locked|output_usable,1,0.213,"carrier lock 0.07 below 0.59; the receiver estimates its own output BER at 0.058, over the 0.05 a lock should produce - "
16qam_4dB_6018,16qam,4,search,2fsk,False,low_confidence,0.1039,0.40775911,False,0.478749,False,False,False,output_usable|tone_margin,12,1.771,"the receiver estimates its own output BER at 0.408, over the 0.05 a lock should produce - it is describing a demodulatio"
16qam_4dB_7018,16qam,4,truth-params,16qam,True,low_confidence,0.0152,0.05623571,False,0.421641,False,False,False,carrier_locked|output_usable,1,0.244,"carrier lock 0.02 below 0.59; the receiver estimates its own output BER at 0.0562, over the 0.05 a lock should produce -"
16qam_4dB_7018,16qam,4,s2-top,16qam,True,low_confidence,0.0152,0.05623572,False,0.421641,False,False,False,carrier_locked|output_usable,1,0.212,"carrier lock 0.02 below 0.59; the receiver estimates its own output BER at 0.0562, over the 0.05 a lock should produce -"
16qam_4dB_7018,16qam,4,search,2fsk,False,low_confidence,0.2115,0.30658269,False,0.479683,False,False,True,output_usable,12,1.798,"the receiver estimates its own output BER at 0.307, over the 0.05 a lock should produce - it is describing a demodulatio"
16qam_4dB_8018,16qam,4,truth-params,16qam,True,low_confidence,0.042,0.05785754,False,0.423493,False,False,False,carrier_locked|output_usable,1,0.258,"carrier lock 0.04 below 0.59; the receiver estimates its own output BER at 0.0579, over the 0.05 a lock should produce -"
16qam_4dB_8018,16qam,4,s2-top,16qam,True,low_confidence,0.042,0.05785757,False,0.423493,False,False,False,carrier_locked|output_usable,1,0.218,"carrier lock 0.04 below 0.59; the receiver estimates its own output BER at 0.0579, over the 0.05 a lock should produce -"
16qam_4dB_8018,16qam,4,search,2fsk,False,low_confidence,0.2659,0.25714779,False,0.479844,False,False,True,output_usable,6,0.886,"the receiver estimates its own output BER at 0.257, over the 0.05 a lock should produce - it is describing a demodulatio"
16qam_8dB_2019,16qam,8,truth-params,16qam,True,ok,0.7193,0.01098189,True,0.011587,False,False,True,,1,0.247,
16qam_8dB_2019,16qam,8,s2-top,16qam,True,ok,0.7193,0.01098771,True,0.011589,False,False,True,,1,0.227,
16qam_8dB_2019,16qam,8,search,16qam,True,ok,0.7193,0.01098771,True,0.011589,False,False,True,,1,0.256,
16qam_8dB_3019,16qam,8,truth-params,16qam,True,ok,0.7881,0.01070969,True,0.013037,False,False,True,,1,0.249,
16qam_8dB_3019,16qam,8,s2-top,16qam,True,ok,0.7881,0.01070969,True,0.013037,False,False,True,,1,0.199,
16qam_8dB_3019,16qam,8,search,16qam,True,ok,0.7881,0.01070969,True,0.013037,False,False,True,,1,0.231,
16qam_8dB_4019,16qam,8,truth-params,16qam,True,ok,0.6961,0.01091465,True,0.012395,False,False,True,,1,0.253,
16qam_8dB_4019,16qam,8,s2-top,16qam,True,ok,0.6961,0.01091465,True,0.012395,False,False,True,,1,0.209,
16qam_8dB_4019,16qam,8,search,16qam,True,ok,0.6961,0.01091465,True,0.012395,False,False,True,,1,0.244,
16qam_8dB_5019,16qam,8,truth-params,16qam,True,ok,0.6963,0.01059347,True,0.012257,False,False,True,,1,0.233,
16qam_8dB_5019,16qam,8,s2-top,16qam,True,ok,0.6963,0.01059347,True,0.012257,False,False,True,,1,0.211,
16qam_8dB_5019,16qam,8,search,16qam,True,ok,0.6963,0.01059347,True,0.012257,False,False,True,,1,0.224,
16qam_8dB_6019,16qam,8,truth-params,16qam,True,ok,0.7006,0.01067783,True,0.012388,False,False,True,,1,0.238,
16qam_8dB_6019,16qam,8,s2-top,16qam,True,ok,0.7002,0.01068025,True,0.012388,False,False,True,,1,0.24,
16qam_8dB_6019,16qam,8,search,16qam,True,ok,0.7002,0.01068025,True,0.012388,False,False,True,,1,0.249,
16qam_8dB_7019,16qam,8,truth-params,16qam,True,ok,0.6865,0.01057606,True,0.01264,False,False,True,,1,0.246,
16qam_8dB_7019,16qam,8,s2-top,16qam,True,ok,0.6865,0.01057606,True,0.01264,False,False,True,,1,0.216,
16qam_8dB_7019,16qam,8,search,16qam,True,ok,0.6865,0.01057606,True,0.01264,False,False,True,,1,0.231,
16qam_8dB_8019,16qam,8,truth-params,16qam,True,ok,0.6805,0.01009834,True,0.012275,False,False,True,,1,0.25,
16qam_8dB_8019,16qam,8,s2-top,16qam,True,ok,0.6801,0.01009774,True,0.012275,False,False,True,,1,0.212,
16qam_8dB_8019,16qam,8,search,16qam,True,ok,0.6801,0.01009774,True,0.012275,False,False,True,,1,0.255,
2fsk_10dB_2026,2fsk,10,truth-params,2fsk,True,ok,0.8611,0.0,True,0.0,True,False,True,,1,0.064,
2fsk_10dB_2026,2fsk,10,s2-top,2fsk,True,ok,0.8611,0.0,True,0.0,True,False,True,,1,0.078,
2fsk_10dB_2026,2fsk,10,search,2fsk,True,ok,0.8611,0.0,True,0.0,True,False,True,,1,0.271,
2fsk_10dB_3026,2fsk,10,truth-params,2fsk,True,ok,0.861,0.0,True,0.0,True,False,True,,1,0.066,
2fsk_10dB_3026,2fsk,10,s2-top,2fsk,True,ok,0.861,0.0,True,0.0,True,False,True,,1,0.067,
2fsk_10dB_3026,2fsk,10,search,2fsk,True,ok,0.861,0.0,True,0.0,True,False,True,,1,0.285,
2fsk_10dB_4026,2fsk,10,truth-params,2fsk,True,ok,0.8615,0.0,True,0.0,True,False,True,,1,0.067,
2fsk_10dB_4026,2fsk,10,s2-top,2fsk,True,ok,0.8615,0.0,True,0.0,True,False,True,,1,0.071,
2fsk_10dB_4026,2fsk,10,search,2fsk,True,ok,0.8615,0.0,True,0.0,True,False,True,,1,0.28,
2fsk_10dB_5026,2fsk,10,truth-params,2fsk,True,ok,0.8608,0.0,True,0.0,True,False,True,,1,0.066,
2fsk_10dB_5026,2fsk,10,s2-top,2fsk,True,ok,0.8608,0.0,True,0.0,True,False,True,,1,0.068,
2fsk_10dB_5026,2fsk,10,search,2fsk,True,ok,0.8608,0.0,True,0.0,True,False,True,,1,0.267,
2fsk_10dB_6026,2fsk,10,truth-params,2fsk,True,ok,0.8608,0.0,True,0.0,True,False,True,,1,0.065,
2fsk_10dB_6026,2fsk,10,s2-top,2fsk,True,ok,0.8608,0.0,True,0.0,True,False,True,,1,0.067,
2fsk_10dB_6026,2fsk,10,search,2fsk,True,ok,0.8608,0.0,True,0.0,True,False,True,,1,0.281,
2fsk_10dB_7026,2fsk,10,truth-params,2fsk,True,ok,0.8604,0.0,True,0.0,True,False,True,,1,0.064,
2fsk_10dB_7026,2fsk,10,s2-top,2fsk,True,ok,0.8604,0.0,True,0.0,True,False,True,,1,0.066,
2fsk_10dB_7026,2fsk,10,search,2fsk,True,ok,0.8604,0.0,True,0.0,True,False,True,,1,0.277,
2fsk_10dB_8026,2fsk,10,truth-params,2fsk,True,ok,0.8611,0.0,True,0.0,True,False,True,,1,0.069,
2fsk_10dB_8026,2fsk,10,s2-top,2fsk,True,ok,0.8611,0.0,True,0.0,True,False,True,,1,0.063,
2fsk_10dB_8026,2fsk,10,search,2fsk,True,ok,0.8611,0.0,True,0.0,True,False,True,,1,0.282,
2fsk_13dB_2027,2fsk,13,truth-params,2fsk,True,ok,0.9016,0.0,True,0.0,True,False,True,,1,0.066,
2fsk_13dB_2027,2fsk,13,s2-top,2fsk,True,ok,0.9016,0.0,True,0.0,True,False,True,,1,0.064,
2fsk_13dB_2027,2fsk,13,search,2fsk,True,ok,0.9016,0.0,True,0.0,True,False,True,,1,0.279,
2fsk_13dB_3027,2fsk,13,truth-params,2fsk,True,ok,0.9012,0.0,True,0.0,True,False,True,,1,0.064,
2fsk_13dB_3027,2fsk,13,s2-top,2fsk,True,ok,0.9012,0.0,True,0.0,True,False,True,,1,0.067,
2fsk_13dB_3027,2fsk,13,search,2fsk,True,ok,0.9012,0.0,True,0.0,True,False,True,,1,0.273,
2fsk_13dB_4027,2fsk,13,truth-params,2fsk,True,ok,0.9014,0.0,True,0.0,True,False,True,,1,0.066,
2fsk_13dB_4027,2fsk,13,s2-top,2fsk,True,ok,0.9014,0.0,True,0.0,True,False,True,,1,0.075,
2fsk_13dB_4027,2fsk,13,search,2fsk,True,ok,0.9014,0.0,True,0.0,True,False,True,,1,0.276,
2fsk_13dB_5027,2fsk,13,truth-params,2fsk,True,ok,0.9014,0.0,True,0.0,True,False,True,,1,0.067,
2fsk_13dB_5027,2fsk,13,s2-top,2fsk,True,ok,0.9013,0.0,True,0.0,True,False,True,,1,0.062,
2fsk_13dB_5027,2fsk,13,search,2fsk,True,ok,0.9013,0.0,True,0.0,True,False,True,,1,0.271,
2fsk_13dB_6027,2fsk,13,truth-params,2fsk,True,ok,0.9015,0.0,True,0.0,True,False,True,,1,0.064,
2fsk_13dB_6027,2fsk,13,s2-top,2fsk,True,ok,0.9015,0.0,True,0.0,True,False,True,,1,0.067,
2fsk_13dB_6027,2fsk,13,search,2fsk,True,ok,0.9015,0.0,True,0.0,True,False,True,,1,0.293,
2fsk_13dB_7027,2fsk,13,truth-params,2fsk,True,ok,0.9012,0.0,True,0.0,True,False,True,,1,0.066,
2fsk_13dB_7027,2fsk,13,s2-top,2fsk,True,ok,0.9011,0.0,True,0.0,True,False,True,,1,0.065,
2fsk_13dB_7027,2fsk,13,search,2fsk,True,ok,0.9011,0.0,True,0.0,True,False,True,,1,0.278,
2fsk_13dB_8027,2fsk,13,truth-params,2fsk,True,ok,0.9012,0.0,True,0.0,True,False,True,,1,0.065,
2fsk_13dB_8027,2fsk,13,s2-top,2fsk,True,ok,0.9012,0.0,True,0.0,True,False,True,,1,0.063,
2fsk_13dB_8027,2fsk,13,search,2fsk,True,ok,0.9012,0.0,True,0.0,True,False,True,,1,0.27,
2fsk_15dB_2028,2fsk,15,truth-params,2fsk,True,ok,0.9213,0.0,True,0.0,True,False,True,,1,0.064,
2fsk_15dB_2028,2fsk,15,s2-top,2fsk,True,ok,0.9213,0.0,True,0.0,True,False,True,,1,0.065,
2fsk_15dB_2028,2fsk,15,search,2fsk,True,ok,0.9213,0.0,True,0.0,True,False,True,,1,0.272,
2fsk_15dB_3028,2fsk,15,truth-params,2fsk,True,ok,0.9216,0.0,True,0.0,True,False,True,,1,0.069,
2fsk_15dB_3028,2fsk,15,s2-top,2fsk,True,ok,0.9216,0.0,True,0.0,True,False,True,,1,0.062,
2fsk_15dB_3028,2fsk,15,search,2fsk,True,ok,0.9216,0.0,True,0.0,True,False,True,,1,0.268,
2fsk_15dB_4028,2fsk,15,truth-params,2fsk,True,ok,0.9215,0.0,True,0.0,True,False,True,,1,0.068,
2fsk_15dB_4028,2fsk,15,s2-top,2fsk,True,ok,0.9215,0.0,True,0.0,True,False,True,,1,0.066,
2fsk_15dB_4028,2fsk,15,search,2fsk,True,ok,0.9215,0.0,True,0.0,True,False,True,,1,0.283,
2fsk_15dB_5028,2fsk,15,truth-params,2fsk,True,ok,0.9214,0.0,True,0.0,True,False,True,,1,0.065,
2fsk_15dB_5028,2fsk,15,s2-top,2fsk,True,ok,0.9214,0.0,True,0.0,True,False,True,,1,0.066,
2fsk_15dB_5028,2fsk,15,search,2fsk,True,ok,0.9214,0.0,True,0.0,True,False,True,,1,0.274,
2fsk_15dB_6028,2fsk,15,truth-params,2fsk,True,ok,0.9214,0.0,True,0.0,True,False,True,,1,0.068,
2fsk_15dB_6028,2fsk,15,s2-top,2fsk,True,ok,0.9214,0.0,True,0.0,True,False,True,,1,0.059,
2fsk_15dB_6028,2fsk,15,search,2fsk,True,ok,0.9214,0.0,True,0.0,True,False,True,,1,0.268,
2fsk_15dB_7028,2fsk,15,truth-params,2fsk,True,ok,0.9217,0.0,True,0.0,True,False,True,,1,0.064,
2fsk_15dB_7028,2fsk,15,s2-top,2fsk,True,ok,0.9217,0.0,True,0.0,True,False,True,,1,0.069,
2fsk_15dB_7028,2fsk,15,search,2fsk,True,ok,0.9217,0.0,True,0.0,True,False,True,,1,0.256,
2fsk_15dB_8028,2fsk,15,truth-params,2fsk,True,ok,0.9218,0.0,True,0.0,True,False,True,,1,0.064,
2fsk_15dB_8028,2fsk,15,s2-top,2fsk,True,ok,0.9218,0.0,True,0.0,True,False,True,,1,0.067,
2fsk_15dB_8028,2fsk,15,search,2fsk,True,ok,0.9218,0.0,True,0.0,True,False,True,,1,0.301,
2fsk_20dB_2029,2fsk,20,truth-params,2fsk,True,ok,0.9558,0.0,True,0.0,True,False,True,,1,0.066,
2fsk_20dB_2029,2fsk,20,s2-top,2fsk,True,ok,0.9558,0.0,True,0.0,True,False,True,,1,0.064,
2fsk_20dB_2029,2fsk,20,search,2fsk,True,ok,0.9558,0.0,True,0.0,True,False,True,,1,0.273,
2fsk_20dB_3029,2fsk,20,truth-params,2fsk,True,ok,0.9557,0.0,True,0.0,True,False,True,,1,0.064,
2fsk_20dB_3029,2fsk,20,s2-top,2fsk,True,ok,0.9557,0.0,True,0.0,True,False,True,,1,0.068,
2fsk_20dB_3029,2fsk,20,search,2fsk,True,ok,0.9557,0.0,True,0.0,True,False,True,,1,0.271,
2fsk_20dB_4029,2fsk,20,truth-params,2fsk,True,ok,0.9558,0.0,True,0.0,True,False,True,,1,0.067,
2fsk_20dB_4029,2fsk,20,s2-top,2fsk,True,ok,0.9558,0.0,True,0.0,True,False,True,,1,0.062,
2fsk_20dB_4029,2fsk,20,search,2fsk,True,ok,0.9558,0.0,True,0.0,True,False,True,,1,0.271,
2fsk_20dB_5029,2fsk,20,truth-params,2fsk,True,ok,0.9559,0.0,True,0.0,True,False,True,,1,0.065,
2fsk_20dB_5029,2fsk,20,s2-top,2fsk,True,ok,0.9559,0.0,True,0.0,True,False,True,,1,0.066,
2fsk_20dB_5029,2fsk,20,search,2fsk,True,ok,0.9559,0.0,True,0.0,True,False,True,,1,0.276,
2fsk_20dB_6029,2fsk,20,truth-params,2fsk,True,ok,0.9558,0.0,True,0.0,True,False,True,,1,0.066,
2fsk_20dB_6029,2fsk,20,s2-top,2fsk,True,ok,0.9558,0.0,True,0.0,True,False,True,,1,0.065,
2fsk_20dB_6029,2fsk,20,search,2fsk,True,ok,0.9558,0.0,True,0.0,True,False,True,,1,0.261,
2fsk_20dB_7029,2fsk,20,truth-params,2fsk,True,ok,0.9556,0.0,True,0.0,True,False,True,,1,0.065,
2fsk_20dB_7029,2fsk,20,s2-top,2fsk,True,ok,0.9556,0.0,True,0.0,True,False,True,,1,0.065,
2fsk_20dB_7029,2fsk,20,search,2fsk,True,ok,0.9556,0.0,True,0.0,True,False,True,,1,0.289,
2fsk_20dB_8029,2fsk,20,truth-params,2fsk,True,ok,0.9557,0.0,True,0.0,True,False,True,,1,0.066,
2fsk_20dB_8029,2fsk,20,s2-top,2fsk,True,ok,0.9557,0.0,True,0.0,True,False,True,,1,0.066,
2fsk_20dB_8029,2fsk,20,search,2fsk,True,ok,0.9557,0.0,True,0.0,True,False,True,,1,0.273,
2fsk_4dB_2024,2fsk,4,truth-params,2fsk,True,ok,0.7273,0.00299025,True,0.003756,True,False,True,,1,0.057,
2fsk_4dB_2024,2fsk,4,s2-top,2fsk,True,failed,0.0,1.0,False,1.0,False,False,False,signal_present,1,0.026,"no symbol-rate line at 48479 Hz (1.6x local median, needs 4.5x) - either nothing is here or the rate is wrong"
2fsk_4dB_2024,2fsk,4,search,2fsk,True,ok,0.7273,0.00299025,True,0.003756,True,False,True,,2,0.374,
2fsk_4dB_3024,2fsk,4,truth-params,2fsk,True,ok,0.7274,0.00277979,True,0.00381,True,False,True,,1,0.056,
2fsk_4dB_3024,2fsk,4,s2-top,2fsk,True,failed,0.0,1.0,False,1.0,False,False,False,signal_present,1,0.03,"no symbol-rate line at 14914 Hz (1.0x local median, needs 4.5x) - either nothing is here or the rate is wrong"
2fsk_4dB_3024,2fsk,4,search,2fsk,True,ok,0.7274,0.00277979,True,0.00381,True,False,True,,2,0.42,
2fsk_4dB_4024,2fsk,4,truth-params,2fsk,True,ok,0.7266,0.00318759,True,0.004014,True,False,True,,1,0.048,
2fsk_4dB_4024,2fsk,4,s2-top,2fsk,True,failed,0.0,1.0,False,1.0,False,False,False,signal_present,1,0.033,"no symbol-rate line at 47409 Hz (1.9x local median, needs 4.5x) - either nothing is here or the rate is wrong"
2fsk_4dB_4024,2fsk,4,search,2fsk,True,ok,0.7266,0.00318759,True,0.004014,True,False,True,,10,6.994,
2fsk_4dB_5024,2fsk,4,truth-params,2fsk,True,ok,0.7285,0.00287139,True,0.003559,True,False,True,,1,0.054,
2fsk_4dB_5024,2fsk,4,s2-top,2fsk,True,failed,0.0,1.0,False,1.0,False,False,False,signal_present,1,0.027,"no symbol-rate line at 43216 Hz (2.2x local median, needs 4.5x) - either nothing is here or the rate is wrong"
2fsk_4dB_5024,2fsk,4,search,2fsk,True,ok,0.7285,0.00287139,True,0.003559,True,False,True,,6,3.406,
2fsk_4dB_6024,2fsk,4,truth-params,2fsk,True,ok,0.727,0.0028469,True,0.003358,True,False,True,,1,0.053,
2fsk_4dB_6024,2fsk,4,s2-top,2fsk,True,failed,0.0,1.0,False,1.0,False,False,False,signal_present,1,0.028,"no symbol-rate line at 51061 Hz (1.6x local median, needs 4.5x) - either nothing is here or the rate is wrong"
2fsk_4dB_6024,2fsk,4,search,2fsk,True,ok,0.727,0.0028469,True,0.003358,True,False,True,,2,0.372,
2fsk_4dB_7024,2fsk,4,truth-params,2fsk,True,ok,0.7296,0.00282163,True,0.003961,True,False,True,,1,0.062,
2fsk_4dB_7024,2fsk,4,s2-top,2fsk,True,failed,0.0,1.0,False,1.0,False,False,False,signal_present,1,0.029,"no symbol-rate line at 45265 Hz (1.5x local median, needs 4.5x) - either nothing is here or the rate is wrong"
2fsk_4dB_7024,2fsk,4,search,2fsk,True,ok,0.7296,0.00282163,True,0.003961,True,False,True,,2,0.337,
2fsk_4dB_8024,2fsk,4,truth-params,2fsk,True,ok,0.7277,0.00284855,True,0.00351,True,False,True,,1,0.061,
2fsk_4dB_8024,2fsk,4,s2-top,2fsk,True,failed,0.0,1.0,False,1.0,False,False,False,signal_present,1,0.027,"no symbol-rate line at 72517 Hz (0.8x local median, needs 4.5x) - either nothing is here or the rate is wrong"
2fsk_4dB_8024,2fsk,4,search,2fsk,True,ok,0.7277,0.00284855,True,0.00351,True,False,True,,6,5.303,
2fsk_8dB_2025,2fsk,8,truth-params,2fsk,True,ok,0.8254,2.4e-07,True,0.0,True,False,True,,1,0.057,
2fsk_8dB_2025,2fsk,8,s2-top,2fsk,True,failed,0.0,1.0,False,1.0,False,False,False,signal_present,1,0.026,"no symbol-rate line at 11987 Hz (1.0x local median, needs 4.5x) - either nothing is here or the rate is wrong"
2fsk_8dB_2025,2fsk,8,search,2fsk,True,ok,0.8254,2.4e-07,True,0.0,True,False,True,,2,0.353,
2fsk_8dB_3025,2fsk,8,truth-params,2fsk,True,ok,0.8254,7e-08,True,0.0,True,False,True,,1,0.06,
2fsk_8dB_3025,2fsk,8,s2-top,2fsk,True,failed,0.0,1.0,False,1.0,False,False,False,signal_present,1,0.026,"no symbol-rate line at 41822 Hz (0.5x local median, needs 4.5x) - either nothing is here or the rate is wrong"
2fsk_8dB_3025,2fsk,8,search,2fsk,True,ok,0.8254,7e-08,True,0.0,True,False,True,,2,0.366,
2fsk_8dB_4025,2fsk,8,truth-params,2fsk,True,ok,0.8253,2.25e-06,True,0.0,True,False,True,,1,0.053,
2fsk_8dB_4025,2fsk,8,s2-top,2fsk,True,failed,0.0,1.0,False,1.0,False,False,False,signal_present,1,0.028,"no symbol-rate line at 20364 Hz (2.1x local median, needs 4.5x) - either nothing is here or the rate is wrong"
2fsk_8dB_4025,2fsk,8,search,2fsk,True,ok,0.8253,2.25e-06,True,0.0,True,False,True,,6,1.867,
2fsk_8dB_5025,2fsk,8,truth-params,2fsk,True,ok,0.8253,2.7e-07,True,0.0,True,False,True,,1,0.054,
2fsk_8dB_5025,2fsk,8,s2-top,2fsk,True,failed,0.0,1.0,False,1.0,False,False,False,signal_present,1,0.026,"no symbol-rate line at 45043 Hz (2.2x local median, needs 4.5x) - either nothing is here or the rate is wrong"
2fsk_8dB_5025,2fsk,8,search,2fsk,True,ok,0.8253,2.7e-07,True,0.0,True,False,True,,2,0.343,
2fsk_8dB_6025,2fsk,8,truth-params,2fsk,True,ok,0.826,2.6e-07,True,0.0,True,False,True,,1,0.056,
2fsk_8dB_6025,2fsk,8,s2-top,2fsk,True,failed,0.0,1.0,False,1.0,False,False,False,signal_present,1,0.03,"no symbol-rate line at 78765 Hz (1.9x local median, needs 4.5x) - either nothing is here or the rate is wrong"
2fsk_8dB_6025,2fsk,8,search,2fsk,True,ok,0.826,2.6e-07,True,0.0,True,False,True,,2,0.355,
2fsk_8dB_7025,2fsk,8,truth-params,2fsk,True,ok,0.8252,9e-08,True,0.0,True,False,True,,1,0.06,
2fsk_8dB_7025,2fsk,8,s2-top,2fsk,True,failed,0.0,1.0,False,1.0,False,False,False,signal_present,1,0.029,"no symbol-rate line at 45559 Hz (2.9x local median, needs 4.5x) - either nothing is here or the rate is wrong"
2fsk_8dB_7025,2fsk,8,search,2fsk,True,ok,0.8252,9e-08,True,0.0,True,False,True,,2,0.384,
2fsk_8dB_8025,2fsk,8,truth-params,2fsk,True,ok,0.8259,1.4e-07,True,0.0,True,False,True,,1,0.052,
2fsk_8dB_8025,2fsk,8,s2-top,2fsk,True,failed,0.0,1.0,False,1.0,False,False,False,signal_present,1,0.031,"no symbol-rate line at 41598 Hz (2.2x local median, needs 4.5x) - either nothing is here or the rate is wrong"
2fsk_8dB_8025,2fsk,8,search,2fsk,True,ok,0.8259,1.4e-07,True,0.0,True,False,True,,2,0.362,
4fsk_10dB_2032,4fsk,10,truth-params,4fsk,True,ok,0.7978,0.0,True,0.0,True,False,True,,1,0.042,
4fsk_10dB_2032,4fsk,10,s2-top,4fsk,True,ok,0.7977,0.0,True,0.0,True,False,True,,1,0.044,
4fsk_10dB_2032,4fsk,10,search,4fsk,True,ok,0.7977,0.0,True,0.0,True,False,True,,1,0.105,
4fsk_10dB_3032,4fsk,10,truth-params,4fsk,True,ok,0.7971,0.0,True,0.0,True,False,True,,1,0.044,
4fsk_10dB_3032,4fsk,10,s2-top,4fsk,True,ok,0.7971,0.0,True,0.0,True,False,True,,1,0.043,
4fsk_10dB_3032,4fsk,10,search,4fsk,True,ok,0.7971,0.0,True,0.0,True,False,True,,1,0.104,
4fsk_10dB_4032,4fsk,10,truth-params,4fsk,True,ok,0.797,0.0,True,0.0,True,False,True,,1,0.04,
4fsk_10dB_4032,4fsk,10,s2-top,4fsk,True,ok,0.797,0.0,True,0.0,True,False,True,,1,0.045,
4fsk_10dB_4032,4fsk,10,search,4fsk,True,ok,0.797,0.0,True,0.0,True,False,True,,1,0.102,
4fsk_10dB_5032,4fsk,10,truth-params,4fsk,True,ok,0.798,0.0,True,0.0,True,False,True,,1,0.043,
4fsk_10dB_5032,4fsk,10,s2-top,4fsk,True,ok,0.798,0.0,True,0.0,True,False,True,,1,0.043,
4fsk_10dB_5032,4fsk,10,search,4fsk,True,ok,0.798,0.0,True,0.0,True,False,True,,1,0.118,
4fsk_10dB_6032,4fsk,10,truth-params,4fsk,True,ok,0.7978,0.0,True,0.0,True,False,True,,1,0.041,
4fsk_10dB_6032,4fsk,10,s2-top,4fsk,True,ok,0.7978,0.0,True,0.0,True,False,True,,1,0.046,
4fsk_10dB_6032,4fsk,10,search,4fsk,True,ok,0.7978,0.0,True,0.0,True,False,True,,1,0.111,
4fsk_10dB_7032,4fsk,10,truth-params,4fsk,True,ok,0.7977,0.0,True,0.0,True,False,True,,1,0.042,
4fsk_10dB_7032,4fsk,10,s2-top,4fsk,True,ok,0.7977,0.0,True,0.0,True,False,True,,1,0.045,
4fsk_10dB_7032,4fsk,10,search,4fsk,True,ok,0.7977,0.0,True,0.0,True,False,True,,1,0.105,
4fsk_10dB_8032,4fsk,10,truth-params,4fsk,True,ok,0.7973,0.0,True,0.0,True,False,True,,1,0.039,
4fsk_10dB_8032,4fsk,10,s2-top,4fsk,True,ok,0.7973,0.0,True,0.0,True,False,True,,1,0.043,
4fsk_10dB_8032,4fsk,10,search,4fsk,True,ok,0.7973,0.0,True,0.0,True,False,True,,1,0.105,
4fsk_13dB_2033,4fsk,13,truth-params,4fsk,True,ok,0.8565,0.0,True,0.0,True,False,True,,1,0.042,
4fsk_13dB_2033,4fsk,13,s2-top,4fsk,True,ok,0.8565,0.0,True,0.0,True,False,True,,1,0.045,
4fsk_13dB_2033,4fsk,13,search,4fsk,True,ok,0.8565,0.0,True,0.0,True,False,True,,1,0.109,
4fsk_13dB_3033,4fsk,13,truth-params,4fsk,True,ok,0.8559,0.0,True,0.0,True,False,True,,1,0.042,
4fsk_13dB_3033,4fsk,13,s2-top,4fsk,True,ok,0.8559,0.0,True,0.0,True,False,True,,1,0.043,
4fsk_13dB_3033,4fsk,13,search,4fsk,True,ok,0.8559,0.0,True,0.0,True,False,True,,1,0.109,
4fsk_13dB_4033,4fsk,13,truth-params,4fsk,True,ok,0.8557,0.0,True,0.0,True,False,True,,1,0.042,
4fsk_13dB_4033,4fsk,13,s2-top,4fsk,True,ok,0.8557,0.0,True,0.0,True,False,True,,1,0.043,
4fsk_13dB_4033,4fsk,13,search,4fsk,True,ok,0.8557,0.0,True,0.0,True,False,True,,1,0.102,
4fsk_13dB_5033,4fsk,13,truth-params,4fsk,True,ok,0.8565,0.0,True,0.0,True,False,True,,1,0.041,
4fsk_13dB_5033,4fsk,13,s2-top,4fsk,True,ok,0.8565,0.0,True,0.0,True,False,True,,1,0.043,
4fsk_13dB_5033,4fsk,13,search,4fsk,True,ok,0.8565,0.0,True,0.0,True,False,True,,1,0.111,
4fsk_13dB_6033,4fsk,13,truth-params,4fsk,True,ok,0.8561,0.0,True,0.0,True,False,True,,1,0.04,
4fsk_13dB_6033,4fsk,13,s2-top,4fsk,True,ok,0.8561,0.0,True,0.0,True,False,True,,1,0.045,
4fsk_13dB_6033,4fsk,13,search,4fsk,True,ok,0.8561,0.0,True,0.0,True,False,True,,1,0.108,
4fsk_13dB_7033,4fsk,13,truth-params,4fsk,True,ok,0.8562,0.0,True,0.0,True,False,True,,1,0.039,
4fsk_13dB_7033,4fsk,13,s2-top,4fsk,True,ok,0.8562,0.0,True,0.0,True,False,True,,1,0.044,
4fsk_13dB_7033,4fsk,13,search,4fsk,True,ok,0.8562,0.0,True,0.0,True,False,True,,1,0.106,
4fsk_13dB_8033,4fsk,13,truth-params,4fsk,True,ok,0.8561,0.0,True,0.0,True,False,True,,1,0.041,
4fsk_13dB_8033,4fsk,13,s2-top,4fsk,True,ok,0.8561,0.0,True,0.0,True,False,True,,1,0.045,
4fsk_13dB_8033,4fsk,13,search,4fsk,True,ok,0.8561,0.0,True,0.0,True,False,True,,1,0.1,
4fsk_15dB_2034,4fsk,15,truth-params,4fsk,True,ok,0.8858,0.0,True,0.0,True,False,True,,1,0.039,
4fsk_15dB_2034,4fsk,15,s2-top,4fsk,True,ok,0.8858,0.0,True,0.0,True,False,True,,1,0.044,
4fsk_15dB_2034,4fsk,15,search,4fsk,True,ok,0.8858,0.0,True,0.0,True,False,True,,1,0.112,
4fsk_15dB_3034,4fsk,15,truth-params,4fsk,True,ok,0.8855,0.0,True,0.0,True,False,True,,1,0.041,
4fsk_15dB_3034,4fsk,15,s2-top,4fsk,True,ok,0.8855,0.0,True,0.0,True,False,True,,1,0.043,
4fsk_15dB_3034,4fsk,15,search,4fsk,True,ok,0.8855,0.0,True,0.0,True,False,True,,1,0.105,
4fsk_15dB_4034,4fsk,15,truth-params,4fsk,True,ok,0.8857,0.0,True,0.0,True,False,True,,1,0.041,
4fsk_15dB_4034,4fsk,15,s2-top,4fsk,True,ok,0.8856,0.0,True,0.0,True,False,True,,1,0.048,
4fsk_15dB_4034,4fsk,15,search,4fsk,True,ok,0.8856,0.0,True,0.0,True,False,True,,1,0.108,
4fsk_15dB_5034,4fsk,15,truth-params,4fsk,True,ok,0.8851,0.0,True,0.0,True,False,True,,1,0.04,
4fsk_15dB_5034,4fsk,15,s2-top,4fsk,True,ok,0.8851,0.0,True,0.0,True,False,True,,1,0.045,
4fsk_15dB_5034,4fsk,15,search,4fsk,True,ok,0.8851,0.0,True,0.0,True,False,True,,1,0.105,
4fsk_15dB_6034,4fsk,15,truth-params,4fsk,True,ok,0.8859,0.0,True,0.0,True,False,True,,1,0.043,
4fsk_15dB_6034,4fsk,15,s2-top,4fsk,True,ok,0.8859,0.0,True,0.0,True,False,True,,1,0.044,
4fsk_15dB_6034,4fsk,15,search,4fsk,True,ok,0.8859,0.0,True,0.0,True,False,True,,1,0.106,
4fsk_15dB_7034,4fsk,15,truth-params,4fsk,True,ok,0.8857,0.0,True,0.0,True,False,True,,1,0.041,
4fsk_15dB_7034,4fsk,15,s2-top,4fsk,True,ok,0.8857,0.0,True,0.0,True,False,True,,1,0.042,
4fsk_15dB_7034,4fsk,15,search,4fsk,True,ok,0.8857,0.0,True,0.0,True,False,True,,1,0.108,
4fsk_15dB_8034,4fsk,15,truth-params,4fsk,True,ok,0.8853,0.0,True,0.0,True,False,True,,1,0.041,
4fsk_15dB_8034,4fsk,15,s2-top,4fsk,True,ok,0.8853,0.0,True,0.0,True,False,True,,1,0.042,
4fsk_15dB_8034,4fsk,15,search,4fsk,True,ok,0.8853,0.0,True,0.0,True,False,True,,1,0.107,
4fsk_20dB_2035,4fsk,20,truth-params,4fsk,True,ok,0.9355,0.0,True,0.0,True,False,True,,1,0.042,
4fsk_20dB_2035,4fsk,20,s2-top,4fsk,True,ok,0.9355,0.0,True,0.0,True,False,True,,1,0.044,
4fsk_20dB_2035,4fsk,20,search,4fsk,True,ok,0.9355,0.0,True,0.0,True,False,True,,2,0.131,
4fsk_20dB_3035,4fsk,20,truth-params,4fsk,True,ok,0.9354,0.0,True,0.0,True,False,True,,1,0.04,
4fsk_20dB_3035,4fsk,20,s2-top,4fsk,True,ok,0.9354,0.0,True,0.0,True,False,True,,1,0.044,
4fsk_20dB_3035,4fsk,20,search,4fsk,True,ok,0.9354,0.0,True,0.0,True,False,True,,2,0.128,
4fsk_20dB_4035,4fsk,20,truth-params,4fsk,True,ok,0.9357,0.0,True,0.0,True,False,True,,1,0.065,
4fsk_20dB_4035,4fsk,20,s2-top,4fsk,True,ok,0.9357,0.0,True,0.0,True,False,True,,1,0.043,
4fsk_20dB_4035,4fsk,20,search,4fsk,True,ok,0.9357,0.0,True,0.0,True,False,True,,2,0.138,
4fsk_20dB_5035,4fsk,20,truth-params,4fsk,True,ok,0.9354,0.0,True,0.0,True,False,True,,1,0.04,
4fsk_20dB_5035,4fsk,20,s2-top,4fsk,True,ok,0.9354,0.0,True,0.0,True,False,True,,1,0.043,
4fsk_20dB_5035,4fsk,20,search,4fsk,True,ok,0.9354,0.0,True,0.0,True,False,True,,2,0.132,
4fsk_20dB_6035,4fsk,20,truth-params,4fsk,True,ok,0.9356,0.0,True,0.0,True,False,True,,1,0.04,
4fsk_20dB_6035,4fsk,20,s2-top,4fsk,True,ok,0.9356,0.0,True,0.0,True,False,True,,1,0.042,
4fsk_20dB_6035,4fsk,20,search,4fsk,True,ok,0.9356,0.0,True,0.0,True,False,True,,1,0.111,
4fsk_20dB_7035,4fsk,20,truth-params,4fsk,True,ok,0.9357,0.0,True,0.0,True,False,True,,1,0.04,
4fsk_20dB_7035,4fsk,20,s2-top,4fsk,True,ok,0.9357,0.0,True,0.0,True,False,True,,1,0.045,
4fsk_20dB_7035,4fsk,20,search,4fsk,True,ok,0.9357,0.0,True,0.0,True,False,True,,2,0.126,
4fsk_20dB_8035,4fsk,20,truth-params,4fsk,True,ok,0.9355,0.0,True,0.0,True,False,True,,1,0.041,
4fsk_20dB_8035,4fsk,20,s2-top,4fsk,True,ok,0.9355,0.0,True,0.0,True,False,True,,1,0.044,
4fsk_20dB_8035,4fsk,20,search,4fsk,True,ok,0.9355,0.0,True,0.0,True,False,True,,2,0.138,
4fsk_4dB_2030,4fsk,4,truth-params,4fsk,True,ok,0.6046,0.00438201,True,0.005521,True,False,True,,1,0.033,
4fsk_4dB_2030,4fsk,4,s2-top,4fsk,True,failed,0.0,1.0,False,1.0,False,False,False,signal_present,1,0.011,"no symbol-rate line at 65634 Hz (0.6x local median, needs 4.5x) - either nothing is here or the rate is wrong"
4fsk_4dB_2030,4fsk,4,search,4fsk,True,ok,0.6046,0.00438201,True,0.005521,True,False,True,,2,0.15,
4fsk_4dB_3030,4fsk,4,truth-params,4fsk,True,ok,0.6036,0.00468088,True,0.006721,True,False,True,,1,0.033,
4fsk_4dB_3030,4fsk,4,s2-top,4fsk,True,failed,0.0,1.0,False,1.0,False,False,False,signal_present,1,0.012,"no symbol-rate line at 28802 Hz (2.0x local median, needs 4.5x) - either nothing is here or the rate is wrong"
4fsk_4dB_3030,4fsk,4,search,4fsk,True,ok,0.6036,0.00468088,True,0.006721,True,False,True,,4,0.242,
4fsk_4dB_4030,4fsk,4,truth-params,4fsk,True,ok,0.6042,0.00471068,True,0.005764,True,False,True,,1,0.033,
4fsk_4dB_4030,4fsk,4,s2-top,4fsk,True,failed,0.0,1.0,False,1.0,False,False,False,signal_present,1,0.012,"no symbol-rate line at 39537 Hz (1.7x local median, needs 4.5x) - either nothing is here or the rate is wrong"
4fsk_4dB_4030,4fsk,4,search,4fsk,True,ok,0.6042,0.00471068,True,0.005764,True,False,True,,2,0.162,
4fsk_4dB_5030,4fsk,4,truth-params,4fsk,True,ok,0.6031,0.00442459,True,0.005714,True,False,True,,1,0.036,
4fsk_4dB_5030,4fsk,4,s2-top,4fsk,True,failed,0.0,1.0,False,1.0,False,False,False,signal_present,1,0.012,"no symbol-rate line at 71672 Hz (1.1x local median, needs 4.5x) - either nothing is here or the rate is wrong"
4fsk_4dB_5030,4fsk,4,search,4fsk,True,ok,0.6031,0.00442459,True,0.005714,True,False,True,,2,0.145,
4fsk_4dB_6030,4fsk,4,truth-params,4fsk,True,ok,0.604,0.00447887,True,0.006719,True,False,True,,1,0.031,
4fsk_4dB_6030,4fsk,4,s2-top,4fsk,True,failed,0.0,1.0,False,1.0,False,False,False,signal_present,1,0.011,"no symbol-rate line at 31691 Hz (2.4x local median, needs 4.5x) - either nothing is here or the rate is wrong"
4fsk_4dB_6030,4fsk,4,search,4fsk,True,ok,0.604,0.00447887,True,0.006719,True,False,True,,4,0.218,
4fsk_4dB_7030,4fsk,4,truth-params,4fsk,True,ok,0.6042,0.00482277,True,0.00561,True,False,True,,1,0.032,
4fsk_4dB_7030,4fsk,4,s2-top,4fsk,True,failed,0.0,1.0,False,1.0,False,False,False,signal_present,1,0.011,"no symbol-rate line at 9543 Hz (1.5x local median, needs 4.5x) - either nothing is here or the rate is wrong"
4fsk_4dB_7030,4fsk,4,search,4fsk,True,ok,0.6042,0.00482277,True,0.00561,True,False,True,,4,0.219,
4fsk_4dB_8030,4fsk,4,truth-params,4fsk,True,ok,0.6032,0.00473705,True,0.005564,True,False,True,,1,0.04,
4fsk_4dB_8030,4fsk,4,s2-top,4fsk,True,failed,0.0,1.0,False,1.0,False,False,False,signal_present,1,0.011,"no symbol-rate line at 21056 Hz (0.8x local median, needs 4.5x) - either nothing is here or the rate is wrong"
4fsk_4dB_8030,4fsk,4,search,4fsk,True,ok,0.6032,0.00473705,True,0.005564,True,False,True,,2,0.147,
4fsk_8dB_2031,4fsk,8,truth-params,4fsk,True,ok,0.7453,8.6e-07,True,0.0,True,False,True,,1,0.032,
4fsk_8dB_2031,4fsk,8,s2-top,4fsk,True,failed,0.0,1.0,False,1.0,False,False,False,signal_present,1,0.011,"no symbol-rate line at 47713 Hz (1.1x local median, needs 4.5x) - either nothing is here or the rate is wrong"
4fsk_8dB_2031,4fsk,8,search,4fsk,True,ok,0.7453,8.6e-07,True,0.0,True,False,True,,10,3.372,
4fsk_8dB_3031,4fsk,8,truth-params,4fsk,True,ok,0.7445,1.3e-07,True,0.0,True,False,True,,1,0.036,
4fsk_8dB_3031,4fsk,8,s2-top,4fsk,True,failed,0.0,1.0,False,1.0,False,False,False,signal_present,1,0.012,"no symbol-rate line at 12591 Hz (1.1x local median, needs 4.5x) - either nothing is here or the rate is wrong"
4fsk_8dB_3031,4fsk,8,search,4fsk,True,ok,0.7445,1.3e-07,True,0.0,True,False,True,,2,0.149,
4fsk_8dB_4031,4fsk,8,truth-params,4fsk,True,ok,0.7453,1.3e-07,True,0.0,True,False,True,,1,0.032,
4fsk_8dB_4031,4fsk,8,s2-top,4fsk,True,failed,0.0,1.0,False,1.0,False,False,False,signal_present,1,0.011,"no symbol-rate line at 76668 Hz (1.1x local median, needs 4.5x) - either nothing is here or the rate is wrong"
4fsk_8dB_4031,4fsk,8,search,4fsk,True,ok,0.7453,1.3e-07,True,0.0,True,False,True,,4,0.228,
4fsk_8dB_5031,4fsk,8,truth-params,4fsk,True,ok,0.7462,1.185e-05,True,0.0,True,False,True,,1,0.033,
4fsk_8dB_5031,4fsk,8,s2-top,4fsk,True,failed,0.0,1.0,False,1.0,False,False,False,signal_present,1,0.015,"no symbol-rate line at 28026 Hz (1.4x local median, needs 4.5x) - either nothing is here or the rate is wrong"
4fsk_8dB_5031,4fsk,8,search,4fsk,True,ok,0.7462,1.185e-05,True,0.0,True,False,True,,2,0.15,
4fsk_8dB_6031,4fsk,8,truth-params,4fsk,True,ok,0.747,1.3e-07,True,0.0,True,False,True,,1,0.031,
4fsk_8dB_6031,4fsk,8,s2-top,4fsk,True,failed,0.0,1.0,False,1.0,False,False,False,signal_present,1,0.011,"no symbol-rate line at 25639 Hz (0.7x local median, needs 4.5x) - either nothing is here or the rate is wrong"
4fsk_8dB_6031,4fsk,8,search,4fsk,True,ok,0.747,1.3e-07,True,0.0,True,False,True,,4,0.228,
4fsk_8dB_7031,4fsk,8,truth-params,4fsk,True,ok,0.745,1.147e-05,True,0.0,True,False,True,,1,0.032,
4fsk_8dB_7031,4fsk,8,s2-top,4fsk,True,failed,0.0,1.0,False,1.0,False,False,False,signal_present,1,0.014,"no symbol-rate line at 19736 Hz (0.3x local median, needs 4.5x) - either nothing is here or the rate is wrong"
4fsk_8dB_7031,4fsk,8,search,4fsk,True,ok,0.745,1.147e-05,True,0.0,True,False,True,,12,1.681,search truncated by a ceiling of 12 chain runs: 12 of 20 surviving candidates were run and 8 never reached - this is the
4fsk_8dB_8031,4fsk,8,truth-params,4fsk,True,ok,0.7468,1.17e-06,True,0.0,True,False,True,,1,0.034,
4fsk_8dB_8031,4fsk,8,s2-top,4fsk,True,failed,0.0,1.0,False,1.0,False,False,False,signal_present,1,0.012,"no symbol-rate line at 72882 Hz (1.7x local median, needs 4.5x) - either nothing is here or the rate is wrong"
4fsk_8dB_8031,4fsk,8,search,4fsk,True,ok,0.7468,1.17e-06,True,0.0,True,False,True,,4,0.233,
8psk_10dB_2014,8psk,10,truth-params,8psk,True,ok,0.6594,0.00030768,True,0.000301,True,False,True,,1,0.349,
8psk_10dB_2014,8psk,10,s2-top,8psk,True,ok,0.6593,0.00030774,True,0.000301,True,False,True,,1,0.305,
8psk_10dB_2014,8psk,10,search,8psk,True,ok,0.6593,0.00030774,True,0.000301,True,False,True,,1,0.349,
8psk_10dB_3014,8psk,10,truth-params,8psk,True,ok,0.6508,0.000298,True,0.0002,True,False,True,,1,0.34,
8psk_10dB_3014,8psk,10,s2-top,8psk,True,ok,0.6509,0.00029803,True,0.0002,True,False,True,,1,0.308,
8psk_10dB_3014,8psk,10,search,8psk,True,ok,0.6509,0.00029803,True,0.0002,True,False,True,,1,0.343,
8psk_10dB_4014,8psk,10,truth-params,8psk,True,ok,0.672,0.00033642,True,0.000351,True,False,True,,1,0.342,
8psk_10dB_4014,8psk,10,s2-top,8psk,True,ok,0.672,0.00033643,True,0.000351,True,False,True,,1,0.306,
8psk_10dB_4014,8psk,10,search,8psk,True,ok,0.672,0.00033643,True,0.000351,True,False,True,,1,0.346,
8psk_10dB_5014,8psk,10,truth-params,8psk,True,ok,0.6655,0.00028496,True,0.000301,True,False,True,,1,0.341,
8psk_10dB_5014,8psk,10,s2-top,8psk,True,ok,0.6655,0.00028496,True,0.000301,True,False,True,,1,0.303,
8psk_10dB_5014,8psk,10,search,8psk,True,ok,0.6655,0.00028496,True,0.000301,True,False,True,,1,0.335,
8psk_10dB_6014,8psk,10,truth-params,8psk,True,ok,0.6514,0.00030786,True,0.000401,True,False,True,,1,0.346,
8psk_10dB_6014,8psk,10,s2-top,8psk,True,ok,0.6514,0.00030786,True,0.000401,True,False,True,,1,0.31,
8psk_10dB_6014,8psk,10,search,8psk,True,ok,0.6514,0.00030786,True,0.000401,True,False,True,,1,0.348,
8psk_10dB_7014,8psk,10,truth-params,8psk,True,ok,0.6511,0.00035089,True,0.000301,True,False,True,,1,0.338,
8psk_10dB_7014,8psk,10,s2-top,8psk,True,ok,0.6513,0.00035091,True,0.000301,True,False,True,,1,0.305,
8psk_10dB_7014,8psk,10,search,8psk,True,ok,0.6513,0.00035091,True,0.000301,True,False,True,,1,0.342,
8psk_10dB_8014,8psk,10,truth-params,8psk,True,ok,0.6603,0.00036384,True,0.000351,True,False,True,,1,0.332,
8psk_10dB_8014,8psk,10,s2-top,8psk,True,ok,0.6603,0.00036384,True,0.000351,True,False,True,,1,0.308,
8psk_10dB_8014,8psk,10,search,8psk,True,ok,0.6603,0.00036384,True,0.000351,True,False,True,,1,0.338,
8psk_13dB_2015,8psk,13,truth-params,8psk,True,ok,0.8023,1.6e-07,True,0.0,True,False,True,,1,0.332,
8psk_13dB_2015,8psk,13,s2-top,8psk,True,ok,0.8023,1.6e-07,True,0.0,True,False,True,,1,0.33,
8psk_13dB_2015,8psk,13,search,8psk,True,ok,0.8023,1.6e-07,True,0.0,True,False,True,,1,0.341,
8psk_13dB_3015,8psk,13,truth-params,8psk,True,ok,0.8108,4.2e-07,True,0.0,True,False,True,,1,0.34,
8psk_13dB_3015,8psk,13,s2-top,8psk,True,ok,0.8106,4.2e-07,True,0.0,True,False,True,,1,0.312,
8psk_13dB_3015,8psk,13,search,8psk,True,ok,0.8106,4.2e-07,True,0.0,True,False,True,,1,0.34,
8psk_13dB_4015,8psk,13,truth-params,8psk,True,ok,0.8178,7.5e-07,True,0.0,True,False,True,,1,0.337,
8psk_13dB_4015,8psk,13,s2-top,8psk,True,ok,0.8178,7.5e-07,True,0.0,True,False,True,,1,0.306,
8psk_13dB_4015,8psk,13,search,8psk,True,ok,0.8178,7.5e-07,True,0.0,True,False,True,,1,0.321,
8psk_13dB_5015,8psk,13,truth-params,8psk,True,ok,0.8026,2e-08,True,0.0,True,False,True,,1,0.344,
8psk_13dB_5015,8psk,13,s2-top,8psk,True,ok,0.8026,2e-08,True,0.0,True,False,True,,1,0.309,
8psk_13dB_5015,8psk,13,search,8psk,True,ok,0.8026,2e-08,True,0.0,True,False,True,,1,0.325,
8psk_13dB_6015,8psk,13,truth-params,8psk,True,ok,0.8031,5e-08,True,0.0,True,False,True,,1,0.338,
8psk_13dB_6015,8psk,13,s2-top,8psk,True,ok,0.8032,5e-08,True,0.0,True,False,True,,1,0.316,
8psk_13dB_6015,8psk,13,search,8psk,True,ok,0.8032,5e-08,True,0.0,True,False,True,,1,0.374,
8psk_13dB_7015,8psk,13,truth-params,8psk,True,ok,0.8033,2.9e-07,True,0.0,True,False,True,,1,0.372,
8psk_13dB_7015,8psk,13,s2-top,8psk,True,ok,0.8037,2.9e-07,True,0.0,True,False,True,,1,0.325,
8psk_13dB_7015,8psk,13,search,8psk,True,ok,0.8037,2.9e-07,True,0.0,True,False,True,,1,0.338,
8psk_13dB_8015,8psk,13,truth-params,8psk,True,ok,0.8148,2.19e-06,True,0.0,True,False,True,,1,0.343,
8psk_13dB_8015,8psk,13,s2-top,8psk,True,ok,0.8149,2.19e-06,True,0.0,True,False,True,,1,0.312,
8psk_13dB_8015,8psk,13,search,8psk,True,ok,0.8149,2.19e-06,True,0.0,True,False,True,,1,0.349,
8psk_15dB_2016,8psk,15,truth-params,8psk,True,ok,0.879,0.0,True,0.0,True,False,True,,1,0.34,
8psk_15dB_2016,8psk,15,s2-top,8psk,True,ok,0.879,0.0,True,0.0,True,False,True,,1,0.296,
8psk_15dB_2016,8psk,15,search,8psk,True,ok,0.879,0.0,True,0.0,True,False,True,,1,0.341,
8psk_15dB_3016,8psk,15,truth-params,8psk,True,ok,0.8862,0.0,True,0.0,True,False,True,,1,0.334,
8psk_15dB_3016,8psk,15,s2-top,8psk,True,ok,0.8862,0.0,True,0.0,True,False,True,,1,0.306,
8psk_15dB_3016,8psk,15,search,8psk,True,ok,0.8862,0.0,True,0.0,True,False,True,,1,0.34,
8psk_15dB_4016,8psk,15,truth-params,8psk,True,ok,0.8725,0.0,True,0.0,True,False,True,,1,0.32,
8psk_15dB_4016,8psk,15,s2-top,8psk,True,ok,0.8724,0.0,True,0.0,True,False,True,,1,0.31,
8psk_15dB_4016,8psk,15,search,8psk,True,ok,0.8724,0.0,True,0.0,True,False,True,,1,0.348,
8psk_15dB_5016,8psk,15,truth-params,8psk,True,ok,0.8719,0.0,True,0.0,True,False,True,,1,0.337,
8psk_15dB_5016,8psk,15,s2-top,8psk,True,ok,0.8719,0.0,True,0.0,True,False,True,,1,0.307,
8psk_15dB_5016,8psk,15,search,8psk,True,ok,0.8719,0.0,True,0.0,True,False,True,,1,0.336,
8psk_15dB_6016,8psk,15,truth-params,8psk,True,ok,0.8821,0.0,True,0.0,True,False,True,,1,0.332,
8psk_15dB_6016,8psk,15,s2-top,8psk,True,ok,0.8822,0.0,True,0.0,True,False,True,,1,0.307,
8psk_15dB_6016,8psk,15,search,8psk,True,ok,0.8822,0.0,True,0.0,True,False,True,,1,0.336,
8psk_15dB_7016,8psk,15,truth-params,8psk,True,ok,0.8709,0.0,True,0.0,True,False,True,,1,0.346,
8psk_15dB_7016,8psk,15,s2-top,8psk,True,ok,0.8709,0.0,True,0.0,True,False,True,,1,0.31,
8psk_15dB_7016,8psk,15,search,8psk,True,ok,0.8709,0.0,True,0.0,True,False,True,,2,0.606,
8psk_15dB_8016,8psk,15,truth-params,8psk,True,ok,0.8668,0.0,True,0.0,True,False,True,,1,0.332,
8psk_15dB_8016,8psk,15,s2-top,8psk,True,ok,0.8668,0.0,True,0.0,True,False,True,,1,0.309,
8psk_15dB_8016,8psk,15,search,8psk,True,ok,0.8668,0.0,True,0.0,True,False,True,,1,0.348,
8psk_20dB_2017,8psk,20,truth-params,8psk,True,ok,0.9574,0.0,True,0.0,True,False,True,,1,0.351,
8psk_20dB_2017,8psk,20,s2-top,8psk,True,ok,0.9574,0.0,True,0.0,True,False,True,,1,0.32,
8psk_20dB_2017,8psk,20,search,8psk,True,ok,0.9574,0.0,True,0.0,True,False,True,,1,0.359,
8psk_20dB_3017,8psk,20,truth-params,8psk,True,ok,0.9577,0.0,True,0.0,True,False,True,,1,0.361,
8psk_20dB_3017,8psk,20,s2-top,8psk,True,ok,0.9577,0.0,True,0.0,True,False,True,,1,0.318,
8psk_20dB_3017,8psk,20,search,8psk,True,ok,0.9577,0.0,True,0.0,True,False,True,,1,0.367,
8psk_20dB_4017,8psk,20,truth-params,8psk,True,ok,0.958,0.0,True,0.0,True,False,True,,1,0.347,
8psk_20dB_4017,8psk,20,s2-top,8psk,True,ok,0.958,0.0,True,0.0,True,False,True,,1,0.32,
8psk_20dB_4017,8psk,20,search,8psk,True,ok,0.958,0.0,True,0.0,True,False,True,,1,0.35,
8psk_20dB_5017,8psk,20,truth-params,8psk,True,ok,0.9572,0.0,True,0.0,True,False,True,,1,0.345,
8psk_20dB_5017,8psk,20,s2-top,8psk,True,ok,0.9572,0.0,True,0.0,True,False,True,,1,0.311,
8psk_20dB_5017,8psk,20,search,8psk,True,ok,0.9572,0.0,True,0.0,True,False,True,,1,0.356,
8psk_20dB_6017,8psk,20,truth-params,8psk,True,ok,0.9564,0.0,True,0.0,True,False,True,,1,0.349,
8psk_20dB_6017,8psk,20,s2-top,8psk,True,ok,0.9564,0.0,True,0.0,True,False,True,,1,0.323,
8psk_20dB_6017,8psk,20,search,8psk,True,ok,0.9564,0.0,True,0.0,True,False,True,,1,0.363,
8psk_20dB_7017,8psk,20,truth-params,8psk,True,ok,0.9582,0.0,True,0.0,True,False,True,,1,0.346,
8psk_20dB_7017,8psk,20,s2-top,8psk,True,ok,0.9582,0.0,True,0.0,True,False,True,,1,0.315,
8psk_20dB_7017,8psk,20,search,8psk,True,ok,0.9582,0.0,True,0.0,True,False,True,,1,0.342,
8psk_20dB_8017,8psk,20,truth-params,8psk,True,ok,0.9571,0.0,True,0.0,True,False,True,,1,0.346,
8psk_20dB_8017,8psk,20,s2-top,8psk,True,ok,0.9571,0.0,True,0.0,True,False,True,,1,0.325,
8psk_20dB_8017,8psk,20,search,8psk,True,ok,0.9571,0.0,True,0.0,True,False,True,,1,0.354,
8psk_4dB_2012,8psk,4,truth-params,8psk,True,low_confidence,0.1625,0.03028256,False,0.240169,False,False,False,carrier_locked,1,0.338,carrier lock 0.16 below 0.30
8psk_4dB_2012,8psk,4,s2-top,8psk,True,low_confidence,0.0107,0.04162701,False,0.485403,False,False,False,carrier_aligned|carrier_locked,1,0.306,"spectrum sits +5078 Hz off centre (0.10 of the symbol rate, limit 0.03) - the carrier offset hypothesis is wrong; carrie"
8psk_4dB_2012,8psk,4,search,8psk,True,low_confidence,0.1625,0.03028256,False,0.240169,False,False,False,carrier_locked,12,2.38,carrier lock 0.16 below 0.30
8psk_4dB_3012,8psk,4,truth-params,8psk,True,low_confidence,0.1401,0.03359108,False,0.301413,False,False,False,carrier_locked,1,0.345,carrier lock 0.14 below 0.30
8psk_4dB_3012,8psk,4,s2-top,8psk,True,low_confidence,0.0163,0.04060223,False,0.484416,False,False,False,carrier_locked,1,0.31,carrier lock 0.02 below 0.30
8psk_4dB_3012,8psk,4,search,2fsk,False,low_confidence,0.2363,0.27623866,False,0.481997,False,False,True,output_usable,12,2.385,"the receiver estimates its own output BER at 0.276, over the 0.05 a lock should produce - it is describing a demodulatio"
8psk_4dB_4012,8psk,4,truth-params,8psk,True,low_confidence,0.027,0.03982757,False,0.483832,False,False,False,carrier_locked,1,0.335,carrier lock 0.03 below 0.30
8psk_4dB_4012,8psk,4,s2-top,8psk,True,low_confidence,0.0309,0.04247292,False,0.483882,False,False,False,carrier_aligned|carrier_locked,1,0.309,"spectrum sits +5908 Hz off centre (0.12 of the symbol rate, limit 0.03) - the carrier offset hypothesis is wrong; carrie"
8psk_4dB_4012,8psk,4,search,4fsk,False,low_confidence,0.1197,0.34722924,False,0.486138,False,False,False,output_usable|tone_margin,12,2.349,"the receiver estimates its own output BER at 0.347, over the 0.05 a lock should produce - it is describing a demodulatio"
8psk_4dB_5012,8psk,4,truth-params,8psk,True,low_confidence,0.1292,0.03002202,False,0.114596,False,False,False,carrier_locked,1,0.347,carrier lock 0.13 below 0.30
8psk_4dB_5012,8psk,4,s2-top,8psk,True,low_confidence,0.0196,0.04206161,False,0.484492,False,False,False,carrier_aligned|carrier_locked,1,0.301,"spectrum sits -8398 Hz off centre (0.17 of the symbol rate, limit 0.03) - the carrier offset hypothesis is wrong; carrie"
8psk_4dB_5012,8psk,4,search,2fsk,False,low_confidence,0.2105,0.30152383,False,0.481548,False,False,True,output_usable,12,2.393,"the receiver estimates its own output BER at 0.302, over the 0.05 a lock should produce - it is describing a demodulatio"
8psk_4dB_6012,8psk,4,truth-params,8psk,True,low_confidence,0.0119,0.0400476,False,0.484883,False,False,False,carrier_locked,1,0.363,carrier lock 0.01 below 0.30
8psk_4dB_6012,8psk,4,s2-top,8psk,True,low_confidence,0.0242,0.04410473,False,0.483329,False,False,False,carrier_aligned|carrier_locked,1,0.312,"spectrum sits +9619 Hz off centre (0.19 of the symbol rate, limit 0.03) - the carrier offset hypothesis is wrong; carrie"
8psk_4dB_6012,8psk,4,search,2fsk,False,low_confidence,0.1893,0.32220374,False,0.480635,False,False,True,output_usable,6,1.241,"the receiver estimates its own output BER at 0.322, over the 0.05 a lock should produce - it is describing a demodulatio"
8psk_4dB_7012,8psk,4,truth-params,8psk,True,low_confidence,0.0262,0.03879347,False,0.48293,False,False,False,carrier_locked,1,0.34,carrier lock 0.03 below 0.30
8psk_4dB_7012,8psk,4,s2-top,8psk,True,low_confidence,0.0383,0.04486466,False,0.483281,False,False,False,carrier_aligned|carrier_locked,1,0.308,"spectrum sits -9619 Hz off centre (0.19 of the symbol rate, limit 0.03) - the carrier offset hypothesis is wrong; carrie"
8psk_4dB_7012,8psk,4,search,2fsk,False,low_confidence,0.05,0.45721887,False,0.482704,False,False,False,output_usable|tone_margin,6,1.206,"the receiver estimates its own output BER at 0.457, over the 0.05 a lock should produce - it is describing a demodulatio"
8psk_4dB_8012,8psk,4,truth-params,8psk,True,low_confidence,0.0334,0.0318554,False,0.358123,False,False,False,carrier_locked,1,0.352,carrier lock 0.03 below 0.30
8psk_4dB_8012,8psk,4,s2-top,8psk,True,low_confidence,0.0625,0.03576771,False,0.484325,False,False,False,carrier_aligned|carrier_locked,1,0.312,"spectrum sits -6201 Hz off centre (0.12 of the symbol rate, limit 0.03) - the carrier offset hypothesis is wrong; carrie"
8psk_4dB_8012,8psk,4,search,2fsk,False,low_confidence,0.2313,0.28122665,False,0.479754,False,False,True,output_usable,12,2.367,"the receiver estimates its own output BER at 0.281, over the 0.05 a lock should produce - it is describing a demodulatio"
8psk_8dB_2013,8psk,8,truth-params,8psk,True,ok,0.4882,0.00281714,True,0.002956,True,False,True,,1,0.34,
8psk_8dB_2013,8psk,8,s2-top,8psk,True,ok,0.4882,0.00281714,True,0.002956,True,False,True,,1,0.313,
8psk_8dB_2013,8psk,8,search,8psk,True,ok,0.4882,0.00281714,True,0.002956,True,False,True,,1,0.342,
8psk_8dB_3013,8psk,8,truth-params,8psk,True,ok,0.5155,0.00245051,True,0.002505,True,False,True,,1,0.343,
8psk_8dB_3013,8psk,8,s2-top,8psk,True,ok,0.5157,0.0024507,True,0.002505,True,False,True,,1,0.31,
8psk_8dB_3013,8psk,8,search,8psk,True,ok,0.5157,0.0024507,True,0.002505,True,False,True,,1,0.343,
8psk_8dB_4013,8psk,8,truth-params,8psk,True,ok,0.5056,0.0027391,True,0.003057,True,False,True,,1,0.342,
8psk_8dB_4013,8psk,8,s2-top,8psk,True,ok,0.5058,0.00273944,True,0.003057,True,False,True,,1,0.305,
8psk_8dB_4013,8psk,8,search,8psk,True,ok,0.5058,0.00273944,True,0.003057,True,False,True,,1,0.343,
8psk_8dB_5013,8psk,8,truth-params,8psk,True,ok,0.5076,0.00268575,True,0.002908,True,False,True,,1,0.347,
8psk_8dB_5013,8psk,8,s2-top,8psk,True,low_confidence,0.0226,0.02921387,False,0.484532,False,False,False,carrier_aligned|carrier_locked,1,0.311,"spectrum sits +3223 Hz off centre (0.06 of the symbol rate, limit 0.03) - the carrier offset hypothesis is wrong; carrie"
8psk_8dB_5013,8psk,8,search,8psk,True,ok,0.5076,0.00268575,True,0.002908,True,False,True,,1,0.362,
8psk_8dB_6013,8psk,8,truth-params,8psk,True,ok,0.4956,0.00262241,True,0.002507,True,False,True,,1,0.355,
8psk_8dB_6013,8psk,8,s2-top,8psk,True,ok,0.4956,0.00262241,True,0.002507,True,False,True,,1,0.343,
8psk_8dB_6013,8psk,8,search,8psk,True,ok,0.4956,0.00262241,True,0.002507,True,False,True,,1,0.364,
8psk_8dB_7013,8psk,8,truth-params,8psk,True,ok,0.4953,0.00286022,True,0.00301,True,False,True,,1,0.341,
8psk_8dB_7013,8psk,8,s2-top,8psk,True,ok,0.4958,0.00288527,True,0.003261,True,False,True,,1,0.304,
8psk_8dB_7013,8psk,8,search,8psk,True,ok,0.4958,0.00288527,True,0.003261,True,False,True,,1,0.325,
8psk_8dB_8013,8psk,8,truth-params,8psk,True,ok,0.503,0.00291361,True,0.003405,True,False,True,,1,0.336,
8psk_8dB_8013,8psk,8,s2-top,8psk,True,ok,0.5021,0.00291345,True,0.003405,True,False,True,,1,0.303,
8psk_8dB_8013,8psk,8,search,8psk,True,ok,0.5021,0.00291345,True,0.003405,True,False,True,,1,0.341,
bpsk_10dB_2002,bpsk,10,truth-params,bpsk,True,ok,0.9699,0.0,True,0.0,True,False,True,,1,0.858,
bpsk_10dB_2002,bpsk,10,s2-top,bpsk,True,ok,0.9699,0.0,True,0.0,True,False,True,,1,0.819,
bpsk_10dB_2002,bpsk,10,search,bpsk,True,ok,0.9699,0.0,True,0.0,True,False,True,,1,0.975,
bpsk_10dB_3002,bpsk,10,truth-params,bpsk,True,ok,0.9675,0.0,True,0.0,True,False,True,,1,0.818,
bpsk_10dB_3002,bpsk,10,s2-top,bpsk,True,ok,0.9675,0.0,True,0.0,True,False,True,,1,0.781,
bpsk_10dB_3002,bpsk,10,search,bpsk,True,ok,0.9675,0.0,True,0.0,True,False,True,,1,0.989,
bpsk_10dB_4002,bpsk,10,truth-params,bpsk,True,ok,0.9711,0.0,True,0.0,True,False,True,,1,0.82,
bpsk_10dB_4002,bpsk,10,s2-top,bpsk,True,ok,0.9711,0.0,True,0.0,True,False,True,,1,0.795,
bpsk_10dB_4002,bpsk,10,search,bpsk,True,ok,0.9711,0.0,True,0.0,True,False,True,,1,0.982,
bpsk_10dB_5002,bpsk,10,truth-params,bpsk,True,ok,0.9725,0.0,True,0.0,True,False,True,,1,0.83,
bpsk_10dB_5002,bpsk,10,s2-top,bpsk,True,ok,0.9725,0.0,True,0.0,True,False,True,,1,0.793,
bpsk_10dB_5002,bpsk,10,search,bpsk,True,ok,0.9725,0.0,True,0.0,True,False,True,,1,0.994,
bpsk_10dB_6002,bpsk,10,truth-params,bpsk,True,ok,0.9691,0.0,True,0.0,True,False,True,,1,0.813,
bpsk_10dB_6002,bpsk,10,s2-top,bpsk,True,ok,0.9692,0.0,True,0.0,True,False,True,,1,0.778,
bpsk_10dB_6002,bpsk,10,search,bpsk,True,ok,0.9692,0.0,True,0.0,True,False,True,,1,0.996,
bpsk_10dB_7002,bpsk,10,truth-params,bpsk,True,ok,0.9719,0.0,True,0.0,True,False,True,,1,0.809,
bpsk_10dB_7002,bpsk,10,s2-top,bpsk,True,ok,0.9719,0.0,True,0.0,True,False,True,,1,0.79,
bpsk_10dB_7002,bpsk,10,search,bpsk,True,ok,0.9719,0.0,True,0.0,True,False,True,,1,0.962,
bpsk_10dB_8002,bpsk,10,truth-params,bpsk,True,ok,0.969,0.0,True,0.0,True,False,True,,1,0.812,
bpsk_10dB_8002,bpsk,10,s2-top,bpsk,True,ok,0.9689,0.0,True,0.0,True,False,True,,1,0.795,
bpsk_10dB_8002,bpsk,10,search,bpsk,True,ok,0.9689,0.0,True,0.0,True,False,True,,1,1.0,
bpsk_13dB_2003,bpsk,13,truth-params,bpsk,True,ok,0.9858,0.0,True,0.0,True,False,True,,1,0.811,
bpsk_13dB_2003,bpsk,13,s2-top,bpsk,True,ok,0.9858,0.0,True,0.0,True,False,True,,1,0.783,
bpsk_13dB_2003,bpsk,13,search,bpsk,True,ok,0.9858,0.0,True,0.0,True,False,True,,1,1.006,
bpsk_13dB_3003,bpsk,13,truth-params,bpsk,True,ok,0.9859,0.0,True,0.0,True,False,True,,1,0.833,
bpsk_13dB_3003,bpsk,13,s2-top,bpsk,True,ok,0.9859,0.0,True,0.0,True,False,True,,1,0.788,
bpsk_13dB_3003,bpsk,13,search,bpsk,True,ok,0.9859,0.0,True,0.0,True,False,True,,1,0.971,
bpsk_13dB_4003,bpsk,13,truth-params,bpsk,True,ok,0.9866,0.0,True,0.0,True,False,True,,1,0.806,
bpsk_13dB_4003,bpsk,13,s2-top,bpsk,True,ok,0.9866,0.0,True,0.0,True,False,True,,1,0.775,
bpsk_13dB_4003,bpsk,13,search,bpsk,True,ok,0.9866,0.0,True,0.0,True,False,True,,1,0.975,
bpsk_13dB_5003,bpsk,13,truth-params,bpsk,True,ok,0.9862,0.0,True,0.0,True,False,True,,1,0.816,
bpsk_13dB_5003,bpsk,13,s2-top,bpsk,True,ok,0.9862,0.0,True,0.0,True,False,True,,1,0.783,
bpsk_13dB_5003,bpsk,13,search,bpsk,True,ok,0.9862,0.0,True,0.0,True,False,True,,1,0.988,
bpsk_13dB_6003,bpsk,13,truth-params,bpsk,True,ok,0.9869,0.0,True,0.0,True,False,True,,1,0.798,
bpsk_13dB_6003,bpsk,13,s2-top,bpsk,True,ok,0.9869,0.0,True,0.0,True,False,True,,1,0.777,
bpsk_13dB_6003,bpsk,13,search,bpsk,True,ok,0.9869,0.0,True,0.0,True,False,True,,1,0.961,
bpsk_13dB_7003,bpsk,13,truth-params,bpsk,True,ok,0.9862,0.0,True,0.0,True,False,True,,1,0.804,
bpsk_13dB_7003,bpsk,13,s2-top,bpsk,True,ok,0.9862,0.0,True,0.0,True,False,True,,1,0.798,
bpsk_13dB_7003,bpsk,13,search,bpsk,True,ok,0.9862,0.0,True,0.0,True,False,True,,1,0.956,
bpsk_13dB_8003,bpsk,13,truth-params,bpsk,True,ok,0.9861,0.0,True,0.0,True,False,True,,1,0.801,
bpsk_13dB_8003,bpsk,13,s2-top,bpsk,True,ok,0.9862,0.0,True,0.0,True,False,True,,1,0.782,
bpsk_13dB_8003,bpsk,13,search,bpsk,True,ok,0.9862,0.0,True,0.0,True,False,True,,1,0.96,
bpsk_15dB_2004,bpsk,15,truth-params,bpsk,True,ok,0.991,0.0,True,0.0,True,False,True,,1,0.819,
bpsk_15dB_2004,bpsk,15,s2-top,bpsk,True,ok,0.991,0.0,True,0.0,True,False,True,,1,0.781,
bpsk_15dB_2004,bpsk,15,search,bpsk,True,ok,0.991,0.0,True,0.0,True,False,True,,1,0.968,
bpsk_15dB_3004,bpsk,15,truth-params,bpsk,True,ok,0.9915,0.0,True,0.0,True,False,True,,1,0.822,
bpsk_15dB_3004,bpsk,15,s2-top,bpsk,True,ok,0.9915,0.0,True,0.0,True,False,True,,1,0.796,
bpsk_15dB_3004,bpsk,15,search,bpsk,True,ok,0.9915,0.0,True,0.0,True,False,True,,1,0.953,
bpsk_15dB_4004,bpsk,15,truth-params,bpsk,True,ok,0.9914,0.0,True,0.0,True,False,True,,1,0.794,
bpsk_15dB_4004,bpsk,15,s2-top,bpsk,True,ok,0.9914,0.0,True,0.0,True,False,True,,1,0.784,
bpsk_15dB_4004,bpsk,15,search,bpsk,True,ok,0.9914,0.0,True,0.0,True,False,True,,1,0.974,
bpsk_15dB_5004,bpsk,15,truth-params,bpsk,True,ok,0.9913,0.0,True,0.0,True,False,True,,1,0.799,
bpsk_15dB_5004,bpsk,15,s2-top,bpsk,True,ok,0.9913,0.0,True,0.0,True,False,True,,1,0.778,
bpsk_15dB_5004,bpsk,15,search,bpsk,True,ok,0.9913,0.0,True,0.0,True,False,True,,1,0.974,
bpsk_15dB_6004,bpsk,15,truth-params,bpsk,True,ok,0.9913,0.0,True,0.0,True,False,True,,1,0.808,
bpsk_15dB_6004,bpsk,15,s2-top,bpsk,True,ok,0.9913,0.0,True,0.0,True,False,True,,1,0.785,
bpsk_15dB_6004,bpsk,15,search,bpsk,True,ok,0.9913,0.0,True,0.0,True,False,True,,1,0.977,
bpsk_15dB_7004,bpsk,15,truth-params,bpsk,True,ok,0.9916,0.0,True,0.0,True,False,True,,1,0.805,
bpsk_15dB_7004,bpsk,15,s2-top,bpsk,True,ok,0.9916,0.0,True,0.0,True,False,True,,1,0.786,
bpsk_15dB_7004,bpsk,15,search,bpsk,True,ok,0.9916,0.0,True,0.0,True,False,True,,1,0.962,
bpsk_15dB_8004,bpsk,15,truth-params,bpsk,True,ok,0.9916,0.0,True,0.0,True,False,True,,1,0.803,
bpsk_15dB_8004,bpsk,15,s2-top,bpsk,True,ok,0.9916,0.0,True,0.0,True,False,True,,1,0.784,
bpsk_15dB_8004,bpsk,15,search,bpsk,True,ok,0.9916,0.0,True,0.0,True,False,True,,1,0.985,
bpsk_20dB_2005,bpsk,20,truth-params,bpsk,True,ok,0.9973,0.0,True,0.0,True,False,True,,1,0.814,
bpsk_20dB_2005,bpsk,20,s2-top,bpsk,True,ok,0.9973,0.0,True,0.0,True,False,True,,1,0.789,
bpsk_20dB_2005,bpsk,20,search,bpsk,True,ok,0.9973,0.0,True,0.0,True,False,True,,1,0.961,
bpsk_20dB_3005,bpsk,20,truth-params,bpsk,True,ok,0.9972,0.0,True,0.0,True,False,True,,1,0.811,
bpsk_20dB_3005,bpsk,20,s2-top,bpsk,True,ok,0.9972,0.0,True,0.0,True,False,True,,1,0.796,
bpsk_20dB_3005,bpsk,20,search,bpsk,True,ok,0.9972,0.0,True,0.0,True,False,True,,1,0.978,
bpsk_20dB_4005,bpsk,20,truth-params,bpsk,True,ok,0.9974,0.0,True,0.0,True,False,True,,1,0.801,
bpsk_20dB_4005,bpsk,20,s2-top,bpsk,True,ok,0.9974,0.0,True,0.0,True,False,True,,1,0.785,
bpsk_20dB_4005,bpsk,20,search,bpsk,True,ok,0.9974,0.0,True,0.0,True,False,True,,1,0.975,
bpsk_20dB_5005,bpsk,20,truth-params,bpsk,True,ok,0.9972,0.0,True,0.0,True,False,True,,1,0.824,
bpsk_20dB_5005,bpsk,20,s2-top,bpsk,True,ok,0.9972,0.0,True,0.0,True,False,True,,1,0.783,
bpsk_20dB_5005,bpsk,20,search,bpsk,True,ok,0.9972,0.0,True,0.0,True,False,True,,1,0.964,
bpsk_20dB_6005,bpsk,20,truth-params,bpsk,True,ok,0.9974,0.0,True,0.0,True,False,True,,1,0.804,
bpsk_20dB_6005,bpsk,20,s2-top,bpsk,True,ok,0.9974,0.0,True,0.0,True,False,True,,1,0.808,
bpsk_20dB_6005,bpsk,20,search,bpsk,True,ok,0.9974,0.0,True,0.0,True,False,True,,1,0.973,
bpsk_20dB_7005,bpsk,20,truth-params,bpsk,True,ok,0.9974,0.0,True,0.0,True,False,True,,1,0.812,
bpsk_20dB_7005,bpsk,20,s2-top,bpsk,True,ok,0.9974,0.0,True,0.0,True,False,True,,1,0.788,
bpsk_20dB_7005,bpsk,20,search,bpsk,True,ok,0.9974,0.0,True,0.0,True,False,True,,1,0.985,
bpsk_20dB_8005,bpsk,20,truth-params,bpsk,True,ok,0.9973,0.0,True,0.0,True,False,True,,1,0.793,
bpsk_20dB_8005,bpsk,20,s2-top,bpsk,True,ok,0.9973,0.0,True,0.0,True,False,True,,1,0.8,
bpsk_20dB_8005,bpsk,20,search,bpsk,True,ok,0.9973,0.0,True,0.0,True,False,True,,1,0.983,
bpsk_4dB_2000,bpsk,4,truth-params,bpsk,True,ok,0.8645,1.52e-06,True,0.0,True,False,True,,1,0.815,
bpsk_4dB_2000,bpsk,4,s2-top,bpsk,True,ok,0.8645,1.52e-06,True,0.0,True,False,True,,1,0.778,
bpsk_4dB_2000,bpsk,4,search,bpsk,True,ok,0.8645,1.52e-06,True,0.0,True,False,True,,1,0.968,
bpsk_4dB_3000,bpsk,4,truth-params,bpsk,True,ok,0.8728,9.94e-06,True,0.0,True,False,True,,1,0.812,
bpsk_4dB_3000,bpsk,4,s2-top,bpsk,True,ok,0.8728,9.94e-06,True,0.0,True,False,True,,1,0.782,
bpsk_4dB_3000,bpsk,4,search,bpsk,True,ok,0.8728,9.94e-06,True,0.0,True,False,True,,1,0.967,
bpsk_4dB_4000,bpsk,4,truth-params,bpsk,True,ok,0.8728,1.21e-06,True,0.0,True,False,True,,1,0.806,
bpsk_4dB_4000,bpsk,4,s2-top,bpsk,True,ok,0.8728,1.21e-06,True,0.0,True,False,True,,1,0.782,
bpsk_4dB_4000,bpsk,4,search,bpsk,True,ok,0.8728,1.21e-06,True,0.0,True,False,True,,1,0.988,
bpsk_4dB_5000,bpsk,4,truth-params,bpsk,True,ok,0.8692,3.24e-06,True,0.0,True,False,True,,1,0.807,
bpsk_4dB_5000,bpsk,4,s2-top,bpsk,True,ok,0.8692,3.24e-06,True,0.0,True,False,True,,1,0.807,
bpsk_4dB_5000,bpsk,4,search,bpsk,True,ok,0.8692,3.24e-06,True,0.0,True,False,True,,1,0.964,
bpsk_4dB_6000,bpsk,4,truth-params,bpsk,True,ok,0.8574,9.29e-06,True,0.0,True,False,True,,1,0.843,
bpsk_4dB_6000,bpsk,4,s2-top,bpsk,True,ok,0.8574,9.29e-06,True,0.0,True,False,True,,1,0.79,
bpsk_4dB_6000,bpsk,4,search,bpsk,True,ok,0.8574,9.29e-06,True,0.0,True,False,True,,1,0.981,
bpsk_4dB_7000,bpsk,4,truth-params,bpsk,True,ok,0.887,2.68e-06,True,0.0,True,False,True,,1,0.806,
bpsk_4dB_7000,bpsk,4,s2-top,bpsk,True,ok,0.887,2.68e-06,True,0.0,True,False,True,,1,0.792,
bpsk_4dB_7000,bpsk,4,search,bpsk,True,ok,0.887,2.68e-06,True,0.0,True,False,True,,1,0.978,
bpsk_4dB_8000,bpsk,4,truth-params,bpsk,True,ok,0.8722,1.117e-05,True,0.0,True,False,True,,1,0.826,
bpsk_4dB_8000,bpsk,4,s2-top,bpsk,True,ok,0.8722,1.117e-05,True,0.0,True,False,True,,1,0.821,
bpsk_4dB_8000,bpsk,4,search,bpsk,True,ok,0.8722,1.117e-05,True,0.0,True,False,True,,1,0.97,
bpsk_8dB_2001,bpsk,8,truth-params,bpsk,True,ok,0.9502,0.0,True,0.0,True,False,True,,1,0.806,
bpsk_8dB_2001,bpsk,8,s2-top,bpsk,True,ok,0.9502,0.0,True,0.0,True,False,True,,1,0.777,
bpsk_8dB_2001,bpsk,8,search,bpsk,True,ok,0.9502,0.0,True,0.0,True,False,True,,1,0.983,
bpsk_8dB_3001,bpsk,8,truth-params,bpsk,True,ok,0.9527,0.0,True,0.0,True,False,True,,1,0.813,
bpsk_8dB_3001,bpsk,8,s2-top,bpsk,True,ok,0.9527,0.0,True,0.0,True,False,True,,1,0.803,
bpsk_8dB_3001,bpsk,8,search,bpsk,True,ok,0.9527,0.0,True,0.0,True,False,True,,1,0.974,
bpsk_8dB_4001,bpsk,8,truth-params,bpsk,True,ok,0.9529,0.0,True,0.0,True,False,True,,1,0.815,
bpsk_8dB_4001,bpsk,8,s2-top,bpsk,True,ok,0.9529,0.0,True,0.0,True,False,True,,1,0.784,
bpsk_8dB_4001,bpsk,8,search,bpsk,True,ok,0.9529,0.0,True,0.0,True,False,True,,1,0.966,
bpsk_8dB_5001,bpsk,8,truth-params,bpsk,True,ok,0.9498,0.0,True,0.0,True,False,True,,1,0.814,
bpsk_8dB_5001,bpsk,8,s2-top,bpsk,True,ok,0.9498,0.0,True,0.0,True,False,True,,1,0.788,
bpsk_8dB_5001,bpsk,8,search,bpsk,True,ok,0.9498,0.0,True,0.0,True,False,True,,1,0.965,
bpsk_8dB_6001,bpsk,8,truth-params,bpsk,True,ok,0.9561,0.0,True,0.0,True,False,True,,1,0.809,
bpsk_8dB_6001,bpsk,8,s2-top,bpsk,True,ok,0.9561,0.0,True,0.0,True,False,True,,1,0.784,
bpsk_8dB_6001,bpsk,8,search,bpsk,True,ok,0.9561,0.0,True,0.0,True,False,True,,1,0.97,
bpsk_8dB_7001,bpsk,8,truth-params,bpsk,True,ok,0.9574,0.0,True,0.0,True,False,True,,1,0.816,
bpsk_8dB_7001,bpsk,8,s2-top,bpsk,True,ok,0.9574,0.0,True,0.0,True,False,True,,1,0.787,
bpsk_8dB_7001,bpsk,8,search,bpsk,True,ok,0.9574,0.0,True,0.0,True,False,True,,1,0.974,
bpsk_8dB_8001,bpsk,8,truth-params,bpsk,True,ok,0.951,0.0,True,0.0,True,False,True,,1,0.821,
bpsk_8dB_8001,bpsk,8,s2-top,bpsk,True,ok,0.951,0.0,True,0.0,True,False,True,,1,0.798,
bpsk_8dB_8001,bpsk,8,search,bpsk,True,ok,0.951,0.0,True,0.0,True,False,True,,1,0.977,
qpsk_10dB_2008,qpsk,10,truth-params,qpsk,True,ok,0.9005,0.0,True,0.0,True,False,True,,1,0.437,
qpsk_10dB_2008,qpsk,10,s2-top,qpsk,True,ok,0.9005,0.0,True,0.0,True,False,True,,1,0.407,
qpsk_10dB_2008,qpsk,10,search,qpsk,True,ok,0.9005,0.0,True,0.0,True,False,True,,1,0.486,
qpsk_10dB_3008,qpsk,10,truth-params,qpsk,True,ok,0.8968,0.0,True,0.0,True,False,True,,1,0.447,
qpsk_10dB_3008,qpsk,10,s2-top,qpsk,True,ok,0.8968,0.0,True,0.0,True,False,True,,1,0.402,
qpsk_10dB_3008,qpsk,10,search,qpsk,True,ok,0.8968,0.0,True,0.0,True,False,True,,1,0.485,
qpsk_10dB_4008,qpsk,10,truth-params,qpsk,True,ok,0.8964,0.0,True,0.0,True,False,True,,1,0.429,
qpsk_10dB_4008,qpsk,10,s2-top,qpsk,True,ok,0.8964,0.0,True,0.0,True,False,True,,1,0.413,
qpsk_10dB_4008,qpsk,10,search,qpsk,True,ok,0.8964,0.0,True,0.0,True,False,True,,1,0.484,
qpsk_10dB_5008,qpsk,10,truth-params,qpsk,True,ok,0.9019,0.0,True,0.0,True,False,True,,1,0.435,
qpsk_10dB_5008,qpsk,10,s2-top,qpsk,True,ok,0.9018,0.0,True,0.0,True,False,True,,1,0.415,
qpsk_10dB_5008,qpsk,10,search,qpsk,True,ok,0.9018,0.0,True,0.0,True,False,True,,1,0.477,
qpsk_10dB_6008,qpsk,10,truth-params,qpsk,True,ok,0.8992,0.0,True,0.0,True,False,True,,1,0.427,
qpsk_10dB_6008,qpsk,10,s2-top,qpsk,True,ok,0.8992,0.0,True,0.0,True,False,True,,1,0.41,
qpsk_10dB_6008,qpsk,10,search,qpsk,True,ok,0.8992,0.0,True,0.0,True,False,True,,1,0.474,
qpsk_10dB_7008,qpsk,10,truth-params,qpsk,True,ok,0.8961,0.0,True,0.0,True,False,True,,1,0.436,
qpsk_10dB_7008,qpsk,10,s2-top,qpsk,True,ok,0.8961,0.0,True,0.0,True,False,True,,1,0.408,
qpsk_10dB_7008,qpsk,10,search,qpsk,True,ok,0.8961,0.0,True,0.0,True,False,True,,1,0.483,
qpsk_10dB_8008,qpsk,10,truth-params,qpsk,True,ok,0.898,0.0,True,0.0,True,False,True,,1,0.442,
qpsk_10dB_8008,qpsk,10,s2-top,qpsk,True,ok,0.898,0.0,True,0.0,True,False,True,,1,0.405,
qpsk_10dB_8008,qpsk,10,search,qpsk,True,ok,0.898,0.0,True,0.0,True,False,True,,1,0.489,
qpsk_13dB_2009,qpsk,13,truth-params,qpsk,True,ok,0.9479,0.0,True,0.0,True,False,True,,1,0.433,
qpsk_13dB_2009,qpsk,13,s2-top,qpsk,True,ok,0.9479,0.0,True,0.0,True,False,True,,1,0.41,
qpsk_13dB_2009,qpsk,13,search,qpsk,True,ok,0.9479,0.0,True,0.0,True,False,True,,1,0.476,
qpsk_13dB_3009,qpsk,13,truth-params,qpsk,True,ok,0.9471,0.0,True,0.0,True,False,True,,1,0.461,
qpsk_13dB_3009,qpsk,13,s2-top,qpsk,True,ok,0.9471,0.0,True,0.0,True,False,True,,1,0.42,
qpsk_13dB_3009,qpsk,13,search,qpsk,True,ok,0.9471,0.0,True,0.0,True,False,True,,1,0.487,
qpsk_13dB_4009,qpsk,13,truth-params,qpsk,True,ok,0.9487,0.0,True,0.0,True,False,True,,1,0.434,
qpsk_13dB_4009,qpsk,13,s2-top,qpsk,True,ok,0.9487,0.0,True,0.0,True,False,True,,1,0.419,
qpsk_13dB_4009,qpsk,13,search,qpsk,True,ok,0.9487,0.0,True,0.0,True,False,True,,1,0.474,
qpsk_13dB_5009,qpsk,13,truth-params,qpsk,True,ok,0.9467,0.0,True,0.0,True,False,True,,1,0.448,
qpsk_13dB_5009,qpsk,13,s2-top,qpsk,True,ok,0.9467,0.0,True,0.0,True,False,True,,1,0.423,
qpsk_13dB_5009,qpsk,13,search,qpsk,True,ok,0.9467,0.0,True,0.0,True,False,True,,1,0.482,
qpsk_13dB_6009,qpsk,13,truth-params,qpsk,True,ok,0.9489,0.0,True,0.0,True,False,True,,1,0.437,
qpsk_13dB_6009,qpsk,13,s2-top,qpsk,True,ok,0.9489,0.0,True,0.0,True,False,True,,1,0.415,
qpsk_13dB_6009,qpsk,13,search,qpsk,True,ok,0.9489,0.0,True,0.0,True,False,True,,1,0.474,
qpsk_13dB_7009,qpsk,13,truth-params,qpsk,True,ok,0.947,0.0,True,0.0,True,False,True,,1,0.432,
qpsk_13dB_7009,qpsk,13,s2-top,qpsk,True,ok,0.947,0.0,True,0.0,True,False,True,,1,0.395,
qpsk_13dB_7009,qpsk,13,search,qpsk,True,ok,0.947,0.0,True,0.0,True,False,True,,1,0.484,
qpsk_13dB_8009,qpsk,13,truth-params,qpsk,True,ok,0.946,0.0,True,0.0,True,False,True,,1,0.439,
qpsk_13dB_8009,qpsk,13,s2-top,qpsk,True,ok,0.946,0.0,True,0.0,True,False,True,,1,0.403,
qpsk_13dB_8009,qpsk,13,search,qpsk,True,ok,0.946,0.0,True,0.0,True,False,True,,1,0.508,
qpsk_15dB_2010,qpsk,15,truth-params,qpsk,True,ok,0.9674,0.0,True,0.0,True,False,True,,1,0.436,
qpsk_15dB_2010,qpsk,15,s2-top,qpsk,True,ok,0.9674,0.0,True,0.0,True,False,True,,1,0.415,
qpsk_15dB_2010,qpsk,15,search,qpsk,True,ok,0.9674,0.0,True,0.0,True,False,True,,1,0.475,
qpsk_15dB_3010,qpsk,15,truth-params,qpsk,True,ok,0.9652,0.0,True,0.0,True,False,True,,1,0.431,
qpsk_15dB_3010,qpsk,15,s2-top,qpsk,True,ok,0.9652,0.0,True,0.0,True,False,True,,1,0.425,
qpsk_15dB_3010,qpsk,15,search,qpsk,True,ok,0.9652,0.0,True,0.0,True,False,True,,1,0.487,
qpsk_15dB_4010,qpsk,15,truth-params,qpsk,True,ok,0.9669,0.0,True,0.0,True,False,True,,1,0.442,
qpsk_15dB_4010,qpsk,15,s2-top,qpsk,True,ok,0.9669,0.0,True,0.0,True,False,True,,1,0.412,
qpsk_15dB_4010,qpsk,15,search,qpsk,True,ok,0.9669,0.0,True,0.0,True,False,True,,1,0.476,
qpsk_15dB_5010,qpsk,15,truth-params,qpsk,True,ok,0.9647,0.0,True,0.0,True,False,True,,1,0.439,
qpsk_15dB_5010,qpsk,15,s2-top,qpsk,True,ok,0.9647,0.0,True,0.0,True,False,True,,1,0.414,
qpsk_15dB_5010,qpsk,15,search,qpsk,True,ok,0.9647,0.0,True,0.0,True,False,True,,1,0.461,
qpsk_15dB_6010,qpsk,15,truth-params,qpsk,True,ok,0.9669,0.0,True,0.0,True,False,True,,1,0.46,
qpsk_15dB_6010,qpsk,15,s2-top,qpsk,True,ok,0.9668,0.0,True,0.0,True,False,True,,1,0.405,
qpsk_15dB_6010,qpsk,15,search,qpsk,True,ok,0.9668,0.0,True,0.0,True,False,True,,1,0.485,
qpsk_15dB_7010,qpsk,15,truth-params,qpsk,True,ok,0.9658,0.0,True,0.0,True,False,True,,1,0.446,
qpsk_15dB_7010,qpsk,15,s2-top,qpsk,True,ok,0.9658,0.0,True,0.0,True,False,True,,1,0.413,
qpsk_15dB_7010,qpsk,15,search,qpsk,True,ok,0.9658,0.0,True,0.0,True,False,True,,1,0.484,
qpsk_15dB_8010,qpsk,15,truth-params,qpsk,True,ok,0.9663,0.0,True,0.0,True,False,True,,1,0.438,
qpsk_15dB_8010,qpsk,15,s2-top,qpsk,True,ok,0.9663,0.0,True,0.0,True,False,True,,1,0.402,
qpsk_15dB_8010,qpsk,15,search,qpsk,True,ok,0.9663,0.0,True,0.0,True,False,True,,1,0.483,
qpsk_20dB_2011,qpsk,20,truth-params,qpsk,True,ok,0.989,0.0,True,0.0,True,False,True,,1,0.45,
qpsk_20dB_2011,qpsk,20,s2-top,qpsk,True,ok,0.989,0.0,True,0.0,True,False,True,,1,0.433,
qpsk_20dB_2011,qpsk,20,search,qpsk,True,ok,0.989,0.0,True,0.0,True,False,True,,1,0.491,
qpsk_20dB_3011,qpsk,20,truth-params,qpsk,True,ok,0.9897,0.0,True,0.0,True,False,True,,1,0.445,
qpsk_20dB_3011,qpsk,20,s2-top,qpsk,True,ok,0.9897,0.0,True,0.0,True,False,True,,1,0.423,
qpsk_20dB_3011,qpsk,20,search,qpsk,True,ok,0.9897,0.0,True,0.0,True,False,True,,1,0.484,
qpsk_20dB_4011,qpsk,20,truth-params,qpsk,True,ok,0.989,0.0,True,0.0,True,False,True,,1,0.444,
qpsk_20dB_4011,qpsk,20,s2-top,qpsk,True,ok,0.989,0.0,True,0.0,True,False,True,,1,0.417,
qpsk_20dB_4011,qpsk,20,search,qpsk,True,ok,0.989,0.0,True,0.0,True,False,True,,1,0.472,
qpsk_20dB_5011,qpsk,20,truth-params,qpsk,True,ok,0.9893,0.0,True,0.0,True,False,True,,1,0.446,
qpsk_20dB_5011,qpsk,20,s2-top,qpsk,True,ok,0.9893,0.0,True,0.0,True,False,True,,1,0.433,
qpsk_20dB_5011,qpsk,20,search,qpsk,True,ok,0.9893,0.0,True,0.0,True,False,True,,1,0.491,
qpsk_20dB_6011,qpsk,20,truth-params,qpsk,True,ok,0.9888,0.0,True,0.0,True,False,True,,1,0.466,
qpsk_20dB_6011,qpsk,20,s2-top,qpsk,True,ok,0.9888,0.0,True,0.0,True,False,True,,1,0.415,
qpsk_20dB_6011,qpsk,20,search,qpsk,True,ok,0.9888,0.0,True,0.0,True,False,True,,1,0.495,
qpsk_20dB_7011,qpsk,20,truth-params,qpsk,True,ok,0.9894,0.0,True,0.0,True,False,True,,1,0.438,
qpsk_20dB_7011,qpsk,20,s2-top,qpsk,True,ok,0.9894,0.0,True,0.0,True,False,True,,1,0.416,
qpsk_20dB_7011,qpsk,20,search,qpsk,True,ok,0.9894,0.0,True,0.0,True,False,True,,1,0.474,
qpsk_20dB_8011,qpsk,20,truth-params,qpsk,True,ok,0.9895,0.0,True,0.0,True,False,True,,1,0.444,
qpsk_20dB_8011,qpsk,20,s2-top,qpsk,True,ok,0.9895,0.0,True,0.0,True,False,True,,1,0.409,
qpsk_20dB_8011,qpsk,20,search,qpsk,True,ok,0.9895,0.0,True,0.0,True,False,True,,1,0.489,
qpsk_4dB_2006,qpsk,4,truth-params,qpsk,True,ok,0.6365,0.00096561,True,0.001154,True,False,True,,1,0.435,
qpsk_4dB_2006,qpsk,4,s2-top,qpsk,True,ok,0.6365,0.00096562,True,0.001154,True,False,True,,1,0.404,
qpsk_4dB_2006,qpsk,4,search,qpsk,True,ok,0.6365,0.00096562,True,0.001154,True,False,True,,2,0.909,
qpsk_4dB_3006,qpsk,4,truth-params,qpsk,True,ok,0.6624,0.0008557,True,0.000853,True,False,True,,1,0.452,
qpsk_4dB_3006,qpsk,4,s2-top,qpsk,True,ok,0.6618,0.00085575,True,0.000853,True,False,True,,1,0.406,
qpsk_4dB_3006,qpsk,4,search,qpsk,True,ok,0.6618,0.00085575,True,0.000853,True,False,True,,2,0.919,
qpsk_4dB_4006,qpsk,4,truth-params,qpsk,True,ok,0.6523,0.00099281,True,0.000552,True,False,True,,1,0.439,
qpsk_4dB_4006,qpsk,4,s2-top,qpsk,True,ok,0.6523,0.00099281,True,0.000552,True,False,True,,1,0.406,
qpsk_4dB_4006,qpsk,4,search,qpsk,True,ok,0.6523,0.00099281,True,0.000552,True,False,True,,2,0.939,
qpsk_4dB_5006,qpsk,4,truth-params,qpsk,True,ok,0.6409,0.00101115,True,0.001052,True,False,True,,1,0.43,
qpsk_4dB_5006,qpsk,4,s2-top,qpsk,True,ok,0.6407,0.00101126,True,0.001052,True,False,True,,1,0.406,
qpsk_4dB_5006,qpsk,4,search,qpsk,True,ok,0.6407,0.00101126,True,0.001052,True,False,True,,2,0.889,
qpsk_4dB_6006,qpsk,4,truth-params,qpsk,True,ok,0.639,0.00118612,True,0.001152,True,False,True,,1,0.442,
qpsk_4dB_6006,qpsk,4,s2-top,qpsk,True,ok,0.639,0.00118612,True,0.001152,True,False,True,,1,0.393,
qpsk_4dB_6006,qpsk,4,search,qpsk,True,ok,0.639,0.00118612,True,0.001152,True,False,True,,2,0.919,
qpsk_4dB_7006,qpsk,4,truth-params,qpsk,True,ok,0.6565,0.00089748,True,0.001053,True,False,True,,1,0.459,
qpsk_4dB_7006,qpsk,4,s2-top,qpsk,True,ok,0.6566,0.0008975,True,0.001053,True,False,True,,1,0.409,
qpsk_4dB_7006,qpsk,4,search,qpsk,True,ok,0.6566,0.0008975,True,0.001053,True,False,True,,2,0.932,
qpsk_4dB_8006,qpsk,4,truth-params,qpsk,True,ok,0.6378,0.00094768,True,0.000954,True,False,True,,1,0.433,
qpsk_4dB_8006,qpsk,4,s2-top,qpsk,True,ok,0.6378,0.00094768,True,0.000954,True,False,True,,1,0.429,
qpsk_4dB_8006,qpsk,4,search,qpsk,True,ok,0.6378,0.00094768,True,0.000954,True,False,True,,2,0.946,
qpsk_8dB_2007,qpsk,8,truth-params,qpsk,True,ok,0.8409,0.0,True,0.0,True,False,True,,1,0.438,
qpsk_8dB_2007,qpsk,8,s2-top,qpsk,True,ok,0.8411,0.0,True,0.0,True,False,True,,1,0.404,
qpsk_8dB_2007,qpsk,8,search,qpsk,True,ok,0.8411,0.0,True,0.0,True,False,True,,1,0.48,
qpsk_8dB_3007,qpsk,8,truth-params,qpsk,True,ok,0.8367,5.43e-06,True,0.0,True,False,True,,1,0.44,
qpsk_8dB_3007,qpsk,8,s2-top,qpsk,True,ok,0.8367,5.43e-06,True,0.0,True,False,True,,1,0.403,
qpsk_8dB_3007,qpsk,8,search,qpsk,True,ok,0.8367,5.43e-06,True,0.0,True,False,True,,1,0.48,
qpsk_8dB_4007,qpsk,8,truth-params,qpsk,True,ok,0.8388,8e-08,True,0.0,True,False,True,,1,0.448,
qpsk_8dB_4007,qpsk,8,s2-top,qpsk,True,ok,0.8389,8e-08,True,0.0,True,False,True,,1,0.401,
qpsk_8dB_4007,qpsk,8,search,qpsk,True,ok,0.8389,8e-08,True,0.0,True,False,True,,1,0.483,
qpsk_8dB_5007,qpsk,8,truth-params,qpsk,True,ok,0.8428,8e-08,True,0.0,True,False,True,,1,0.429,
qpsk_8dB_5007,qpsk,8,s2-top,qpsk,True,ok,0.8428,8e-08,True,0.0,True,False,True,,1,0.407,
qpsk_8dB_5007,qpsk,8,search,qpsk,True,ok,0.8428,8e-08,True,0.0,True,False,True,,1,0.461,
qpsk_8dB_6007,qpsk,8,truth-params,qpsk,True,ok,0.8397,2e-08,True,0.0,True,False,True,,1,0.438,
qpsk_8dB_6007,qpsk,8,s2-top,qpsk,True,ok,0.8397,2e-08,True,0.0,True,False,True,,1,0.416,
qpsk_8dB_6007,qpsk,8,search,qpsk,True,ok,0.8397,2e-08,True,0.0,True,False,True,,1,0.49,
qpsk_8dB_7007,qpsk,8,truth-params,qpsk,True,ok,0.8481,1.4e-07,True,0.0,True,False,True,,1,0.443,
qpsk_8dB_7007,qpsk,8,s2-top,qpsk,True,ok,0.8481,1.4e-07,True,0.0,True,False,True,,1,0.407,
qpsk_8dB_7007,qpsk,8,search,qpsk,True,ok,0.8481,1.4e-07,True,0.0,True,False,True,,1,0.492,
qpsk_8dB_8007,qpsk,8,truth-params,qpsk,True,ok,0.8414,6e-08,True,0.0,True,False,True,,1,0.452,
qpsk_8dB_8007,qpsk,8,s2-top,qpsk,True,ok,0.8414,6e-08,True,0.0,True,False,True,,1,0.407,
qpsk_8dB_8007,qpsk,8,search,qpsk,True,ok,0.8414,6e-08,True,0.0,True,False,True,,1,0.473,
