kind,file,true_mod,true_family,snr_db,family_asked,proposed_rate,true_rate,rel_error,score,screen
corpus,16qam_10dB_2020,16qam,psk,10.0,psk,50000.0,50000.0,0.0,35.632,pass
corpus,16qam_10dB_2020,16qam,psk,10.0,fsk,50000.0,50000.0,0.0,14.199,pass
corpus,16qam_10dB_3020,16qam,psk,10.0,psk,50000.0,50000.0,0.0,38.09,pass
corpus,16qam_10dB_3020,16qam,psk,10.0,fsk,50000.0,50000.0,0.0,13.343,pass
corpus,16qam_10dB_4020,16qam,psk,10.0,psk,50000.0,50000.0,0.0,34.64,pass
corpus,16qam_10dB_4020,16qam,psk,10.0,fsk,50000.0,50000.0,0.0,12.445,pass
corpus,16qam_10dB_5020,16qam,psk,10.0,psk,50000.0,50000.0,0.0,34.366,pass
corpus,16qam_10dB_5020,16qam,psk,10.0,fsk,50000.0,50000.0,0.0,13.823,pass
corpus,16qam_10dB_6020,16qam,psk,10.0,psk,50000.0,50000.0,0.0,37.229,pass
corpus,16qam_10dB_6020,16qam,psk,10.0,fsk,50000.0,50000.0,0.0,12.914,pass
corpus,16qam_10dB_7020,16qam,psk,10.0,psk,50000.0,50000.0,0.0,38.795,pass
corpus,16qam_10dB_7020,16qam,psk,10.0,fsk,50000.0,50000.0,0.0,11.932,pass
corpus,16qam_10dB_8020,16qam,psk,10.0,psk,50000.0,50000.0,0.0,37.955,pass
corpus,16qam_10dB_8020,16qam,psk,10.0,fsk,50000.0,50000.0,0.0,13.422,pass
corpus,16qam_13dB_2021,16qam,psk,13.0,psk,50000.0,50000.0,0.0,44.034,pass
corpus,16qam_13dB_2021,16qam,psk,13.0,fsk,50000.0,50000.0,0.0,19.084,pass
corpus,16qam_13dB_3021,16qam,psk,13.0,psk,50000.0,50000.0,0.0,44.858,pass
corpus,16qam_13dB_3021,16qam,psk,13.0,fsk,50000.0,50000.0,0.0,17.863,pass
corpus,16qam_13dB_4021,16qam,psk,13.0,psk,50000.0,50000.0,0.0,47.872,pass
corpus,16qam_13dB_4021,16qam,psk,13.0,fsk,50000.0,50000.0,0.0,17.233,pass
corpus,16qam_13dB_5021,16qam,psk,13.0,psk,50000.0,50000.0,0.0,42.28,pass
corpus,16qam_13dB_5021,16qam,psk,13.0,fsk,50000.0,50000.0,0.0,17.572,pass
corpus,16qam_13dB_6021,16qam,psk,13.0,psk,50000.0,50000.0,0.0,43.968,pass
corpus,16qam_13dB_6021,16qam,psk,13.0,fsk,50000.0,50000.0,0.0,16.128,pass
corpus,16qam_13dB_7021,16qam,psk,13.0,psk,50000.0,50000.0,0.0,45.171,pass
corpus,16qam_13dB_7021,16qam,psk,13.0,fsk,50000.0,50000.0,0.0,19.739,pass
corpus,16qam_13dB_8021,16qam,psk,13.0,psk,50000.0,50000.0,0.0,41.868,pass
corpus,16qam_13dB_8021,16qam,psk,13.0,fsk,50000.0,50000.0,0.0,18.85,pass
corpus,16qam_15dB_2022,16qam,psk,15.0,psk,50000.0,50000.0,0.0,48.591,pass
corpus,16qam_15dB_2022,16qam,psk,15.0,fsk,50000.0,50000.0,0.0,20.074,pass
corpus,16qam_15dB_3022,16qam,psk,15.0,psk,50000.0,50000.0,0.0,46.623,pass
corpus,16qam_15dB_3022,16qam,psk,15.0,fsk,50000.0,50000.0,0.0,21.185,pass
corpus,16qam_15dB_4022,16qam,psk,15.0,psk,50000.0,50000.0,0.0,49.595,pass
corpus,16qam_15dB_4022,16qam,psk,15.0,fsk,50000.0,50000.0,0.0,20.78,pass
corpus,16qam_15dB_5022,16qam,psk,15.0,psk,50000.0,50000.0,0.0,45.086,pass
corpus,16qam_15dB_5022,16qam,psk,15.0,fsk,50000.0,50000.0,0.0,21.725,pass
corpus,16qam_15dB_6022,16qam,psk,15.0,psk,50000.0,50000.0,0.0,49.419,pass
corpus,16qam_15dB_6022,16qam,psk,15.0,fsk,50000.0,50000.0,0.0,21.441,pass
corpus,16qam_15dB_7022,16qam,psk,15.0,psk,50000.0,50000.0,0.0,44.886,pass
corpus,16qam_15dB_7022,16qam,psk,15.0,fsk,50000.0,50000.0,0.0,21.013,pass
corpus,16qam_15dB_8022,16qam,psk,15.0,psk,50000.0,50000.0,0.0,49.32,pass
corpus,16qam_15dB_8022,16qam,psk,15.0,fsk,50000.0,50000.0,0.0,21.575,pass
corpus,16qam_20dB_2023,16qam,psk,20.0,psk,50000.0,50000.0,0.0,50.33,pass
corpus,16qam_20dB_2023,16qam,psk,20.0,fsk,50000.0,50000.0,0.0,29.751,pass
corpus,16qam_20dB_3023,16qam,psk,20.0,psk,50000.0,50000.0,0.0,55.673,pass
corpus,16qam_20dB_3023,16qam,psk,20.0,fsk,50000.0,50000.0,0.0,29.126,pass
corpus,16qam_20dB_4023,16qam,psk,20.0,psk,50000.0,50000.0,0.0,55.662,pass
corpus,16qam_20dB_4023,16qam,psk,20.0,fsk,50000.0,50000.0,0.0,28.433,pass
corpus,16qam_20dB_5023,16qam,psk,20.0,psk,50000.0,50000.0,0.0,54.413,pass
corpus,16qam_20dB_5023,16qam,psk,20.0,fsk,50000.0,50000.0,0.0,28.736,pass
corpus,16qam_20dB_6023,16qam,psk,20.0,psk,50000.0,50000.0,0.0,55.452,pass
corpus,16qam_20dB_6023,16qam,psk,20.0,fsk,50000.0,50000.0,0.0,31.089,pass
corpus,16qam_20dB_7023,16qam,psk,20.0,psk,50000.0,50000.0,0.0,52.606,pass
corpus,16qam_20dB_7023,16qam,psk,20.0,fsk,50000.0,50000.0,0.0,28.378,pass
corpus,16qam_20dB_8023,16qam,psk,20.0,psk,50000.0,50000.0,0.0,55.361,pass
corpus,16qam_20dB_8023,16qam,psk,20.0,fsk,50000.0,50000.0,0.0,28.901,pass
corpus,16qam_4dB_2018,16qam,psk,4.0,psk,50000.0,50000.0,0.0,20.224,pass
corpus,16qam_4dB_2018,16qam,psk,4.0,fsk,11254.88,50000.0,0.774902,3.812,fail
corpus,16qam_4dB_3018,16qam,psk,4.0,psk,50000.0,50000.0,0.0,20.528,pass
corpus,16qam_4dB_3018,16qam,psk,4.0,fsk,50000.0,50000.0,0.0,6.354,unknown
corpus,16qam_4dB_4018,16qam,psk,4.0,psk,50000.0,50000.0,0.0,23.4,pass
corpus,16qam_4dB_4018,16qam,psk,4.0,fsk,50000.0,50000.0,0.0,5.314,unknown
corpus,16qam_4dB_5018,16qam,psk,4.0,psk,50000.0,50000.0,0.0,19.85,pass
corpus,16qam_4dB_5018,16qam,psk,4.0,fsk,50000.0,50000.0,0.0,5.776,unknown
corpus,16qam_4dB_6018,16qam,psk,4.0,psk,50000.0,50000.0,0.0,21.537,pass
corpus,16qam_4dB_6018,16qam,psk,4.0,fsk,50000.0,50000.0,0.0,5.675,unknown
corpus,16qam_4dB_7018,16qam,psk,4.0,psk,50000.0,50000.0,0.0,19.694,pass
corpus,16qam_4dB_7018,16qam,psk,4.0,fsk,7897.95,50000.0,0.842041,3.81,fail
corpus,16qam_4dB_8018,16qam,psk,4.0,psk,50000.0,50000.0,0.0,22.424,pass
corpus,16qam_4dB_8018,16qam,psk,4.0,fsk,50000.0,50000.0,0.0,5.863,unknown
corpus,16qam_8dB_2019,16qam,psk,8.0,psk,50000.0,50000.0,0.0,30.925,pass
corpus,16qam_8dB_2019,16qam,psk,8.0,fsk,50000.0,50000.0,0.0,10.487,pass
corpus,16qam_8dB_3019,16qam,psk,8.0,psk,50000.0,50000.0,0.0,33.099,pass
corpus,16qam_8dB_3019,16qam,psk,8.0,fsk,50000.0,50000.0,0.0,9.061,pass
corpus,16qam_8dB_4019,16qam,psk,8.0,psk,50000.0,50000.0,0.0,28.447,pass
corpus,16qam_8dB_4019,16qam,psk,8.0,fsk,50000.0,50000.0,0.0,10.197,pass
corpus,16qam_8dB_5019,16qam,psk,8.0,psk,50000.0,50000.0,0.0,31.447,pass
corpus,16qam_8dB_5019,16qam,psk,8.0,fsk,50000.0,50000.0,0.0,8.657,pass
corpus,16qam_8dB_6019,16qam,psk,8.0,psk,50000.0,50000.0,0.0,31.651,pass
corpus,16qam_8dB_6019,16qam,psk,8.0,fsk,50000.0,50000.0,0.0,9.988,pass
corpus,16qam_8dB_7019,16qam,psk,8.0,psk,50000.0,50000.0,0.0,30.974,pass
corpus,16qam_8dB_7019,16qam,psk,8.0,fsk,50000.0,50000.0,0.0,9.634,pass
corpus,16qam_8dB_8019,16qam,psk,8.0,psk,50000.0,50000.0,0.0,32.64,pass
corpus,16qam_8dB_8019,16qam,psk,8.0,fsk,50000.0,50000.0,0.0,10.598,pass
corpus,2fsk_10dB_2026,2fsk,fsk,10.0,psk,37351.23,50000.0,0.252975,4.218,fail
corpus,2fsk_10dB_2026,2fsk,fsk,10.0,fsk,50000.0,50000.0,0.0,142.397,pass
corpus,2fsk_10dB_3026,2fsk,fsk,10.0,psk,43601.23,50000.0,0.127975,4.555,unknown
corpus,2fsk_10dB_3026,2fsk,fsk,10.0,fsk,50000.0,50000.0,0.0,140.371,pass
corpus,2fsk_10dB_4026,2fsk,fsk,10.0,psk,35065.46,50000.0,0.298691,4.159,fail
corpus,2fsk_10dB_4026,2fsk,fsk,10.0,fsk,50000.0,50000.0,0.0,149.073,pass
corpus,2fsk_10dB_5026,2fsk,fsk,10.0,psk,25255.58,50000.0,0.494888,3.816,fail
corpus,2fsk_10dB_5026,2fsk,fsk,10.0,fsk,50000.0,50000.0,0.0,142.704,pass
corpus,2fsk_10dB_6026,2fsk,fsk,10.0,psk,49592.59,50000.0,0.008148,4.46,fail
corpus,2fsk_10dB_6026,2fsk,fsk,10.0,fsk,50000.0,50000.0,0.0,143.988,pass
corpus,2fsk_10dB_7026,2fsk,fsk,10.0,psk,2402.5,50000.0,0.95195,3.964,fail
corpus,2fsk_10dB_7026,2fsk,fsk,10.0,fsk,50000.0,50000.0,0.0,145.014,pass
corpus,2fsk_10dB_8026,2fsk,fsk,10.0,psk,70326.23,50000.0,0.406525,4.012,fail
corpus,2fsk_10dB_8026,2fsk,fsk,10.0,fsk,50000.0,50000.0,0.0,144.668,pass
corpus,2fsk_13dB_2027,2fsk,fsk,13.0,psk,79713.44,50000.0,0.594269,3.908,fail
corpus,2fsk_13dB_2027,2fsk,fsk,13.0,fsk,50000.0,50000.0,0.0,171.19,pass
corpus,2fsk_13dB_3027,2fsk,fsk,13.0,psk,46393.59,50000.0,0.072128,4.058,fail
corpus,2fsk_13dB_3027,2fsk,fsk,13.0,fsk,50000.0,50000.0,0.0,169.59,pass
corpus,2fsk_13dB_4027,2fsk,fsk,13.0,psk,48769.38,50000.0,0.024612,4.073,fail
corpus,2fsk_13dB_4027,2fsk,fsk,13.0,fsk,50000.0,50000.0,0.0,177.512,pass
corpus,2fsk_13dB_5027,2fsk,fsk,13.0,psk,74243.93,50000.0,0.484879,4.095,fail
corpus,2fsk_13dB_5027,2fsk,fsk,13.0,fsk,50000.0,50000.0,0.0,168.492,pass
corpus,2fsk_13dB_6027,2fsk,fsk,13.0,psk,42045.59,50000.0,0.159088,4.356,fail
corpus,2fsk_13dB_6027,2fsk,fsk,13.0,fsk,50000.0,50000.0,0.0,173.163,pass
corpus,2fsk_13dB_7027,2fsk,fsk,13.0,psk,18239.59,50000.0,0.635208,4.216,fail
corpus,2fsk_13dB_7027,2fsk,fsk,13.0,fsk,50000.0,50000.0,0.0,164.837,pass
corpus,2fsk_13dB_8027,2fsk,fsk,13.0,psk,74922.94,50000.0,0.498459,4.331,fail
corpus,2fsk_13dB_8027,2fsk,fsk,13.0,fsk,50000.0,50000.0,0.0,176.867,pass
corpus,2fsk_15dB_2028,2fsk,fsk,15.0,psk,36133.58,50000.0,0.277328,4.247,fail
corpus,2fsk_15dB_2028,2fsk,fsk,15.0,fsk,50000.0,50000.0,0.0,173.313,pass
corpus,2fsk_15dB_3028,2fsk,fsk,15.0,psk,6100.46,50000.0,0.877991,4.179,fail
corpus,2fsk_15dB_3028,2fsk,fsk,15.0,fsk,50000.0,50000.0,0.0,183.754,pass
corpus,2fsk_15dB_4028,2fsk,fsk,15.0,psk,66139.22,50000.0,0.322784,4.307,fail
corpus,2fsk_15dB_4028,2fsk,fsk,15.0,fsk,50000.0,50000.0,0.0,186.602,pass
corpus,2fsk_15dB_5028,2fsk,fsk,15.0,psk,15753.94,50000.0,0.684921,4.487,fail
corpus,2fsk_15dB_5028,2fsk,fsk,15.0,fsk,50000.0,50000.0,0.0,182.316,pass
corpus,2fsk_15dB_6028,2fsk,fsk,15.0,psk,6354.52,50000.0,0.87291,3.923,fail
corpus,2fsk_15dB_6028,2fsk,fsk,15.0,fsk,50000.0,50000.0,0.0,184.787,pass
corpus,2fsk_15dB_7028,2fsk,fsk,15.0,psk,32450.1,50000.0,0.350998,4.114,fail
corpus,2fsk_15dB_7028,2fsk,fsk,15.0,fsk,50000.0,50000.0,0.0,177.192,pass
corpus,2fsk_15dB_8028,2fsk,fsk,15.0,psk,68205.26,50000.0,0.364105,3.976,fail
corpus,2fsk_15dB_8028,2fsk,fsk,15.0,fsk,50000.0,50000.0,0.0,181.862,pass
corpus,2fsk_20dB_2029,2fsk,fsk,20.0,psk,12069.7,50000.0,0.758606,4.326,fail
corpus,2fsk_20dB_2029,2fsk,fsk,20.0,fsk,50000.0,50000.0,0.0,185.261,pass
corpus,2fsk_20dB_3029,2fsk,fsk,20.0,psk,36701.97,50000.0,0.265961,4.233,fail
corpus,2fsk_20dB_3029,2fsk,fsk,20.0,fsk,50000.0,50000.0,0.0,189.217,pass
corpus,2fsk_20dB_4029,2fsk,fsk,20.0,psk,25951.39,50000.0,0.480972,3.899,fail
corpus,2fsk_20dB_4029,2fsk,fsk,20.0,fsk,50000.0,50000.0,0.0,195.036,pass
corpus,2fsk_20dB_5029,2fsk,fsk,20.0,psk,23551.18,50000.0,0.528976,4.333,fail
corpus,2fsk_20dB_5029,2fsk,fsk,20.0,fsk,50000.0,50000.0,0.0,194.715,pass
corpus,2fsk_20dB_6029,2fsk,fsk,20.0,psk,43036.65,50000.0,0.139267,4.048,fail
corpus,2fsk_20dB_6029,2fsk,fsk,20.0,fsk,50000.0,50000.0,0.0,196.856,pass
corpus,2fsk_20dB_7029,2fsk,fsk,20.0,psk,58845.52,50000.0,0.17691,4.005,fail
corpus,2fsk_20dB_7029,2fsk,fsk,20.0,fsk,50000.0,50000.0,0.0,187.314,pass
corpus,2fsk_20dB_8029,2fsk,fsk,20.0,psk,69175.72,50000.0,0.383514,4.122,fail
corpus,2fsk_20dB_8029,2fsk,fsk,20.0,fsk,50000.0,50000.0,0.0,195.958,pass
corpus,2fsk_4dB_2024,2fsk,fsk,4.0,psk,48479.46,50000.0,0.030411,4.41,fail
corpus,2fsk_4dB_2024,2fsk,fsk,4.0,fsk,50000.0,50000.0,0.0,45.243,pass
corpus,2fsk_4dB_3024,2fsk,fsk,4.0,psk,14914.7,50000.0,0.701706,4.357,fail
corpus,2fsk_4dB_3024,2fsk,fsk,4.0,fsk,50000.0,50000.0,0.0,48.77,pass
corpus,2fsk_4dB_4024,2fsk,fsk,4.0,psk,47409.06,50000.0,0.051819,4.773,unknown
corpus,2fsk_4dB_4024,2fsk,fsk,4.0,fsk,50000.0,50000.0,0.0,47.49,pass
corpus,2fsk_4dB_5024,2fsk,fsk,4.0,psk,43215.94,50000.0,0.135681,4.512,unknown
corpus,2fsk_4dB_5024,2fsk,fsk,4.0,fsk,50000.0,50000.0,0.0,47.556,pass
corpus,2fsk_4dB_6024,2fsk,fsk,4.0,psk,51061.25,50000.0,0.021225,4.346,fail
corpus,2fsk_4dB_6024,2fsk,fsk,4.0,fsk,50000.0,50000.0,0.0,47.658,pass
corpus,2fsk_4dB_7024,2fsk,fsk,4.0,psk,45265.2,50000.0,0.094696,3.772,fail
corpus,2fsk_4dB_7024,2fsk,fsk,4.0,fsk,50000.0,50000.0,0.0,50.175,pass
corpus,2fsk_4dB_8024,2fsk,fsk,4.0,psk,72516.63,50000.0,0.450333,4.725,unknown
corpus,2fsk_4dB_8024,2fsk,fsk,4.0,fsk,50000.0,50000.0,0.0,46.376,pass
corpus,2fsk_8dB_2025,2fsk,fsk,8.0,psk,11986.54,50000.0,0.760269,3.879,fail
corpus,2fsk_8dB_2025,2fsk,fsk,8.0,fsk,50000.0,50000.0,0.0,113.585,pass
corpus,2fsk_8dB_3025,2fsk,fsk,8.0,psk,41822.05,50000.0,0.163559,4.299,fail
corpus,2fsk_8dB_3025,2fsk,fsk,8.0,fsk,50000.0,50000.0,0.0,113.787,pass
corpus,2fsk_8dB_4025,2fsk,fsk,8.0,psk,20363.62,50000.0,0.592728,4.725,unknown
corpus,2fsk_8dB_4025,2fsk,fsk,8.0,fsk,50000.0,50000.0,0.0,114.83,pass
corpus,2fsk_8dB_5025,2fsk,fsk,8.0,psk,45043.18,50000.0,0.099136,4.208,fail
corpus,2fsk_8dB_5025,2fsk,fsk,8.0,fsk,50000.0,50000.0,0.0,110.794,pass
corpus,2fsk_8dB_6025,2fsk,fsk,8.0,psk,78765.11,50000.0,0.575302,4.27,fail
corpus,2fsk_8dB_6025,2fsk,fsk,8.0,fsk,50000.0,50000.0,0.0,114.914,pass
corpus,2fsk_8dB_7025,2fsk,fsk,8.0,psk,45558.93,50000.0,0.088821,4.225,fail
corpus,2fsk_8dB_7025,2fsk,fsk,8.0,fsk,50000.0,50000.0,0.0,112.861,pass
corpus,2fsk_8dB_8025,2fsk,fsk,8.0,psk,41598.51,50000.0,0.16803,3.968,fail
corpus,2fsk_8dB_8025,2fsk,fsk,8.0,fsk,50000.0,50000.0,0.0,109.872,pass
corpus,4fsk_10dB_2032,4fsk,fsk,10.0,psk,58241.27,50000.0,0.164825,3.673,fail
corpus,4fsk_10dB_2032,4fsk,fsk,10.0,fsk,50000.0,50000.0,0.0,119.928,pass
corpus,4fsk_10dB_3032,4fsk,fsk,10.0,psk,63023.38,50000.0,0.260468,4.033,fail
corpus,4fsk_10dB_3032,4fsk,fsk,10.0,fsk,50000.0,50000.0,0.0,125.425,pass
corpus,4fsk_10dB_4032,4fsk,fsk,10.0,psk,76158.14,50000.0,0.523163,3.869,fail
corpus,4fsk_10dB_4032,4fsk,fsk,10.0,fsk,50000.0,50000.0,0.0,120.624,pass
corpus,4fsk_10dB_5032,4fsk,fsk,10.0,psk,43765.26,50000.0,0.124695,4.767,unknown
corpus,4fsk_10dB_5032,4fsk,fsk,10.0,fsk,50000.0,50000.0,0.0,129.099,pass
corpus,4fsk_10dB_6032,4fsk,fsk,10.0,psk,69712.83,50000.0,0.394257,4.148,fail
corpus,4fsk_10dB_6032,4fsk,fsk,10.0,fsk,50000.0,50000.0,0.0,126.548,pass
corpus,4fsk_10dB_7032,4fsk,fsk,10.0,psk,4599.0,50000.0,0.90802,3.792,fail
corpus,4fsk_10dB_7032,4fsk,fsk,10.0,fsk,50000.0,50000.0,0.0,128.782,pass
corpus,4fsk_10dB_8032,4fsk,fsk,10.0,psk,58345.03,50000.0,0.166901,4.117,fail
corpus,4fsk_10dB_8032,4fsk,fsk,10.0,fsk,50000.0,50000.0,0.0,125.731,pass
corpus,4fsk_13dB_2033,4fsk,fsk,13.0,psk,14028.93,50000.0,0.719421,4.03,fail
corpus,4fsk_13dB_2033,4fsk,fsk,13.0,fsk,50000.0,50000.0,0.0,145.859,pass
corpus,4fsk_13dB_3033,4fsk,fsk,13.0,psk,36427.31,50000.0,0.271454,3.547,fail
corpus,4fsk_13dB_3033,4fsk,fsk,13.0,fsk,50000.0,50000.0,0.0,144.728,pass
corpus,4fsk_13dB_4033,4fsk,fsk,13.0,psk,62327.58,50000.0,0.246552,4.157,fail
corpus,4fsk_13dB_4033,4fsk,fsk,13.0,fsk,50000.0,50000.0,0.0,152.373,pass
corpus,4fsk_13dB_5033,4fsk,fsk,13.0,psk,61367.8,50000.0,0.227356,3.937,fail
corpus,4fsk_13dB_5033,4fsk,fsk,13.0,fsk,50000.0,50000.0,0.0,137.574,pass
corpus,4fsk_13dB_6033,4fsk,fsk,13.0,psk,21147.16,50000.0,0.577057,3.837,fail
corpus,4fsk_13dB_6033,4fsk,fsk,13.0,fsk,50000.0,50000.0,0.0,138.403,pass
corpus,4fsk_13dB_7033,4fsk,fsk,13.0,psk,31074.52,50000.0,0.37851,3.642,fail
corpus,4fsk_13dB_7033,4fsk,fsk,13.0,fsk,50000.0,50000.0,0.0,145.557,pass
corpus,4fsk_13dB_8033,4fsk,fsk,13.0,psk,2929.69,50000.0,0.941406,3.872,fail
corpus,4fsk_13dB_8033,4fsk,fsk,13.0,fsk,50000.0,50000.0,0.0,141.613,pass
corpus,4fsk_15dB_2034,4fsk,fsk,15.0,psk,22137.45,50000.0,0.557251,3.979,fail
corpus,4fsk_15dB_2034,4fsk,fsk,15.0,fsk,50000.0,50000.0,0.0,146.494,pass
corpus,4fsk_15dB_3034,4fsk,fsk,15.0,psk,9510.8,50000.0,0.809784,3.917,fail
corpus,4fsk_15dB_3034,4fsk,fsk,15.0,fsk,50000.0,50000.0,0.0,145.526,pass
corpus,4fsk_15dB_4034,4fsk,fsk,15.0,psk,54611.21,50000.0,0.092224,4.082,fail
corpus,4fsk_15dB_4034,4fsk,fsk,15.0,fsk,50000.0,50000.0,0.0,157.074,pass
corpus,4fsk_15dB_5034,4fsk,fsk,15.0,psk,4382.32,50000.0,0.912354,4.251,fail
corpus,4fsk_15dB_5034,4fsk,fsk,15.0,fsk,50000.0,50000.0,0.0,146.996,pass
corpus,4fsk_15dB_6034,4fsk,fsk,15.0,psk,48690.8,50000.0,0.026184,3.88,fail
corpus,4fsk_15dB_6034,4fsk,fsk,15.0,fsk,50000.0,50000.0,0.0,141.174,pass
corpus,4fsk_15dB_7034,4fsk,fsk,15.0,psk,77784.73,50000.0,0.555695,4.302,fail
corpus,4fsk_15dB_7034,4fsk,fsk,15.0,fsk,50000.0,50000.0,0.0,143.361,pass
corpus,4fsk_15dB_8034,4fsk,fsk,15.0,psk,10697.94,50000.0,0.786041,3.754,fail
corpus,4fsk_15dB_8034,4fsk,fsk,15.0,fsk,50000.0,50000.0,0.0,147.043,pass
corpus,4fsk_20dB_2035,4fsk,fsk,20.0,psk,10769.65,50000.0,0.784607,4.206,fail
corpus,4fsk_20dB_2035,4fsk,fsk,20.0,fsk,50000.0,50000.0,0.0,166.429,pass
corpus,4fsk_20dB_3035,4fsk,fsk,20.0,psk,33805.85,50000.0,0.323883,4.262,fail
corpus,4fsk_20dB_3035,4fsk,fsk,20.0,fsk,50000.0,50000.0,0.0,157.959,pass
corpus,4fsk_20dB_4035,4fsk,fsk,20.0,psk,11061.1,50000.0,0.778778,3.887,fail
corpus,4fsk_20dB_4035,4fsk,fsk,20.0,fsk,50000.0,50000.0,0.0,171.211,pass
corpus,4fsk_20dB_5035,4fsk,fsk,20.0,psk,38992.31,50000.0,0.220154,4.196,fail
corpus,4fsk_20dB_5035,4fsk,fsk,20.0,fsk,50000.0,50000.0,0.0,160.607,pass
corpus,4fsk_20dB_6035,4fsk,fsk,20.0,psk,24272.16,50000.0,0.514557,3.734,fail
corpus,4fsk_20dB_6035,4fsk,fsk,20.0,fsk,50000.0,50000.0,0.0,166.715,pass
corpus,4fsk_20dB_7035,4fsk,fsk,20.0,psk,46972.66,50000.0,0.060547,3.909,fail
corpus,4fsk_20dB_7035,4fsk,fsk,20.0,fsk,50000.0,50000.0,0.0,160.207,pass
corpus,4fsk_20dB_8035,4fsk,fsk,20.0,psk,59072.88,50000.0,0.181458,3.536,fail
corpus,4fsk_20dB_8035,4fsk,fsk,20.0,fsk,50000.0,50000.0,0.0,151.224,pass
corpus,4fsk_4dB_2030,4fsk,fsk,4.0,psk,65634.16,50000.0,0.312683,3.979,fail
corpus,4fsk_4dB_2030,4fsk,fsk,4.0,fsk,50000.0,50000.0,0.0,50.688,pass
corpus,4fsk_4dB_3030,4fsk,fsk,4.0,psk,28802.49,50000.0,0.42395,3.752,fail
corpus,4fsk_4dB_3030,4fsk,fsk,4.0,fsk,50000.0,50000.0,0.0,52.948,pass
corpus,4fsk_4dB_4030,4fsk,fsk,4.0,psk,39537.05,50000.0,0.209259,4.112,fail
corpus,4fsk_4dB_4030,4fsk,fsk,4.0,fsk,50000.0,50000.0,0.0,49.267,pass
corpus,4fsk_4dB_5030,4fsk,fsk,4.0,psk,71672.06,50000.0,0.433441,3.969,fail
corpus,4fsk_4dB_5030,4fsk,fsk,4.0,fsk,50000.0,50000.0,0.0,50.456,pass
corpus,4fsk_4dB_6030,4fsk,fsk,4.0,psk,31690.98,50000.0,0.36618,4.188,fail
corpus,4fsk_4dB_6030,4fsk,fsk,4.0,fsk,50000.0,50000.0,0.0,47.617,pass
corpus,4fsk_4dB_7030,4fsk,fsk,4.0,psk,3713.99,50000.0,0.92572,4.173,fail
corpus,4fsk_4dB_7030,4fsk,fsk,4.0,fsk,50000.0,50000.0,0.0,50.359,pass
corpus,4fsk_4dB_8030,4fsk,fsk,4.0,psk,21055.6,50000.0,0.578888,3.999,fail
corpus,4fsk_4dB_8030,4fsk,fsk,4.0,fsk,50000.0,50000.0,0.0,51.876,pass
corpus,4fsk_8dB_2031,4fsk,fsk,8.0,psk,47712.71,50000.0,0.045746,4.644,unknown
corpus,4fsk_8dB_2031,4fsk,fsk,8.0,fsk,50000.0,50000.0,0.0,104.757,pass
corpus,4fsk_8dB_3031,4fsk,fsk,8.0,psk,12591.55,50000.0,0.748169,4.077,fail
corpus,4fsk_8dB_3031,4fsk,fsk,8.0,fsk,50000.0,50000.0,0.0,101.081,pass
corpus,4fsk_8dB_4031,4fsk,fsk,8.0,psk,76667.79,50000.0,0.533356,4.203,fail
corpus,4fsk_8dB_4031,4fsk,fsk,8.0,fsk,50000.0,50000.0,0.0,96.144,pass
corpus,4fsk_8dB_5031,4fsk,fsk,8.0,psk,28025.82,50000.0,0.439484,4.075,fail
corpus,4fsk_8dB_5031,4fsk,fsk,8.0,fsk,50000.0,50000.0,0.0,103.33,pass
corpus,4fsk_8dB_6031,4fsk,fsk,8.0,psk,25639.34,50000.0,0.487213,4.094,fail
corpus,4fsk_8dB_6031,4fsk,fsk,8.0,fsk,50000.0,50000.0,0.0,98.496,pass
corpus,4fsk_8dB_7031,4fsk,fsk,8.0,psk,19735.72,50000.0,0.605286,4.548,unknown
corpus,4fsk_8dB_7031,4fsk,fsk,8.0,fsk,50000.0,50000.0,0.0,97.098,pass
corpus,4fsk_8dB_8031,4fsk,fsk,8.0,psk,72882.08,50000.0,0.457642,3.754,fail
corpus,4fsk_8dB_8031,4fsk,fsk,8.0,fsk,50000.0,50000.0,0.0,104.166,pass
corpus,8psk_10dB_2014,8psk,psk,10.0,psk,50000.0,50000.0,0.0,45.582,pass
corpus,8psk_10dB_2014,8psk,psk,10.0,fsk,50000.0,50000.0,0.0,26.138,pass
corpus,8psk_10dB_3014,8psk,psk,10.0,psk,50000.0,50000.0,0.0,42.515,pass
corpus,8psk_10dB_3014,8psk,psk,10.0,fsk,50000.0,50000.0,0.0,26.004,pass
corpus,8psk_10dB_4014,8psk,psk,10.0,psk,50000.0,50000.0,0.0,43.276,pass
corpus,8psk_10dB_4014,8psk,psk,10.0,fsk,50000.0,50000.0,0.0,26.874,pass
corpus,8psk_10dB_5014,8psk,psk,10.0,psk,50000.0,50000.0,0.0,43.274,pass
corpus,8psk_10dB_5014,8psk,psk,10.0,fsk,50000.0,50000.0,0.0,27.219,pass
corpus,8psk_10dB_6014,8psk,psk,10.0,psk,50000.0,50000.0,0.0,41.307,pass
corpus,8psk_10dB_6014,8psk,psk,10.0,fsk,50000.0,50000.0,0.0,27.06,pass
corpus,8psk_10dB_7014,8psk,psk,10.0,psk,50000.0,50000.0,0.0,42.868,pass
corpus,8psk_10dB_7014,8psk,psk,10.0,fsk,50000.0,50000.0,0.0,24.536,pass
corpus,8psk_10dB_8014,8psk,psk,10.0,psk,50000.0,50000.0,0.0,45.191,pass
corpus,8psk_10dB_8014,8psk,psk,10.0,fsk,50000.0,50000.0,0.0,28.742,pass
corpus,8psk_13dB_2015,8psk,psk,13.0,psk,50000.0,50000.0,0.0,52.589,pass
corpus,8psk_13dB_2015,8psk,psk,13.0,fsk,50000.0,50000.0,0.0,39.271,pass
corpus,8psk_13dB_3015,8psk,psk,13.0,psk,50000.0,50000.0,0.0,53.561,pass
corpus,8psk_13dB_3015,8psk,psk,13.0,fsk,50000.0,50000.0,0.0,35.938,pass
corpus,8psk_13dB_4015,8psk,psk,13.0,psk,50000.0,50000.0,0.0,54.49,pass
corpus,8psk_13dB_4015,8psk,psk,13.0,fsk,50000.0,50000.0,0.0,37.317,pass
corpus,8psk_13dB_5015,8psk,psk,13.0,psk,50000.0,50000.0,0.0,58.086,pass
corpus,8psk_13dB_5015,8psk,psk,13.0,fsk,50000.0,50000.0,0.0,36.336,pass
corpus,8psk_13dB_6015,8psk,psk,13.0,psk,50000.0,50000.0,0.0,55.808,pass
corpus,8psk_13dB_6015,8psk,psk,13.0,fsk,50000.0,50000.0,0.0,35.025,pass
corpus,8psk_13dB_7015,8psk,psk,13.0,psk,50000.0,50000.0,0.0,53.703,pass
corpus,8psk_13dB_7015,8psk,psk,13.0,fsk,50000.0,50000.0,0.0,33.435,pass
corpus,8psk_13dB_8015,8psk,psk,13.0,psk,50000.0,50000.0,0.0,52.917,pass
corpus,8psk_13dB_8015,8psk,psk,13.0,fsk,50000.0,50000.0,0.0,36.347,pass
corpus,8psk_15dB_2016,8psk,psk,15.0,psk,50000.0,50000.0,0.0,58.689,pass
corpus,8psk_15dB_2016,8psk,psk,15.0,fsk,50000.0,50000.0,0.0,40.696,pass
corpus,8psk_15dB_3016,8psk,psk,15.0,psk,50000.0,50000.0,0.0,55.085,pass
corpus,8psk_15dB_3016,8psk,psk,15.0,fsk,50000.0,50000.0,0.0,39.795,pass
corpus,8psk_15dB_4016,8psk,psk,15.0,psk,50000.0,50000.0,0.0,56.834,pass
corpus,8psk_15dB_4016,8psk,psk,15.0,fsk,50000.0,50000.0,0.0,42.735,pass
corpus,8psk_15dB_5016,8psk,psk,15.0,psk,50000.0,50000.0,0.0,60.055,pass
corpus,8psk_15dB_5016,8psk,psk,15.0,fsk,50000.0,50000.0,0.0,42.802,pass
corpus,8psk_15dB_6016,8psk,psk,15.0,psk,50000.0,50000.0,0.0,59.672,pass
corpus,8psk_15dB_6016,8psk,psk,15.0,fsk,50000.0,50000.0,0.0,41.151,pass
corpus,8psk_15dB_7016,8psk,psk,15.0,psk,50000.0,50000.0,0.0,60.631,pass
corpus,8psk_15dB_7016,8psk,psk,15.0,fsk,50000.0,50000.0,0.0,44.452,pass
corpus,8psk_15dB_8016,8psk,psk,15.0,psk,50000.0,50000.0,0.0,58.002,pass
corpus,8psk_15dB_8016,8psk,psk,15.0,fsk,50000.0,50000.0,0.0,41.565,pass
corpus,8psk_20dB_2017,8psk,psk,20.0,psk,50000.0,50000.0,0.0,69.472,pass
corpus,8psk_20dB_2017,8psk,psk,20.0,fsk,50000.0,50000.0,0.0,60.508,pass
corpus,8psk_20dB_3017,8psk,psk,20.0,psk,50000.0,50000.0,0.0,67.065,pass
corpus,8psk_20dB_3017,8psk,psk,20.0,fsk,50000.0,50000.0,0.0,55.127,pass
corpus,8psk_20dB_4017,8psk,psk,20.0,psk,50000.0,50000.0,0.0,64.321,pass
corpus,8psk_20dB_4017,8psk,psk,20.0,fsk,50000.0,50000.0,0.0,59.093,pass
corpus,8psk_20dB_5017,8psk,psk,20.0,psk,50000.0,50000.0,0.0,66.643,pass
corpus,8psk_20dB_5017,8psk,psk,20.0,fsk,50000.0,50000.0,0.0,55.901,pass
corpus,8psk_20dB_6017,8psk,psk,20.0,psk,50000.0,50000.0,0.0,65.421,pass
corpus,8psk_20dB_6017,8psk,psk,20.0,fsk,50000.0,50000.0,0.0,61.577,pass
corpus,8psk_20dB_7017,8psk,psk,20.0,psk,50000.0,50000.0,0.0,68.668,pass
corpus,8psk_20dB_7017,8psk,psk,20.0,fsk,50000.0,50000.0,0.0,54.463,pass
corpus,8psk_20dB_8017,8psk,psk,20.0,psk,50000.0,50000.0,0.0,63.979,pass
corpus,8psk_20dB_8017,8psk,psk,20.0,fsk,50000.0,50000.0,0.0,56.899,pass
corpus,8psk_4dB_2012,8psk,psk,4.0,psk,50000.0,50000.0,0.0,21.882,pass
corpus,8psk_4dB_2012,8psk,psk,4.0,fsk,50000.0,50000.0,0.0,11.747,pass
corpus,8psk_4dB_3012,8psk,psk,4.0,psk,50000.0,50000.0,0.0,23.509,pass
corpus,8psk_4dB_3012,8psk,psk,4.0,fsk,50000.0,50000.0,0.0,13.619,pass
corpus,8psk_4dB_4012,8psk,psk,4.0,psk,50000.0,50000.0,0.0,24.581,pass
corpus,8psk_4dB_4012,8psk,psk,4.0,fsk,50000.0,50000.0,0.0,15.137,pass
corpus,8psk_4dB_5012,8psk,psk,4.0,psk,50000.0,50000.0,0.0,25.036,pass
corpus,8psk_4dB_5012,8psk,psk,4.0,fsk,50000.0,50000.0,0.0,13.059,pass
corpus,8psk_4dB_6012,8psk,psk,4.0,psk,50000.0,50000.0,0.0,24.013,pass
corpus,8psk_4dB_6012,8psk,psk,4.0,fsk,50000.0,50000.0,0.0,11.5,pass
corpus,8psk_4dB_7012,8psk,psk,4.0,psk,50000.0,50000.0,0.0,23.571,pass
corpus,8psk_4dB_7012,8psk,psk,4.0,fsk,50000.0,50000.0,0.0,10.551,pass
corpus,8psk_4dB_8012,8psk,psk,4.0,psk,50000.0,50000.0,0.0,22.961,pass
corpus,8psk_4dB_8012,8psk,psk,4.0,fsk,50000.0,50000.0,0.0,12.87,pass
corpus,8psk_8dB_2013,8psk,psk,8.0,psk,50000.0,50000.0,0.0,37.492,pass
corpus,8psk_8dB_2013,8psk,psk,8.0,fsk,50000.0,50000.0,0.0,20.608,pass
corpus,8psk_8dB_3013,8psk,psk,8.0,psk,50000.0,50000.0,0.0,35.859,pass
corpus,8psk_8dB_3013,8psk,psk,8.0,fsk,50000.0,50000.0,0.0,21.161,pass
corpus,8psk_8dB_4013,8psk,psk,8.0,psk,50000.0,50000.0,0.0,37.823,pass
corpus,8psk_8dB_4013,8psk,psk,8.0,fsk,50000.0,50000.0,0.0,21.251,pass
corpus,8psk_8dB_5013,8psk,psk,8.0,psk,50000.0,50000.0,0.0,35.348,pass
corpus,8psk_8dB_5013,8psk,psk,8.0,fsk,50000.0,50000.0,0.0,21.427,pass
corpus,8psk_8dB_6013,8psk,psk,8.0,psk,50000.0,50000.0,0.0,35.029,pass
corpus,8psk_8dB_6013,8psk,psk,8.0,fsk,50000.0,50000.0,0.0,17.857,pass
corpus,8psk_8dB_7013,8psk,psk,8.0,psk,50000.0,50000.0,0.0,37.67,pass
corpus,8psk_8dB_7013,8psk,psk,8.0,fsk,50000.0,50000.0,0.0,18.739,pass
corpus,8psk_8dB_8013,8psk,psk,8.0,psk,50000.0,50000.0,0.0,37.333,pass
corpus,8psk_8dB_8013,8psk,psk,8.0,fsk,50000.0,50000.0,0.0,21.595,pass
corpus,bpsk_10dB_2002,bpsk,psk,10.0,psk,50000.0,50000.0,0.0,61.358,pass
corpus,bpsk_10dB_2002,bpsk,psk,10.0,fsk,50000.0,50000.0,0.0,37.002,pass
corpus,bpsk_10dB_3002,bpsk,psk,10.0,psk,50000.0,50000.0,0.0,66.12,pass
corpus,bpsk_10dB_3002,bpsk,psk,10.0,fsk,50000.0,50000.0,0.0,35.966,pass
corpus,bpsk_10dB_4002,bpsk,psk,10.0,psk,50000.0,50000.0,0.0,64.408,pass
corpus,bpsk_10dB_4002,bpsk,psk,10.0,fsk,50000.0,50000.0,0.0,35.142,pass
corpus,bpsk_10dB_5002,bpsk,psk,10.0,psk,50000.0,50000.0,0.0,64.163,pass
corpus,bpsk_10dB_5002,bpsk,psk,10.0,fsk,50000.0,50000.0,0.0,36.083,pass
corpus,bpsk_10dB_6002,bpsk,psk,10.0,psk,50000.0,50000.0,0.0,65.585,pass
corpus,bpsk_10dB_6002,bpsk,psk,10.0,fsk,50000.0,50000.0,0.0,38.877,pass
corpus,bpsk_10dB_7002,bpsk,psk,10.0,psk,50000.0,50000.0,0.0,64.186,pass
corpus,bpsk_10dB_7002,bpsk,psk,10.0,fsk,50000.0,50000.0,0.0,38.85,pass
corpus,bpsk_10dB_8002,bpsk,psk,10.0,psk,50000.0,50000.0,0.0,63.409,pass
corpus,bpsk_10dB_8002,bpsk,psk,10.0,fsk,50000.0,50000.0,0.0,37.243,pass
corpus,bpsk_13dB_2003,bpsk,psk,13.0,psk,50000.0,50000.0,0.0,72.907,pass
corpus,bpsk_13dB_2003,bpsk,psk,13.0,fsk,50000.0,50000.0,0.0,40.488,pass
corpus,bpsk_13dB_3003,bpsk,psk,13.0,psk,50000.0,50000.0,0.0,72.674,pass
corpus,bpsk_13dB_3003,bpsk,psk,13.0,fsk,50000.0,50000.0,0.0,39.897,pass
corpus,bpsk_13dB_4003,bpsk,psk,13.0,psk,50000.0,50000.0,0.0,74.433,pass
corpus,bpsk_13dB_4003,bpsk,psk,13.0,fsk,50000.0,50000.0,0.0,38.77,pass
corpus,bpsk_13dB_5003,bpsk,psk,13.0,psk,50000.0,50000.0,0.0,74.957,pass
corpus,bpsk_13dB_5003,bpsk,psk,13.0,fsk,50000.0,50000.0,0.0,39.033,pass
corpus,bpsk_13dB_6003,bpsk,psk,13.0,psk,50000.0,50000.0,0.0,75.634,pass
corpus,bpsk_13dB_6003,bpsk,psk,13.0,fsk,50000.0,50000.0,0.0,38.289,pass
corpus,bpsk_13dB_7003,bpsk,psk,13.0,psk,50000.0,50000.0,0.0,73.342,pass
corpus,bpsk_13dB_7003,bpsk,psk,13.0,fsk,50000.0,50000.0,0.0,38.812,pass
corpus,bpsk_13dB_8003,bpsk,psk,13.0,psk,50000.0,50000.0,0.0,77.682,pass
corpus,bpsk_13dB_8003,bpsk,psk,13.0,fsk,50000.0,50000.0,0.0,39.175,pass
corpus,bpsk_15dB_2004,bpsk,psk,15.0,psk,50000.0,50000.0,0.0,78.431,pass
corpus,bpsk_15dB_2004,bpsk,psk,15.0,fsk,50000.0,50000.0,0.0,39.444,pass
corpus,bpsk_15dB_3004,bpsk,psk,15.0,psk,50000.0,50000.0,0.0,80.761,pass
corpus,bpsk_15dB_3004,bpsk,psk,15.0,fsk,50000.0,50000.0,0.0,40.087,pass
corpus,bpsk_15dB_4004,bpsk,psk,15.0,psk,50000.0,50000.0,0.0,75.601,pass
corpus,bpsk_15dB_4004,bpsk,psk,15.0,fsk,50000.0,50000.0,0.0,38.888,pass
corpus,bpsk_15dB_5004,bpsk,psk,15.0,psk,50000.0,50000.0,0.0,77.937,pass
corpus,bpsk_15dB_5004,bpsk,psk,15.0,fsk,50000.0,50000.0,0.0,39.898,pass
corpus,bpsk_15dB_6004,bpsk,psk,15.0,psk,50000.0,50000.0,0.0,78.512,pass
corpus,bpsk_15dB_6004,bpsk,psk,15.0,fsk,50000.0,50000.0,0.0,39.544,pass
corpus,bpsk_15dB_7004,bpsk,psk,15.0,psk,50000.0,50000.0,0.0,79.084,pass
corpus,bpsk_15dB_7004,bpsk,psk,15.0,fsk,50000.0,50000.0,0.0,39.575,pass
corpus,bpsk_15dB_8004,bpsk,psk,15.0,psk,50000.0,50000.0,0.0,78.032,pass
corpus,bpsk_15dB_8004,bpsk,psk,15.0,fsk,50000.0,50000.0,0.0,40.076,pass
corpus,bpsk_20dB_2005,bpsk,psk,20.0,psk,50000.0,50000.0,0.0,87.798,pass
corpus,bpsk_20dB_2005,bpsk,psk,20.0,fsk,50000.0,50000.0,0.0,38.349,pass
corpus,bpsk_20dB_3005,bpsk,psk,20.0,psk,50000.0,50000.0,0.0,83.256,pass
corpus,bpsk_20dB_3005,bpsk,psk,20.0,fsk,50000.0,50000.0,0.0,38.2,pass
corpus,bpsk_20dB_4005,bpsk,psk,20.0,psk,50000.0,50000.0,0.0,85.38,pass
corpus,bpsk_20dB_4005,bpsk,psk,20.0,fsk,50000.0,50000.0,0.0,37.572,pass
corpus,bpsk_20dB_5005,bpsk,psk,20.0,psk,50000.0,50000.0,0.0,83.814,pass
corpus,bpsk_20dB_5005,bpsk,psk,20.0,fsk,50000.0,50000.0,0.0,35.776,pass
corpus,bpsk_20dB_6005,bpsk,psk,20.0,psk,50000.0,50000.0,0.0,86.096,pass
corpus,bpsk_20dB_6005,bpsk,psk,20.0,fsk,50000.0,50000.0,0.0,37.989,pass
corpus,bpsk_20dB_7005,bpsk,psk,20.0,psk,50000.0,50000.0,0.0,85.227,pass
corpus,bpsk_20dB_7005,bpsk,psk,20.0,fsk,50000.0,50000.0,0.0,35.777,pass
corpus,bpsk_20dB_8005,bpsk,psk,20.0,psk,50000.0,50000.0,0.0,87.363,pass
corpus,bpsk_20dB_8005,bpsk,psk,20.0,fsk,50000.0,50000.0,0.0,37.659,pass
corpus,bpsk_4dB_2000,bpsk,psk,4.0,psk,50000.0,50000.0,0.0,40.215,pass
corpus,bpsk_4dB_2000,bpsk,psk,4.0,fsk,50000.0,50000.0,0.0,23.907,pass
corpus,bpsk_4dB_3000,bpsk,psk,4.0,psk,50000.0,50000.0,0.0,37.816,pass
corpus,bpsk_4dB_3000,bpsk,psk,4.0,fsk,50000.0,50000.0,0.0,22.854,pass
corpus,bpsk_4dB_4000,bpsk,psk,4.0,psk,50000.0,50000.0,0.0,39.53,pass
corpus,bpsk_4dB_4000,bpsk,psk,4.0,fsk,50000.0,50000.0,0.0,23.395,pass
corpus,bpsk_4dB_5000,bpsk,psk,4.0,psk,50000.0,50000.0,0.0,40.188,pass
corpus,bpsk_4dB_5000,bpsk,psk,4.0,fsk,50000.0,50000.0,0.0,23.743,pass
corpus,bpsk_4dB_6000,bpsk,psk,4.0,psk,50000.0,50000.0,0.0,37.373,pass
corpus,bpsk_4dB_6000,bpsk,psk,4.0,fsk,50000.0,50000.0,0.0,24.87,pass
corpus,bpsk_4dB_7000,bpsk,psk,4.0,psk,50000.0,50000.0,0.0,39.671,pass
corpus,bpsk_4dB_7000,bpsk,psk,4.0,fsk,50000.0,50000.0,0.0,23.191,pass
corpus,bpsk_4dB_8000,bpsk,psk,4.0,psk,50000.0,50000.0,0.0,40.783,pass
corpus,bpsk_4dB_8000,bpsk,psk,4.0,fsk,50000.0,50000.0,0.0,22.11,pass
corpus,bpsk_8dB_2001,bpsk,psk,8.0,psk,50000.0,50000.0,0.0,57.388,pass
corpus,bpsk_8dB_2001,bpsk,psk,8.0,fsk,50000.0,50000.0,0.0,33.988,pass
corpus,bpsk_8dB_3001,bpsk,psk,8.0,psk,50000.0,50000.0,0.0,54.214,pass
corpus,bpsk_8dB_3001,bpsk,psk,8.0,fsk,50000.0,50000.0,0.0,33.997,pass
corpus,bpsk_8dB_4001,bpsk,psk,8.0,psk,50000.0,50000.0,0.0,56.088,pass
corpus,bpsk_8dB_4001,bpsk,psk,8.0,fsk,50000.0,50000.0,0.0,32.708,pass
corpus,bpsk_8dB_5001,bpsk,psk,8.0,psk,50000.0,50000.0,0.0,55.878,pass
corpus,bpsk_8dB_5001,bpsk,psk,8.0,fsk,50000.0,50000.0,0.0,34.474,pass
corpus,bpsk_8dB_6001,bpsk,psk,8.0,psk,50000.0,50000.0,0.0,56.336,pass
corpus,bpsk_8dB_6001,bpsk,psk,8.0,fsk,50000.0,50000.0,0.0,33.913,pass
corpus,bpsk_8dB_7001,bpsk,psk,8.0,psk,50000.0,50000.0,0.0,56.195,pass
corpus,bpsk_8dB_7001,bpsk,psk,8.0,fsk,50000.0,50000.0,0.0,32.409,pass
corpus,bpsk_8dB_8001,bpsk,psk,8.0,psk,50000.0,50000.0,0.0,55.672,pass
corpus,bpsk_8dB_8001,bpsk,psk,8.0,fsk,50000.0,50000.0,0.0,34.633,pass
corpus,qpsk_10dB_2008,qpsk,psk,10.0,psk,50000.0,50000.0,0.0,53.027,pass
corpus,qpsk_10dB_2008,qpsk,psk,10.0,fsk,50000.0,50000.0,0.0,31.572,pass
corpus,qpsk_10dB_3008,qpsk,psk,10.0,psk,50000.0,50000.0,0.0,55.255,pass
corpus,qpsk_10dB_3008,qpsk,psk,10.0,fsk,50000.0,50000.0,0.0,29.456,pass
corpus,qpsk_10dB_4008,qpsk,psk,10.0,psk,50000.0,50000.0,0.0,53.018,pass
corpus,qpsk_10dB_4008,qpsk,psk,10.0,fsk,50000.0,50000.0,0.0,30.997,pass
corpus,qpsk_10dB_5008,qpsk,psk,10.0,psk,50000.0,50000.0,0.0,51.562,pass
corpus,qpsk_10dB_5008,qpsk,psk,10.0,fsk,50000.0,50000.0,0.0,27.399,pass
corpus,qpsk_10dB_6008,qpsk,psk,10.0,psk,50000.0,50000.0,0.0,52.635,pass
corpus,qpsk_10dB_6008,qpsk,psk,10.0,fsk,50000.0,50000.0,0.0,29.358,pass
corpus,qpsk_10dB_7008,qpsk,psk,10.0,psk,50000.0,50000.0,0.0,53.445,pass
corpus,qpsk_10dB_7008,qpsk,psk,10.0,fsk,50000.0,50000.0,0.0,32.977,pass
corpus,qpsk_10dB_8008,qpsk,psk,10.0,psk,50000.0,50000.0,0.0,53.172,pass
corpus,qpsk_10dB_8008,qpsk,psk,10.0,fsk,50000.0,50000.0,0.0,29.335,pass
corpus,qpsk_13dB_2009,qpsk,psk,13.0,psk,50000.0,50000.0,0.0,71.231,pass
corpus,qpsk_13dB_2009,qpsk,psk,13.0,fsk,50000.0,50000.0,0.0,39.719,pass
corpus,qpsk_13dB_3009,qpsk,psk,13.0,psk,50000.0,50000.0,0.0,65.022,pass
corpus,qpsk_13dB_3009,qpsk,psk,13.0,fsk,50000.0,50000.0,0.0,39.27,pass
corpus,qpsk_13dB_4009,qpsk,psk,13.0,psk,50000.0,50000.0,0.0,65.177,pass
corpus,qpsk_13dB_4009,qpsk,psk,13.0,fsk,50000.0,50000.0,0.0,37.306,pass
corpus,qpsk_13dB_5009,qpsk,psk,13.0,psk,50000.0,50000.0,0.0,63.839,pass
corpus,qpsk_13dB_5009,qpsk,psk,13.0,fsk,50000.0,50000.0,0.0,37.636,pass
corpus,qpsk_13dB_6009,qpsk,psk,13.0,psk,50000.0,50000.0,0.0,63.362,pass
corpus,qpsk_13dB_6009,qpsk,psk,13.0,fsk,50000.0,50000.0,0.0,38.636,pass
corpus,qpsk_13dB_7009,qpsk,psk,13.0,psk,50000.0,50000.0,0.0,64.46,pass
corpus,qpsk_13dB_7009,qpsk,psk,13.0,fsk,50000.0,50000.0,0.0,38.702,pass
corpus,qpsk_13dB_8009,qpsk,psk,13.0,psk,50000.0,50000.0,0.0,64.219,pass
corpus,qpsk_13dB_8009,qpsk,psk,13.0,fsk,50000.0,50000.0,0.0,39.64,pass
corpus,qpsk_15dB_2010,qpsk,psk,15.0,psk,50000.0,50000.0,0.0,69.297,pass
corpus,qpsk_15dB_2010,qpsk,psk,15.0,fsk,50000.0,50000.0,0.0,42.274,pass
corpus,qpsk_15dB_3010,qpsk,psk,15.0,psk,50000.0,50000.0,0.0,69.816,pass
corpus,qpsk_15dB_3010,qpsk,psk,15.0,fsk,50000.0,50000.0,0.0,44.415,pass
corpus,qpsk_15dB_4010,qpsk,psk,15.0,psk,50000.0,50000.0,0.0,71.07,pass
corpus,qpsk_15dB_4010,qpsk,psk,15.0,fsk,50000.0,50000.0,0.0,44.906,pass
corpus,qpsk_15dB_5010,qpsk,psk,15.0,psk,50000.0,50000.0,0.0,74.231,pass
corpus,qpsk_15dB_5010,qpsk,psk,15.0,fsk,50000.0,50000.0,0.0,45.695,pass
corpus,qpsk_15dB_6010,qpsk,psk,15.0,psk,50000.0,50000.0,0.0,68.353,pass
corpus,qpsk_15dB_6010,qpsk,psk,15.0,fsk,50000.0,50000.0,0.0,44.024,pass
corpus,qpsk_15dB_7010,qpsk,psk,15.0,psk,50000.0,50000.0,0.0,67.015,pass
corpus,qpsk_15dB_7010,qpsk,psk,15.0,fsk,50000.0,50000.0,0.0,44.403,pass
corpus,qpsk_15dB_8010,qpsk,psk,15.0,psk,50000.0,50000.0,0.0,69.704,pass
corpus,qpsk_15dB_8010,qpsk,psk,15.0,fsk,50000.0,50000.0,0.0,45.229,pass
corpus,qpsk_20dB_2011,qpsk,psk,20.0,psk,50000.0,50000.0,0.0,80.314,pass
corpus,qpsk_20dB_2011,qpsk,psk,20.0,fsk,50000.0,50000.0,0.0,59.922,pass
corpus,qpsk_20dB_3011,qpsk,psk,20.0,psk,50000.0,50000.0,0.0,77.583,pass
corpus,qpsk_20dB_3011,qpsk,psk,20.0,fsk,50000.0,50000.0,0.0,55.355,pass
corpus,qpsk_20dB_4011,qpsk,psk,20.0,psk,50000.0,50000.0,0.0,81.235,pass
corpus,qpsk_20dB_4011,qpsk,psk,20.0,fsk,50000.0,50000.0,0.0,57.229,pass
corpus,qpsk_20dB_5011,qpsk,psk,20.0,psk,50000.0,50000.0,0.0,84.926,pass
corpus,qpsk_20dB_5011,qpsk,psk,20.0,fsk,50000.0,50000.0,0.0,58.798,pass
corpus,qpsk_20dB_6011,qpsk,psk,20.0,psk,50000.0,50000.0,0.0,83.657,pass
corpus,qpsk_20dB_6011,qpsk,psk,20.0,fsk,50000.0,50000.0,0.0,58.085,pass
corpus,qpsk_20dB_7011,qpsk,psk,20.0,psk,50000.0,50000.0,0.0,84.788,pass
corpus,qpsk_20dB_7011,qpsk,psk,20.0,fsk,50000.0,50000.0,0.0,58.558,pass
corpus,qpsk_20dB_8011,qpsk,psk,20.0,psk,50000.0,50000.0,0.0,83.05,pass
corpus,qpsk_20dB_8011,qpsk,psk,20.0,fsk,50000.0,50000.0,0.0,58.176,pass
corpus,qpsk_4dB_2006,qpsk,psk,4.0,psk,50000.0,50000.0,0.0,30.25,pass
corpus,qpsk_4dB_2006,qpsk,psk,4.0,fsk,50000.0,50000.0,0.0,13.284,pass
corpus,qpsk_4dB_3006,qpsk,psk,4.0,psk,50000.0,50000.0,0.0,30.437,pass
corpus,qpsk_4dB_3006,qpsk,psk,4.0,fsk,50000.0,50000.0,0.0,14.384,pass
corpus,qpsk_4dB_4006,qpsk,psk,4.0,psk,50000.0,50000.0,0.0,28.578,pass
corpus,qpsk_4dB_4006,qpsk,psk,4.0,fsk,50000.0,50000.0,0.0,14.176,pass
corpus,qpsk_4dB_5006,qpsk,psk,4.0,psk,50000.0,50000.0,0.0,28.764,pass
corpus,qpsk_4dB_5006,qpsk,psk,4.0,fsk,50000.0,50000.0,0.0,14.998,pass
corpus,qpsk_4dB_6006,qpsk,psk,4.0,psk,50000.0,50000.0,0.0,28.309,pass
corpus,qpsk_4dB_6006,qpsk,psk,4.0,fsk,50000.0,50000.0,0.0,12.136,pass
corpus,qpsk_4dB_7006,qpsk,psk,4.0,psk,50000.0,50000.0,0.0,30.387,pass
corpus,qpsk_4dB_7006,qpsk,psk,4.0,fsk,50000.0,50000.0,0.0,16.154,pass
corpus,qpsk_4dB_8006,qpsk,psk,4.0,psk,50000.0,50000.0,0.0,28.272,pass
corpus,qpsk_4dB_8006,qpsk,psk,4.0,fsk,50000.0,50000.0,0.0,14.029,pass
corpus,qpsk_8dB_2007,qpsk,psk,8.0,psk,50000.0,50000.0,0.0,46.062,pass
corpus,qpsk_8dB_2007,qpsk,psk,8.0,fsk,50000.0,50000.0,0.0,25.653,pass
corpus,qpsk_8dB_3007,qpsk,psk,8.0,psk,50000.0,50000.0,0.0,43.808,pass
corpus,qpsk_8dB_3007,qpsk,psk,8.0,fsk,50000.0,50000.0,0.0,23.741,pass
corpus,qpsk_8dB_4007,qpsk,psk,8.0,psk,50000.0,50000.0,0.0,44.434,pass
corpus,qpsk_8dB_4007,qpsk,psk,8.0,fsk,50000.0,50000.0,0.0,25.925,pass
corpus,qpsk_8dB_5007,qpsk,psk,8.0,psk,50000.0,50000.0,0.0,45.633,pass
corpus,qpsk_8dB_5007,qpsk,psk,8.0,fsk,50000.0,50000.0,0.0,25.352,pass
corpus,qpsk_8dB_6007,qpsk,psk,8.0,psk,50000.0,50000.0,0.0,45.487,pass
corpus,qpsk_8dB_6007,qpsk,psk,8.0,fsk,50000.0,50000.0,0.0,23.236,pass
corpus,qpsk_8dB_7007,qpsk,psk,8.0,psk,50000.0,50000.0,0.0,45.35,pass
corpus,qpsk_8dB_7007,qpsk,psk,8.0,fsk,50000.0,50000.0,0.0,25.528,pass
corpus,qpsk_8dB_8007,qpsk,psk,8.0,psk,50000.0,50000.0,0.0,46.033,pass
corpus,qpsk_8dB_8007,qpsk,psk,8.0,fsk,50000.0,50000.0,0.0,25.238,pass
noise-80000,draw0,,,,psk,67976.38,,,4.304,fail
noise-80000,draw0,,,,fsk,9384.16,,,3.631,fail
noise-80000,draw1,,,,psk,10041.81,,,3.685,fail
noise-80000,draw1,,,,fsk,6649.78,,,3.462,fail
noise-80000,draw2,,,,psk,66566.47,,,3.944,fail
noise-80000,draw2,,,,fsk,66157.53,,,4.477,fail
noise-80000,draw3,,,,psk,16799.93,,,3.781,fail
noise-80000,draw3,,,,fsk,7156.37,,,3.505,fail
noise-80000,draw4,,,,psk,37368.77,,,3.93,fail
noise-80000,draw4,,,,fsk,28297.42,,,3.608,fail
noise-80000,draw5,,,,psk,9088.13,,,3.845,fail
noise-80000,draw5,,,,fsk,1344.3,,,3.854,fail
noise-80000,draw6,,,,psk,12519.84,,,3.906,fail
noise-80000,draw6,,,,fsk,15287.78,,,3.807,fail
noise-80000,draw7,,,,psk,888.06,,,4.022,fail
noise-80000,draw7,,,,fsk,4647.83,,,3.959,fail
noise-80000,draw8,,,,psk,23985.29,,,3.825,fail
noise-80000,draw8,,,,fsk,9010.31,,,3.954,fail
noise-80000,draw9,,,,psk,1333.62,,,3.727,fail
noise-80000,draw9,,,,fsk,9829.71,,,4.067,fail
noise-80000,draw10,,,,psk,64041.14,,,4.162,fail
noise-80000,draw10,,,,fsk,38861.08,,,4.177,fail
noise-80000,draw11,,,,psk,72236.63,,,3.659,fail
noise-80000,draw11,,,,fsk,2137.76,,,4.092,fail
noise-80000,draw12,,,,psk,53625.49,,,4.149,fail
noise-80000,draw12,,,,fsk,1841.74,,,3.75,fail
noise-80000,draw13,,,,psk,24118.04,,,3.957,fail
noise-80000,draw13,,,,fsk,23112.49,,,4.049,fail
noise-80000,draw14,,,,psk,58723.45,,,3.9,fail
noise-80000,draw14,,,,fsk,13908.39,,,4.014,fail
noise-80000,draw15,,,,psk,8091.74,,,4.157,fail
noise-80000,draw15,,,,fsk,12754.82,,,3.861,fail
noise-80000,draw16,,,,psk,78723.14,,,4.274,fail
noise-80000,draw16,,,,fsk,38024.9,,,4.075,fail
noise-80000,draw17,,,,psk,33479.31,,,4.048,fail
noise-80000,draw17,,,,fsk,3709.41,,,3.311,fail
noise-80000,draw18,,,,psk,51261.9,,,4.204,fail
noise-80000,draw18,,,,fsk,34196.47,,,4.393,fail
noise-80000,draw19,,,,psk,19529.72,,,4.094,fail
noise-80000,draw19,,,,fsk,59561.16,,,4.298,fail
noise-80000,draw20,,,,psk,30412.29,,,3.734,fail
noise-80000,draw20,,,,fsk,3657.53,,,3.382,fail
noise-80000,draw21,,,,psk,54190.06,,,3.97,fail
noise-80000,draw21,,,,fsk,3260.8,,,3.895,fail
noise-80000,draw22,,,,psk,46865.84,,,3.75,fail
noise-80000,draw22,,,,fsk,4278.56,,,3.673,fail
noise-80000,draw23,,,,psk,50349.43,,,3.688,fail
noise-80000,draw23,,,,fsk,36936.95,,,4.047,fail
noise-80000,draw24,,,,psk,45864.87,,,3.992,fail
noise-80000,draw24,,,,fsk,8964.54,,,3.634,fail
noise-80000,draw25,,,,psk,41610.72,,,4.091,fail
noise-80000,draw25,,,,fsk,8544.92,,,3.657,fail
noise-80000,draw26,,,,psk,67419.43,,,3.978,fail
noise-80000,draw26,,,,fsk,8615.11,,,3.724,fail
noise-80000,draw27,,,,psk,68447.88,,,3.719,fail
noise-80000,draw27,,,,fsk,16677.86,,,4.226,fail
noise-80000,draw28,,,,psk,24958.8,,,3.605,fail
noise-80000,draw28,,,,fsk,13201.9,,,4.077,fail
noise-80000,draw29,,,,psk,12974.55,,,3.642,fail
noise-80000,draw29,,,,fsk,7215.88,,,3.621,fail
noise-80000,draw30,,,,psk,16346.74,,,4.152,fail
noise-80000,draw30,,,,fsk,10607.91,,,3.674,fail
noise-80000,draw31,,,,psk,78575.13,,,3.868,fail
noise-80000,draw31,,,,fsk,10008.24,,,3.865,fail
noise-80000,draw32,,,,psk,76144.41,,,4.504,unknown
noise-80000,draw32,,,,fsk,3399.66,,,3.825,fail
noise-80000,draw33,,,,psk,51179.5,,,4.192,fail
noise-80000,draw33,,,,fsk,39776.61,,,3.89,fail
noise-80000,draw34,,,,psk,78817.75,,,3.938,fail
noise-80000,draw34,,,,fsk,650.02,,,3.667,fail
noise-80000,draw35,,,,psk,17123.41,,,4.412,fail
noise-80000,draw35,,,,fsk,4437.26,,,3.552,fail
noise-80000,draw36,,,,psk,35708.62,,,3.623,fail
noise-80000,draw36,,,,fsk,3553.77,,,4.339,fail
noise-80000,draw37,,,,psk,43882.75,,,4.727,unknown
noise-80000,draw37,,,,fsk,1226.81,,,3.625,fail
noise-80000,draw38,,,,psk,16581.73,,,3.836,fail
noise-80000,draw38,,,,fsk,13417.05,,,3.503,fail
noise-80000,draw39,,,,psk,3666.69,,,3.868,fail
noise-80000,draw39,,,,fsk,10928.34,,,3.564,fail
noise-80000,draw40,,,,psk,53662.11,,,3.98,fail
noise-80000,draw40,,,,fsk,901.79,,,3.726,fail
noise-80000,draw41,,,,psk,71154.79,,,4.185,fail
noise-80000,draw41,,,,fsk,6260.68,,,4.073,fail
noise-80000,draw42,,,,psk,11859.13,,,4.145,fail
noise-80000,draw42,,,,fsk,6205.75,,,4.318,fail
noise-80000,draw43,,,,psk,43431.09,,,3.844,fail
noise-80000,draw43,,,,fsk,1280.21,,,3.574,fail
noise-80000,draw44,,,,psk,16429.14,,,3.811,fail
noise-80000,draw44,,,,fsk,1828.0,,,3.393,fail
noise-80000,draw45,,,,psk,72888.18,,,4.071,fail
noise-80000,draw45,,,,fsk,37637.33,,,4.346,fail
noise-80000,draw46,,,,psk,19390.87,,,3.964,fail
noise-80000,draw46,,,,fsk,5995.18,,,3.841,fail
noise-80000,draw47,,,,psk,54592.9,,,3.996,fail
noise-80000,draw47,,,,fsk,14741.52,,,3.781,fail
noise-80000,draw48,,,,psk,5140.69,,,3.797,fail
noise-80000,draw48,,,,fsk,6530.76,,,3.544,fail
noise-80000,draw49,,,,psk,58673.1,,,4.542,unknown
noise-80000,draw49,,,,fsk,18058.78,,,4.019,fail
noise-80000,draw50,,,,psk,54542.54,,,4.199,fail
noise-80000,draw50,,,,fsk,2365.11,,,4.019,fail
noise-80000,draw51,,,,psk,63806.15,,,4.368,fail
noise-80000,draw51,,,,fsk,2099.61,,,3.333,fail
noise-80000,draw52,,,,psk,5596.92,,,4.207,fail
noise-80000,draw52,,,,fsk,3800.96,,,3.783,fail
noise-80000,draw53,,,,psk,47727.97,,,3.891,fail
noise-80000,draw53,,,,fsk,19906.62,,,4.067,fail
noise-80000,draw54,,,,psk,65740.97,,,4.393,fail
noise-80000,draw54,,,,fsk,61091.61,,,4.061,fail
noise-80000,draw55,,,,psk,44950.87,,,4.336,fail
noise-80000,draw55,,,,fsk,8442.69,,,3.802,fail
noise-80000,draw56,,,,psk,17597.96,,,4.073,fail
noise-80000,draw56,,,,fsk,3790.28,,,3.334,fail
noise-80000,draw57,,,,psk,52214.05,,,4.119,fail
noise-80000,draw57,,,,fsk,1570.13,,,3.814,fail
noise-80000,draw58,,,,psk,24177.55,,,3.803,fail
noise-80000,draw58,,,,fsk,11462.4,,,3.594,fail
noise-80000,draw59,,,,psk,71394.35,,,4.012,fail
noise-80000,draw59,,,,fsk,3923.03,,,4.096,fail
noise-80000,draw60,,,,psk,32057.19,,,4.085,fail
noise-80000,draw60,,,,fsk,21195.98,,,4.323,fail
noise-80000,draw61,,,,psk,42457.58,,,4.155,fail
noise-80000,draw61,,,,fsk,35249.33,,,4.194,fail
noise-80000,draw62,,,,psk,56477.36,,,4.138,fail
noise-80000,draw62,,,,fsk,9829.71,,,3.827,fail
noise-80000,draw63,,,,psk,12600.71,,,4.033,fail
noise-80000,draw63,,,,fsk,12440.49,,,3.511,fail
noise-200000,draw0,,,,psk,71920.78,,,4.153,fail
noise-200000,draw0,,,,fsk,6288.91,,,3.923,fail
noise-200000,draw1,,,,psk,26154.33,,,4.802,unknown
noise-200000,draw1,,,,fsk,33704.38,,,4.51,unknown
noise-200000,draw2,,,,psk,69264.98,,,4.274,fail
noise-200000,draw2,,,,fsk,8454.9,,,4.479,fail
noise-200000,draw3,,,,psk,65799.71,,,3.99,fail
noise-200000,draw3,,,,fsk,7251.74,,,3.709,fail
noise-200000,draw4,,,,psk,21589.66,,,4.34,fail
noise-200000,draw4,,,,fsk,2174.38,,,3.881,fail
noise-200000,draw5,,,,psk,795.75,,,4.143,fail
noise-200000,draw5,,,,fsk,5329.13,,,3.546,fail
noise-200000,draw6,,,,psk,17089.08,,,3.998,fail
noise-200000,draw6,,,,fsk,8318.33,,,3.922,fail
noise-200000,draw7,,,,psk,18139.65,,,3.977,fail
noise-200000,draw7,,,,fsk,2998.35,,,3.772,fail
noise-200000,draw8,,,,psk,27623.75,,,3.976,fail
noise-200000,draw8,,,,fsk,2688.6,,,3.941,fail
noise-200000,draw9,,,,psk,39489.75,,,3.877,fail
noise-200000,draw9,,,,fsk,13874.05,,,4.012,fail
noise-200000,draw10,,,,psk,63668.06,,,4.785,unknown
noise-200000,draw10,,,,fsk,4101.56,,,3.6,fail
noise-200000,draw11,,,,psk,37189.48,,,4.16,fail
noise-200000,draw11,,,,fsk,12984.47,,,4.415,fail
noise-200000,draw12,,,,psk,9512.33,,,4.068,fail
noise-200000,draw12,,,,fsk,3678.13,,,4.041,fail
noise-200000,draw13,,,,psk,22681.43,,,4.12,fail
noise-200000,draw13,,,,fsk,11296.08,,,4.204,fail
noise-200000,draw14,,,,psk,29891.2,,,3.906,fail
noise-200000,draw14,,,,fsk,4532.62,,,3.636,fail
noise-200000,draw15,,,,psk,34238.43,,,3.945,fail
noise-200000,draw15,,,,fsk,702.67,,,3.649,fail
noise-200000,draw16,,,,psk,53744.51,,,4.392,fail
noise-200000,draw16,,,,fsk,14381.41,,,3.731,fail
noise-200000,draw17,,,,psk,62048.34,,,4.025,fail
noise-200000,draw17,,,,fsk,14551.54,,,3.841,fail
noise-200000,draw18,,,,psk,5501.56,,,4.191,fail
noise-200000,draw18,,,,fsk,64162.45,,,4.849,unknown
noise-200000,draw19,,,,psk,69323.73,,,4.348,fail
noise-200000,draw19,,,,fsk,17665.86,,,4.239,fail
noise-200000,draw20,,,,psk,4677.58,,,4.469,fail
noise-200000,draw20,,,,fsk,10208.13,,,4.075,fail
noise-200000,draw21,,,,psk,65779.11,,,4.399,fail
noise-200000,draw21,,,,fsk,7138.06,,,3.914,fail
noise-200000,draw22,,,,psk,73470.31,,,4.524,unknown
noise-200000,draw22,,,,fsk,4717.25,,,4.025,fail
noise-200000,draw23,,,,psk,28372.19,,,4.264,fail
noise-200000,draw23,,,,fsk,2948.0,,,3.636,fail
noise-200000,draw24,,,,psk,64946.75,,,4.426,fail
noise-200000,draw24,,,,fsk,710.3,,,3.55,fail
noise-200000,draw25,,,,psk,70731.35,,,3.914,fail
noise-200000,draw25,,,,fsk,1679.23,,,3.784,fail
noise-200000,draw26,,,,psk,37774.66,,,4.603,unknown
noise-200000,draw26,,,,fsk,6620.03,,,3.679,fail
noise-200000,draw27,,,,psk,18818.66,,,4.345,fail
noise-200000,draw27,,,,fsk,5801.39,,,3.8,fail
noise-200000,draw28,,,,psk,26844.79,,,4.719,unknown
noise-200000,draw28,,,,fsk,19953.92,,,4.056,fail
noise-200000,draw29,,,,psk,57321.93,,,4.03,fail
noise-200000,draw29,,,,fsk,7262.42,,,3.674,fail
noise-200000,draw30,,,,psk,24765.01,,,4.289,fail
noise-200000,draw30,,,,fsk,1702.88,,,3.63,fail
noise-200000,draw31,,,,psk,48426.06,,,4.397,fail
noise-200000,draw31,,,,fsk,66954.8,,,4.367,fail
noise-200000,draw32,,,,psk,20745.85,,,4.204,fail
noise-200000,draw32,,,,fsk,13492.58,,,3.914,fail
noise-200000,draw33,,,,psk,67482.76,,,4.559,unknown
noise-200000,draw33,,,,fsk,24082.18,,,4.355,fail
noise-200000,draw34,,,,psk,57479.1,,,4.093,fail
noise-200000,draw34,,,,fsk,2902.98,,,3.653,fail
noise-200000,draw35,,,,psk,14026.64,,,4.181,fail
noise-200000,draw35,,,,fsk,4155.73,,,3.636,fail
noise-200000,draw36,,,,psk,24957.28,,,4.432,fail
noise-200000,draw36,,,,fsk,2312.47,,,3.934,fail
noise-200000,draw37,,,,psk,58494.57,,,4.263,fail
noise-200000,draw37,,,,fsk,341.03,,,3.983,fail
noise-200000,draw38,,,,psk,19804.38,,,4.151,fail
noise-200000,draw38,,,,fsk,58164.98,,,4.759,unknown
noise-200000,draw39,,,,psk,24055.48,,,4.272,fail
noise-200000,draw39,,,,fsk,42362.21,,,4.552,unknown
noise-200000,draw40,,,,psk,18834.69,,,4.38,fail
noise-200000,draw40,,,,fsk,2348.33,,,3.655,fail
noise-200000,draw41,,,,psk,23490.14,,,3.844,fail
noise-200000,draw41,,,,fsk,2548.98,,,4.315,fail
noise-200000,draw42,,,,psk,40992.74,,,4.387,fail
noise-200000,draw42,,,,fsk,14748.38,,,4.112,fail
noise-200000,draw43,,,,psk,28789.52,,,3.969,fail
noise-200000,draw43,,,,fsk,10727.69,,,3.647,fail
noise-200000,draw44,,,,psk,47018.43,,,4.425,fail
noise-200000,draw44,,,,fsk,289.15,,,3.948,fail
noise-200000,draw45,,,,psk,41822.81,,,4.577,unknown
noise-200000,draw45,,,,fsk,1761.63,,,3.846,fail
noise-200000,draw46,,,,psk,21759.03,,,4.189,fail
noise-200000,draw46,,,,fsk,4058.07,,,3.705,fail
noise-200000,draw47,,,,psk,8559.42,,,3.914,fail
noise-200000,draw47,,,,fsk,5379.49,,,3.613,fail
noise-200000,draw48,,,,psk,64306.64,,,4.018,fail
noise-200000,draw48,,,,fsk,20584.87,,,4.004,fail
noise-200000,draw49,,,,psk,59703.06,,,3.964,fail
noise-200000,draw49,,,,fsk,15756.99,,,4.227,fail
noise-200000,draw50,,,,psk,64639.28,,,4.215,fail
noise-200000,draw50,,,,fsk,9564.21,,,4.166,fail
noise-200000,draw51,,,,psk,29921.72,,,4.22,fail
noise-200000,draw51,,,,fsk,7463.84,,,4.111,fail
noise-200000,draw52,,,,psk,33845.52,,,4.016,fail
noise-200000,draw52,,,,fsk,5820.47,,,4.117,fail
noise-200000,draw53,,,,psk,5988.31,,,4.291,fail
noise-200000,draw53,,,,fsk,7558.44,,,3.681,fail
noise-200000,draw54,,,,psk,6349.95,,,4.093,fail
noise-200000,draw54,,,,fsk,7145.69,,,3.728,fail
noise-200000,draw55,,,,psk,46800.99,,,4.087,fail
noise-200000,draw55,,,,fsk,51268.77,,,4.14,fail
noise-200000,draw56,,,,psk,18648.53,,,4.039,fail
noise-200000,draw56,,,,fsk,3694.92,,,4.071,fail
noise-200000,draw57,,,,psk,20576.48,,,4.092,fail
noise-200000,draw57,,,,fsk,9934.23,,,3.765,fail
noise-200000,draw58,,,,psk,41052.25,,,4.015,fail
noise-200000,draw58,,,,fsk,8303.83,,,3.664,fail
noise-200000,draw59,,,,psk,47055.05,,,4.381,fail
noise-200000,draw59,,,,fsk,1252.75,,,4.061,fail
noise-200000,draw60,,,,psk,48860.93,,,4.083,fail
noise-200000,draw60,,,,fsk,48493.96,,,4.568,unknown
noise-200000,draw61,,,,psk,39376.83,,,4.191,fail
noise-200000,draw61,,,,fsk,765.23,,,3.654,fail
noise-200000,draw62,,,,psk,1744.08,,,4.097,fail
noise-200000,draw62,,,,fsk,7707.21,,,3.984,fail
noise-200000,draw63,,,,psk,37890.62,,,4.303,fail
noise-200000,draw63,,,,fsk,16613.01,,,4.304,fail
noise-640000,draw0,,,,psk,79459.38,,,2.636,fail
noise-640000,draw0,,,,fsk,4434.2,,,2.355,fail
noise-640000,draw1,,,,psk,45698.55,,,2.476,fail
noise-640000,draw1,,,,fsk,12683.11,,,2.541,fail
noise-640000,draw2,,,,psk,21740.72,,,2.597,fail
noise-640000,draw2,,,,fsk,987.24,,,2.527,fail
noise-640000,draw3,,,,psk,27223.21,,,2.809,fail
noise-640000,draw3,,,,fsk,5305.48,,,2.543,fail
noise-640000,draw4,,,,psk,4416.66,,,2.555,fail
noise-640000,draw4,,,,fsk,10756.68,,,2.64,fail
noise-640000,draw5,,,,psk,47381.59,,,2.431,fail
noise-640000,draw5,,,,fsk,25900.27,,,2.674,fail
noise-640000,draw6,,,,psk,34378.81,,,2.594,fail
noise-640000,draw6,,,,fsk,48577.88,,,2.667,fail
noise-640000,draw7,,,,psk,62458.04,,,2.481,fail
noise-640000,draw7,,,,fsk,1743.32,,,2.793,fail
noise-640000,draw8,,,,psk,8313.75,,,2.587,fail
noise-640000,draw8,,,,fsk,12342.83,,,2.412,fail
noise-640000,draw9,,,,psk,42610.17,,,2.831,fail
noise-640000,draw9,,,,fsk,7596.59,,,2.389,fail
noise-640000,draw10,,,,psk,14111.33,,,2.453,fail
noise-640000,draw10,,,,fsk,17657.47,,,2.597,fail
noise-640000,draw11,,,,psk,51969.91,,,2.519,fail
noise-640000,draw11,,,,fsk,14120.48,,,2.475,fail
noise-640000,draw12,,,,psk,33535.77,,,2.701,fail
noise-640000,draw12,,,,fsk,5571.75,,,2.421,fail
noise-640000,draw13,,,,psk,49674.22,,,2.419,fail
noise-640000,draw13,,,,fsk,13447.57,,,2.478,fail
noise-640000,draw14,,,,psk,40184.02,,,2.496,fail
noise-640000,draw14,,,,fsk,13920.59,,,2.718,fail
noise-640000,draw15,,,,psk,59970.86,,,2.588,fail
noise-640000,draw15,,,,fsk,13218.69,,,2.601,fail
noise-640000,draw16,,,,psk,18005.37,,,2.535,fail
noise-640000,draw16,,,,fsk,48376.46,,,2.621,fail
noise-640000,draw17,,,,psk,2140.05,,,2.535,fail
noise-640000,draw17,,,,fsk,3405.0,,,2.464,fail
noise-640000,draw18,,,,psk,35099.79,,,2.516,fail
noise-640000,draw18,,,,fsk,3337.1,,,2.359,fail
noise-640000,draw19,,,,psk,76564.79,,,2.741,fail
noise-640000,draw19,,,,fsk,1963.04,,,2.39,fail
noise-640000,draw20,,,,psk,74862.67,,,2.794,fail
noise-640000,draw20,,,,fsk,2060.7,,,2.396,fail
noise-640000,draw21,,,,psk,64969.64,,,2.593,fail
noise-640000,draw21,,,,fsk,5659.48,,,2.385,fail
noise-640000,draw22,,,,psk,46507.26,,,2.465,fail
noise-640000,draw22,,,,fsk,2280.43,,,2.378,fail
noise-640000,draw23,,,,psk,4759.22,,,2.389,fail
noise-640000,draw23,,,,fsk,4185.49,,,2.358,fail
noise-640000,draw24,,,,psk,56105.8,,,2.634,fail
noise-640000,draw24,,,,fsk,862.12,,,2.387,fail
noise-640000,draw25,,,,psk,45628.36,,,2.697,fail
noise-640000,draw25,,,,fsk,14174.65,,,2.62,fail
noise-640000,draw26,,,,psk,62808.99,,,2.529,fail
noise-640000,draw26,,,,fsk,8582.31,,,2.321,fail
noise-640000,draw27,,,,psk,39389.8,,,2.616,fail
noise-640000,draw27,,,,fsk,7717.9,,,2.434,fail
noise-640000,draw28,,,,psk,19910.43,,,2.595,fail
noise-640000,draw28,,,,fsk,1594.54,,,2.249,fail
noise-640000,draw29,,,,psk,48091.89,,,2.752,fail
noise-640000,draw29,,,,fsk,11164.86,,,2.602,fail
noise-640000,draw30,,,,psk,47674.56,,,2.589,fail
noise-640000,draw30,,,,fsk,6584.17,,,2.377,fail
noise-640000,draw31,,,,psk,35307.31,,,2.547,fail
noise-640000,draw31,,,,fsk,1644.13,,,2.432,fail
noise-640000,draw32,,,,psk,30614.47,,,2.643,fail
noise-640000,draw32,,,,fsk,4255.68,,,2.346,fail
noise-640000,draw33,,,,psk,47512.05,,,2.598,fail
noise-640000,draw33,,,,fsk,3163.15,,,2.488,fail
noise-640000,draw34,,,,psk,45166.02,,,2.393,fail
noise-640000,draw34,,,,fsk,5742.65,,,2.44,fail
noise-640000,draw35,,,,psk,9512.33,,,2.557,fail
noise-640000,draw35,,,,fsk,7635.5,,,2.442,fail
noise-640000,draw36,,,,psk,49945.07,,,2.657,fail
noise-640000,draw36,,,,fsk,486.76,,,2.446,fail
noise-640000,draw37,,,,psk,59931.95,,,2.489,fail
noise-640000,draw37,,,,fsk,23560.33,,,2.572,fail
noise-640000,draw38,,,,psk,41963.96,,,2.631,fail
noise-640000,draw38,,,,fsk,8460.24,,,2.526,fail
noise-640000,draw39,,,,psk,17871.09,,,2.774,fail
noise-640000,draw39,,,,fsk,2584.08,,,2.392,fail
noise-640000,draw40,,,,psk,65584.56,,,2.789,fail
noise-640000,draw40,,,,fsk,15747.83,,,2.603,fail
noise-640000,draw41,,,,psk,26495.36,,,2.642,fail
noise-640000,draw41,,,,fsk,124.36,,,2.291,fail
noise-640000,draw42,,,,psk,77582.55,,,2.712,fail
noise-640000,draw42,,,,fsk,8982.85,,,2.42,fail
noise-640000,draw43,,,,psk,8625.79,,,2.591,fail
noise-640000,draw43,,,,fsk,5255.89,,,2.405,fail
noise-640000,draw44,,,,psk,31983.95,,,2.549,fail
noise-640000,draw44,,,,fsk,864.41,,,2.464,fail
noise-640000,draw45,,,,psk,69981.38,,,2.739,fail
noise-640000,draw45,,,,fsk,19691.47,,,2.567,fail
noise-640000,draw46,,,,psk,21160.89,,,2.584,fail
noise-640000,draw46,,,,fsk,189.21,,,2.354,fail
noise-640000,draw47,,,,psk,47001.65,,,2.736,fail
noise-640000,draw47,,,,fsk,2851.1,,,2.399,fail
noise-640000,draw48,,,,psk,15196.99,,,2.489,fail
noise-640000,draw48,,,,fsk,5238.34,,,2.416,fail
noise-640000,draw49,,,,psk,62116.24,,,2.617,fail
noise-640000,draw49,,,,fsk,13473.51,,,2.492,fail
noise-640000,draw50,,,,psk,17735.29,,,2.647,fail
noise-640000,draw50,,,,fsk,8028.41,,,2.515,fail
noise-640000,draw51,,,,psk,22897.34,,,2.416,fail
noise-640000,draw51,,,,fsk,46472.17,,,2.698,fail
noise-640000,draw52,,,,psk,5752.56,,,2.619,fail
noise-640000,draw52,,,,fsk,231.17,,,2.583,fail
noise-640000,draw53,,,,psk,30377.96,,,2.564,fail
noise-640000,draw53,,,,fsk,5586.24,,,2.322,fail
noise-640000,draw54,,,,psk,55589.29,,,2.619,fail
noise-640000,draw54,,,,fsk,1358.8,,,2.383,fail
noise-640000,draw55,,,,psk,59967.8,,,2.764,fail
noise-640000,draw55,,,,fsk,16873.93,,,2.502,fail
noise-640000,draw56,,,,psk,19264.22,,,2.748,fail
noise-640000,draw56,,,,fsk,5958.56,,,2.659,fail
noise-640000,draw57,,,,psk,64412.69,,,2.616,fail
noise-640000,draw57,,,,fsk,4984.28,,,2.422,fail
noise-640000,draw58,,,,psk,42504.88,,,2.592,fail
noise-640000,draw58,,,,fsk,6906.13,,,2.907,fail
noise-640000,draw59,,,,psk,52308.65,,,2.524,fail
noise-640000,draw59,,,,fsk,3150.18,,,2.508,fail
noise-640000,draw60,,,,psk,17971.04,,,2.471,fail
noise-640000,draw60,,,,fsk,4376.98,,,2.524,fail
noise-640000,draw61,,,,psk,42960.36,,,2.557,fail
noise-640000,draw61,,,,fsk,257.11,,,2.366,fail
noise-640000,draw62,,,,psk,37449.65,,,2.707,fail
noise-640000,draw62,,,,fsk,344.85,,,2.271,fail
noise-640000,draw63,,,,psk,18225.1,,,2.733,fail
noise-640000,draw63,,,,fsk,11026.0,,,2.42,fail
